# Exported from Prisma3D v3.2.7
o # Made with Prisma3D
o Jake Taller
g Jake Taller
o jake_Mesh
g jake_Mesh
o jake_head
g jake_head
o avatar_Template
g avatar_Template
o Root
g Root
o Root_jnt
g Root_jnt
o R_Leg_jnt
g R_Leg_jnt
o R_Knee_jnt
g R_Knee_jnt
o R_Foot_jnt
g R_Foot_jnt
o R_Toes_jnt
g R_Toes_jnt
o R_Toes_jnt_end
g R_Toes_jnt_end
o LowerSpine_jnt
g LowerSpine_jnt
o R_Clavicle_jnt
g R_Clavicle_jnt
o R_Shoulder_jnt
g R_Shoulder_jnt
o R_Elbow_jnt
g R_Elbow_jnt
o R_Hand_jnt
g R_Hand_jnt
o R_Thumb_jnt
g R_Thumb_jnt
o R_Thumb_jnt_end
g R_Thumb_jnt_end
o R_Index_jnt
g R_Index_jnt
o R_Index_jnt_end
g R_Index_jnt_end
o R_HandTip_jnt
g R_HandTip_jnt
o R_HandTip_jnt_end
g R_HandTip_jnt_end
o L_Clavicle_jnt
g L_Clavicle_jnt
o L_Shoulder_jnt
g L_Shoulder_jnt
o L_Elbow_jnt
g L_Elbow_jnt
o L_Hand_jnt
g L_Hand_jnt
o L_Thumb_jnt
g L_Thumb_jnt
o L_Thumb_jnt_end
g L_Thumb_jnt_end
o L_Index_jnt
g L_Index_jnt
o L_Index_jnt_end
g L_Index_jnt_end
o L_HandTip_jnt
g L_HandTip_jnt
o L_HandTip_jnt_end
g L_HandTip_jnt_end
o Head_jnt
g Head_jnt
o head_misc_jnt
g head_misc_jnt
o head_misc_jnt_end
g head_misc_jnt_end
o L_Leg_jnt
g L_Leg_jnt
o L_Knee_jnt
g L_Knee_jnt
o L_Foot_jnt
g L_Foot_jnt
o L_Toes_jnt
g L_Toes_jnt
o L_Toes_jnt_end
g L_Toes_jnt_end
o Meshes
g Meshes
o Props
g Props
o Jake_sprayCan
g Jake_sprayCan
o Jake_sprayCan_end
g Jake_sprayCan_end
o Jake_sandwich
g Jake_sandwich
o Jake_sandwich_end
g Jake_sandwich_end
o jake_Mesh
g jake_Mesh
v 0.4528836 4.364411 0.4478765
v 0.4821139 4.138752 0.5204551
v 0.4455761 4.197603 0.4342483
v 0.4821139 4.138752 0.5204551
v 0.5009545 4.409329 0.373479
v 0.4455761 4.197603 0.4342483
v 0.5289594 4.277793 0.5165094
v 0.5009545 4.409329 0.373479
v 0.4528836 4.364411 0.4478765
v -0.4615349 4.174167 0.5238225
v -0.4455752 4.197603 0.4342487
v -0.5009537 4.409329 0.3734795
v -0.4850138 4.444998 0.5061357
v -0.5119827 4.270482 0.5165099
v -0.5009537 4.409329 0.3734795
v -0.5119827 4.270482 0.5165099
v -0.4528825 4.364411 0.4478767
v -0.5009537 4.409329 0.3734795
v -0.4528825 4.364411 0.4478767
v -0.4615349 4.174167 0.5238225
v -0.5009537 4.409329 0.3734795
v -1.93616 2.496871 0.5421375
v -1.89416 2.535993 0.4673192
v -1.945879 2.496804 0.4906453
v -1.80138 2.59769 0.3269965
v -1.800434 2.619825 0.4233925
v -1.626526 2.685239 0.3317837
v -1.897424 2.533804 0.4524195
v -1.900448 2.490942 0.3526399
v -1.953489 2.441075 0.4088341
v -1.963534 2.458671 0.4722328
v -1.897424 2.533804 0.4524195
v -1.953489 2.441075 0.4088341
v -1.900448 2.490942 0.3526399
v -1.918703 2.445008 0.3195799
v -1.953489 2.441075 0.4088341
v -1.900448 2.490942 0.3526399
v -1.876478 2.458082 0.2769829
v -1.918703 2.445008 0.3195799
v -1.735595 2.622562 0.1914155
v -1.80138 2.59769 0.3269965
v -1.626526 2.685239 0.3317837
v -1.612696 2.736836 0.1527832
v -1.735595 2.622562 0.1914155
v -1.626526 2.685239 0.3317837
v -1.646255 2.656541 0.4805121
v -1.6899 2.581179 0.498232
v -1.650525 2.567697 0.562333
v -1.6899 2.581179 0.498232
v -1.702047 2.544951 0.5587296
v -1.650525 2.567697 0.562333
v -1.6899 2.581179 0.498232
v -1.722928 2.549132 0.5318397
v -1.702047 2.544951 0.5587296
v -1.93616 2.496871 0.5421375
v -1.945879 2.496804 0.4906453
v -1.988003 2.522128 0.5001925
v -1.93616 2.496871 0.5421375
v -1.988003 2.522128 0.5001925
v -1.973782 2.522049 0.5502137
v -1.988003 2.522128 0.5001925
v -1.937586 2.608328 0.542078
v -1.973782 2.522049 0.5502137
v -1.889169 2.549258 0.5381254
v -1.93616 2.496871 0.5421375
v -1.973782 2.522049 0.5502137
v -1.89416 2.535993 0.4673192
v -1.958327 2.607548 0.4764132
v -1.988003 2.522128 0.5001925
v -1.89416 2.535993 0.4673192
v -1.988003 2.522128 0.5001925
v -1.945879 2.496804 0.4906453
v -1.953636 2.575049 0.4549655
v -1.963534 2.458671 0.4722328
v -2.008343 2.472442 0.4716675
v -1.953489 2.441075 0.4088341
v -2.002364 2.45519 0.4046685
v -2.008343 2.472442 0.4716675
v -1.953489 2.441075 0.4088341
v -2.008343 2.472442 0.4716675
v -1.963534 2.458671 0.4722328
v -1.918703 2.445008 0.3195799
v -2.002364 2.45519 0.4046685
v -1.953489 2.441075 0.4088341
v -1.918703 2.445008 0.3195799
v -1.966029 2.459301 0.3136559
v -2.002364 2.45519 0.4046685
v -1.966029 2.459301 0.3136559
v -1.922328 2.557597 0.3325127
v -2.002364 2.45519 0.4046685
v -1.876478 2.458082 0.2769829
v -1.966029 2.459301 0.3136559
v -1.918703 2.445008 0.3195799
v -1.876478 2.458082 0.2769829
v -1.928497 2.471426 0.2708893
v -1.966029 2.459301 0.3136559
v -1.898331 2.545326 0.2325331
v -1.922328 2.557597 0.3325127
v -1.966029 2.459301 0.3136559
v -1.733768 2.756067 0.4834434
v -1.85849 2.705102 0.4296001
v -1.714577 2.797513 0.3704171
v -1.797496 2.707556 0.1852069
v -1.663626 2.807022 0.1493017
v -1.714577 2.797513 0.3704171
v -1.663626 2.807022 0.1493017
v -1.492287 2.906057 0.2920158
v -1.714577 2.797513 0.3704171
v -1.700175 2.707349 0.5217317
v -1.656201 2.696909 0.5539514
v -1.692248 2.626657 0.5774226
v -1.614424 2.650061 0.5336392
v -1.650525 2.567697 0.562333
v -1.692248 2.626657 0.5774226
v -1.692248 2.626657 0.5774226
v -1.650525 2.567697 0.562333
v -1.702047 2.544951 0.5587296
v -1.692248 2.626657 0.5774226
v -1.702047 2.544951 0.5587296
v -1.727163 2.56119 0.5700834
v -1.700175 2.707349 0.5217317
v -1.692248 2.626657 0.5774226
v -1.737691 2.63739 0.5076501
v -1.737691 2.63739 0.5076501
v -1.692248 2.626657 0.5774226
v -1.727163 2.56119 0.5700834
v -1.6899 2.581179 0.498232
v -1.646255 2.656541 0.4805121
v -1.737691 2.63739 0.5076501
v -1.750358 2.567963 0.5400462
v -1.6899 2.581179 0.498232
v -1.737691 2.63739 0.5076501
v -1.737691 2.63739 0.5076501
v -1.727163 2.56119 0.5700834
v -1.750358 2.567963 0.5400462
v -1.750358 2.567963 0.5400462
v -1.722928 2.549132 0.5318397
v -1.6899 2.581179 0.498232
v -1.702047 2.544951 0.5587296
v -1.750358 2.567963 0.5400462
v -1.727163 2.56119 0.5700834
v -1.702047 2.544951 0.5587296
v -1.722928 2.549132 0.5318397
v -1.750358 2.567963 0.5400462
v -0.110783 3.935363 0.2604672
v -0.09017177 3.658221 0.02900333
v -0.13951 4.008382 0.08036551
v 3.58184E-07 3.900698 0.2895732
v -0.08072905 3.563968 0.1644951
v -0.110783 3.935363 0.2604672
v 3.58184E-07 3.900698 0.2895732
v 2.777466E-07 3.550728 0.2057386
v -0.08072905 3.563968 0.1644951
v 3.58184E-07 3.900698 0.2895732
v 0.0807294 3.563968 0.1644951
v 2.777466E-07 3.550728 0.2057386
v 0.4561466 4.457769 0.6087947
v 0.4067366 4.458612 0.454886
v 0.1722206 4.568375 0.6505487
v 8.262514E-07 4.562997 1.162623
v 0.2052963 4.501966 1.123315
v 0.1722206 4.568375 0.6505487
v 6.377662E-07 4.575103 0.6902437
v 8.262514E-07 4.562997 1.162623
v 0.1722206 4.568375 0.6505487
v -0.4561454 4.457768 0.6087951
v -0.1779451 4.513991 1.153401
v -0.1722194 4.568375 0.6505489
v -0.4561454 4.457768 0.6087951
v -0.1722194 4.568375 0.6505489
v -0.4067358 4.458613 0.4548864
v -0.4850138 4.444998 0.5061357
v -0.4561454 4.457768 0.6087951
v -0.4067358 4.458613 0.4548864
v 0.436678 4.856731 0.33326
v 0.3383906 4.942094 0.1029023
v 0.4358984 4.826564 0.1496587
v 0.436678 4.856731 0.33326
v 0.3434555 4.961082 0.3032504
v 0.3383906 4.942094 0.1029023
v -7.526245E-07 5.005401 0.04868783
v -0.1876092 5.015866 0.3040461
v -0.1691965 4.993723 0.0757952
v -0.1691965 4.993723 0.0757952
v -0.3293113 4.971233 0.3032507
v -0.3383922 4.942096 0.1029025
v -0.3293113 4.971233 0.3032507
v -0.4358988 4.826565 0.1496591
v -0.3383922 4.942096 0.1029025
v -0.3293113 4.971233 0.3032507
v -0.4366769 4.856731 0.3332604
v -0.4358988 4.826565 0.1496591
v 0.6546534 -0.004059302 0.08896565
v 0.536588 -0.007029961 -0.3759381
v 0.4250849 -0.007665133 -0.4756553
v 0.6546534 -0.004059302 0.08896565
v 0.4250849 -0.007665133 -0.4756553
v 0.377257 -0.003894502 0.1132505
v 0.2564082 -0.007584561 -0.4638525
v 0.377257 -0.003894502 0.1132505
v 0.4250849 -0.007665133 -0.4756553
v 0.2564082 -0.007584561 -0.4638525
v 0.1326252 -0.004107028 0.07895937
v 0.377257 -0.003894502 0.1132505
v 0.2564082 -0.007584561 -0.4638525
v 0.1353373 -0.006867286 -0.3523122
v 0.1326252 -0.004107028 0.07895937
v 0.07466293 -0.0008366241 0.3521035
v 0.377257 -0.003894502 0.1132505
v 0.1326252 -0.004107028 0.07895937
v 0.07466293 -0.0008366241 0.3521035
v 0.377753 -0.002485045 0.3336623
v 0.377257 -0.003894502 0.1132505
v 0.377753 -0.002485045 0.3336623
v 0.6546534 -0.004059302 0.08896565
v 0.377257 -0.003894502 0.1132505
v 0.377753 -0.002485045 0.3336623
v 0.6532227 -0.002667285 0.3066165
v 0.6546534 -0.004059302 0.08896565
v 0.3456807 0.001171755 0.6501783
v 0.6532227 -0.002667285 0.3066165
v 0.377753 -0.002485045 0.3336623
v 0.1465439 0.0007269662 0.5797302
v 0.3456807 0.001171755 0.6501783
v 0.377753 -0.002485045 0.3336623
v 0.3456807 0.001171755 0.6501783
v 0.5743523 0.0005684912 0.563069
v 0.6532227 -0.002667285 0.3066165
v 0.1353686 0.3890545 0.04772589
v 0.1326252 -0.004107028 0.07895937
v 0.1353373 -0.006867286 -0.3523122
v 0.1353686 0.3890545 0.04772589
v 0.1353373 -0.006867286 -0.3523122
v 0.1263764 0.1557351 -0.3816968
v 0.1263764 0.1557351 -0.3816968
v 0.1353373 -0.006867286 -0.3523122
v 0.2564082 -0.007584561 -0.4638525
v 0.3482521 0.1549648 -0.5009753
v 0.1263764 0.1557351 -0.3816968
v 0.2564082 -0.007584561 -0.4638525
v 0.3482521 0.1549648 -0.5009753
v 0.2564082 -0.007584561 -0.4638525
v 0.4250849 -0.007665133 -0.4756553
v 0.5377878 0.1573917 -0.4032574
v 0.3482521 0.1549648 -0.5009753
v 0.4250849 -0.007665133 -0.4756553
v 0.536588 -0.007029961 -0.3759381
v 0.5377878 0.1573917 -0.4032574
v 0.4250849 -0.007665133 -0.4756553
v 0.536588 -0.007029961 -0.3759381
v 0.5842579 0.3675826 0.0567216
v 0.5377878 0.1573917 -0.4032574
v 0.6072405 0.1566393 0.3616487
v 0.5842579 0.3675826 0.0567216
v 0.6546534 -0.004059302 0.08896565
v 0.6072405 0.1566393 0.3616487
v 0.6546534 -0.004059302 0.08896565
v 0.6532227 -0.002667285 0.3066165
v 0.5743523 0.0005684912 0.563069
v 0.6072405 0.1566393 0.3616487
v 0.6532227 -0.002667285 0.3066165
v 0.1465439 0.0007269662 0.5797302
v 0.3431263 0.105504 0.6430687
v 0.3456807 0.001171755 0.6501783
v 0.1465439 0.0007269662 0.5797302
v 0.1561437 0.1026631 0.5651253
v 0.3431263 0.105504 0.6430687
v 0.3710448 0.492957 -0.1204955
v 0.06464975 0.4139335 -0.1027917
v 0.111581 0.270896 -0.3871045
v 0.3710448 0.492957 -0.1204955
v 0.3729578 0.2756879 -0.5079148
v 0.601644 0.321091 -0.294924
v 0.3710448 0.492957 -0.1204955
v 0.111581 0.270896 -0.3871045
v 0.3729578 0.2756879 -0.5079148
v 0.1278422 0.4286218 -0.1049017
v 0.1641181 0.3202622 -0.3149273
v 0.1066777 0.326884 -0.1955772
v 0.1278422 0.4286218 -0.1049017
v 0.2121113 0.6616096 -0.08442306
v 0.277805 0.7608857 0.0002205726
v 0.3520334 0.5611131 0.08786222
v 0.277805 0.7608857 0.0002205726
v 0.4062866 0.7756233 0.008894129
v 1.430413 2.782155 0.3317926
v 1.433919 2.749673 0.2560832
v 1.327178 2.848468 0.2107639
v 1.430413 2.782155 0.3317926
v 1.327178 2.848468 0.2107639
v 1.323568 2.877389 0.2821304
v 1.469242 2.8564 0.3747218
v 1.430413 2.782155 0.3317926
v 1.323568 2.877389 0.2821304
v 1.469242 2.8564 0.3747218
v 1.323568 2.877389 0.2821304
v 1.356643 2.9399 0.325399
v 1.57877 2.885351 0.3359227
v 1.469242 2.8564 0.3747218
v 1.356643 2.9399 0.325399
v 1.57877 2.885351 0.3359227
v 1.356643 2.9399 0.325399
v 1.403993 2.979038 0.2782296
v 1.546715 2.879943 0.2086467
v 1.57877 2.885351 0.3359227
v 1.403993 2.979038 0.2782296
v 1.546715 2.879943 0.2086467
v 1.403993 2.979038 0.2782296
v 1.42388 2.952272 0.1690205
v 1.513214 2.807847 0.1551599
v 1.546715 2.879943 0.2086467
v 1.42388 2.952272 0.1690205
v 1.513214 2.807847 0.1551599
v 1.42388 2.952272 0.1690205
v 1.397364 2.892529 0.1142191
v 1.467636 2.75537 0.1740997
v 1.513214 2.807847 0.1551599
v 1.397364 2.892529 0.1142191
v 1.467636 2.75537 0.1740997
v 1.397364 2.892529 0.1142191
v 1.358082 2.854003 0.1384125
v 1.433919 2.749673 0.2560832
v 1.467636 2.75537 0.1740997
v 1.358082 2.854003 0.1384125
v 1.433919 2.749673 0.2560832
v 1.358082 2.854003 0.1384125
v 1.327178 2.848468 0.2107639
v 1.699645 2.569489 0.466088
v 1.812031 2.546337 0.4450709
v 1.645316 2.620415 0.3539921
v 1.91942 2.41075 0.3735407
v 1.9765 2.361801 0.4290095
v 1.940672 2.362437 0.3401292
v 1.615959 2.684216 0.171816
v 1.439093 2.819705 0.3150779
v 1.645316 2.620415 0.3539921
v 1.659761 2.583586 0.5177016
v 1.604622 2.588869 0.5584708
v 1.598794 2.497579 0.6063553
v 1.659761 2.583586 0.5177016
v 1.598794 2.497579 0.6063553
v 1.661314 2.492754 0.56785
v 1.661314 2.492754 0.56785
v 1.598794 2.497579 0.6063553
v 1.635255 2.4604 0.629634
v 1.661314 2.492754 0.56785
v 1.635255 2.4604 0.629634
v 1.664506 2.455769 0.6156705
v 1.928394 2.394462 0.560645
v 1.97712 2.415583 0.5200182
v 1.93732 2.393982 0.5092886
v 1.928394 2.394462 0.560645
v 1.964062 2.416548 0.5698554
v 1.97712 2.415583 0.5200182
v 1.888295 2.458408 0.5578168
v 1.935604 2.516717 0.5639992
v 1.964062 2.416548 0.5698554
v 1.888295 2.458408 0.5578168
v 1.964062 2.416548 0.5698554
v 1.928394 2.394462 0.560645
v 1.892651 2.444793 0.4867641
v 1.93732 2.393982 0.5092886
v 1.97712 2.415583 0.5200182
v 1.912951 2.456593 0.4733726
v 1.961977 2.500019 0.4761209
v 1.986066 2.382269 0.4923837
v 1.961977 2.500019 0.4761209
v 2.027273 2.398508 0.49158
v 1.986066 2.382269 0.4923837
v 2.027273 2.398508 0.49158
v 1.961977 2.500019 0.4761209
v 2.021437 2.378474 0.4245816
v 1.9765 2.361801 0.4290095
v 2.027273 2.398508 0.49158
v 2.021437 2.378474 0.4245816
v 1.9765 2.361801 0.4290095
v 1.986066 2.382269 0.4923837
v 2.027273 2.398508 0.49158
v 1.940672 2.362437 0.3401292
v 1.9765 2.361801 0.4290095
v 2.021437 2.378474 0.4245816
v 1.940672 2.362437 0.3401292
v 2.021437 2.378474 0.4245816
v 1.984073 2.379194 0.3339573
v 1.897158 2.373339 0.2977986
v 1.940672 2.362437 0.3401292
v 1.984073 2.379194 0.3339573
v 1.90698 2.463731 0.2537817
v 1.945725 2.389277 0.2915478
v 1.984073 2.379194 0.3339573
v 1.802536 2.637268 0.2085615
v 1.864005 2.635209 0.453015
v 1.72398 2.738199 0.3946382
v 1.661987 2.758109 0.1690557
v 1.48428 2.870729 0.3083634
v 1.462896 2.868173 0.1948151
v 1.604622 2.588869 0.5584708
v 1.637503 2.63364 0.5897939
v 1.633735 2.554693 0.6328327
v 1.604622 2.588869 0.5584708
v 1.633735 2.554693 0.6328327
v 1.598794 2.497579 0.6063553
v 1.633735 2.554693 0.6328327
v 1.635255 2.4604 0.629634
v 1.598794 2.497579 0.6063553
v 1.633735 2.554693 0.6328327
v 1.65174 2.474183 0.6495203
v 1.635255 2.4604 0.629634
v 1.703025 2.544555 0.5925335
v 1.65174 2.474183 0.6495203
v 1.633735 2.554693 0.6328327
v 1.689834 2.631823 0.5763326
v 1.703025 2.544555 0.5925335
v 1.633735 2.554693 0.6328327
v 1.684697 2.471329 0.6336461
v 1.703025 2.544555 0.5925335
v 1.661314 2.492754 0.56785
v 1.703025 2.544555 0.5925335
v 1.684697 2.471329 0.6336461
v 1.65174 2.474183 0.6495203
v 1.684697 2.471329 0.6336461
v 1.661314 2.492754 0.56785
v 1.664506 2.455769 0.6156705
v 1.635255 2.4604 0.629634
v 1.65174 2.474183 0.6495203
v 1.684697 2.471329 0.6336461
v 1.635255 2.4604 0.629634
v 1.684697 2.471329 0.6336461
v 1.664506 2.455769 0.6156705
v 0.1641181 0.3202622 -0.3149273
v 0.3067239 0.3928761 -0.3982777
v 0.1066777 0.326884 -0.1955772
v 0.3067239 0.3928761 -0.3982777
v 0.2552298 0.6536378 -0.2180423
v 0.1066777 0.326884 -0.1955772
v 0.5781226 0.1036137 -0.3965936
v 0.6337471 0.2162635 -0.01901541
v 0.601644 0.321091 -0.294924
v 0.5781226 0.1036137 -0.3965936
v 0.601644 0.321091 -0.294924
v 0.3729578 0.2756879 -0.5079148
v 0.5781226 0.1036137 -0.3965936
v 0.3729578 0.2756879 -0.5079148
v 0.3597683 0.08983962 -0.5448607
v 0.3729578 0.2756879 -0.5079148
v 0.111581 0.270896 -0.3871045
v 0.3597683 0.08983962 -0.5448607
v 0.111581 0.270896 -0.3871045
v 0.0662133 0.1509221 -0.3665374
v 0.3597683 0.08983962 -0.5448607
v 0.06464975 0.4139335 -0.1027917
v 0.0662133 0.1509221 -0.3665374
v 0.111581 0.270896 -0.3871045
v 0.006248065 2.585276 0.3792624
v 0.154099 2.819426 0.3663719
v 0.1317464 2.606105 0.3167795
v 0.003124967 2.452463 0.30549
v 0.006248065 2.585276 0.3792624
v 0.1317464 2.606105 0.3167795
v 0.003124967 2.452463 0.30549
v -0.1335037 2.448575 0.2883681
v -0.1317463 2.606105 0.3167798
v 0.1340074 2.448571 0.2883711
v 0.1317464 2.606105 0.3167795
v 0.1687412 2.603768 0.3475322
v 0.1317464 2.606105 0.3167795
v 0.1889908 2.80866 0.3819686
v 0.1687412 2.603768 0.3475322
v 1.484047E-07 3.787932 -0.2083925
v 1.157173E-07 3.648683 -0.2382738
v 0.2253622 3.624608 -0.2183604
v 1.484047E-07 3.787932 -0.2083925
v -0.2253619 3.624607 -0.2183602
v 1.157173E-07 3.648683 -0.2382738
v 1.484047E-07 3.787932 -0.2083925
v -0.1977155 3.785128 -0.1505243
v -0.2253619 3.624607 -0.2183602
v -0.1977155 3.785128 -0.1505243
v -0.3378131 3.747641 -0.1129355
v -0.2253619 3.624607 -0.2183602
v -0.1335037 2.448575 0.2883681
v -0.168741 2.603767 0.3475323
v -0.1317463 2.606105 0.3167798
v -0.1335037 2.448575 0.2883681
v -0.163868 2.465693 0.3149351
v -0.168741 2.603767 0.3475323
v -0.163868 2.465693 0.3149351
v -0.3705969 2.578427 0.2920024
v -0.168741 2.603767 0.3475323
v -0.467217 2.435423 0.0830161
v -0.4673079 2.445234 -0.08508245
v -0.4932688 2.575012 -0.09934424
v -0.3795453 2.620564 -0.2453004
v -0.3906111 2.95494 -0.2460065
v -0.4932688 2.575012 -0.09934424
v -0.3655268 2.458451 -0.2197134
v -0.3795453 2.620564 -0.2453004
v -0.4932688 2.575012 -0.09934424
v 3.980909E-05 2.603621 -0.3581324
v 0.1746175 2.45402 -0.287948
v 0.1794557 2.610468 -0.3232632
v 0.3665346 2.458454 -0.2197115
v 0.4685065 2.445243 -0.08508061
v 0.4932687 2.575012 -0.0993447
v 0.468698 2.435432 0.08301436
v 0.4863912 2.573046 0.09443086
v 0.4932687 2.575012 -0.0993447
v 0.4863912 2.573046 0.09443086
v 0.4861269 2.793863 -0.09054843
v 0.4932687 2.575012 -0.0993447
v 0.5696778 4.535711 0.3091191
v 0.4975732 4.867684 0.1457374
v 0.4814579 4.770247 -0.03384038
v -1.81478E-06 3.951574 -0.2085855
v 0.2398562 4.009967 -0.2191977
v -0.005522642 4.014015 -0.2856841
v -0.4447145 3.712661 0.5404213
v -0.5119132 3.993728 0.2657014
v -0.508274 3.986419 0.5292752
v -0.4814626 4.770246 -0.03383996
v -0.5327358 4.512265 0.1111714
v -0.4609624 4.431879 -0.1542063
v -0.5694473 4.53571 0.3277927
v -0.5327358 4.512265 0.1111714
v -0.4814626 4.770246 -0.03383996
v -0.3822552 5.011585 0.1026138
v -0.3054289 4.943768 -0.1262027
v 0.001261901 5.008567 -0.1527404
v -0.3822552 5.011585 0.1026138
v 0.001261901 5.008567 -0.1527404
v -0.2037093 5.067868 0.08345839
v 0.001261901 5.008567 -0.1527404
v -5.552016E-07 5.083754 0.07782955
v -0.2037093 5.067868 0.08345839
v 0.2037079 5.067868 0.07962912
v -5.552016E-07 5.083754 0.07782955
v 0.001261901 5.008567 -0.1527404
v 0.3822537 5.011584 0.09542824
v 0.2037079 5.067868 0.07962912
v 0.001261901 5.008567 -0.1527404
v -0.4814626 4.770246 -0.03383996
v -0.4609624 4.431879 -0.1542063
v -0.4281267 4.654953 -0.2369257
v -0.3054289 4.943768 -0.1262027
v -0.4814626 4.770246 -0.03383996
v -0.4281267 4.654953 -0.2369257
v 0.001261901 5.008567 -0.1527404
v -0.3054289 4.943768 -0.1262027
v -0.2274583 4.834976 -0.3317011
v -0.3054289 4.943768 -0.1262027
v -0.4281267 4.654953 -0.2369257
v -0.2274583 4.834976 -0.3317011
v -0.2274583 4.834976 -0.3317011
v -0.4281267 4.654953 -0.2369257
v -0.2767997 4.525041 -0.4304004
v -0.2767997 4.525041 -0.4304004
v -0.4281267 4.654953 -0.2369257
v -0.4609624 4.431879 -0.1542063
v -0.2767997 4.525041 -0.4304004
v -0.4609624 4.431879 -0.1542063
v -0.2736568 4.362354 -0.4198297
v 0.3822537 5.011584 0.09542824
v 0.001261901 5.008567 -0.1527404
v 0.3054229 4.943766 -0.1262029
v 0.4814579 4.770247 -0.03384038
v 0.3822537 5.011584 0.09542824
v 0.3054229 4.943766 -0.1262029
v 0.3054229 4.943766 -0.1262029
v 0.4268183 4.654994 -0.2343155
v 0.4814579 4.770247 -0.03384038
v 0.4814579 4.770247 -0.03384038
v 0.4268183 4.654994 -0.2343155
v 0.4609489 4.431939 -0.1543122
v 0.001261901 5.008567 -0.1527404
v 0.2274465 4.834979 -0.3317016
v 0.3054229 4.943766 -0.1262029
v 0.3054229 4.943766 -0.1262029
v 0.2274465 4.834979 -0.3317016
v 0.4268183 4.654994 -0.2343155
v 0.001261901 5.008567 -0.1527404
v -8.710561E-08 4.892941 -0.3644885
v 0.2274465 4.834979 -0.3317016
v 0.001261901 5.008567 -0.1527404
v -0.2274583 4.834976 -0.3317011
v -8.710561E-08 4.892941 -0.3644885
v -8.710561E-08 4.892941 -0.3644885
v -5.331018E-06 4.671402 -0.4937253
v 0.2274465 4.834979 -0.3317016
v -8.710561E-08 4.892941 -0.3644885
v -0.2274583 4.834976 -0.3317011
v -5.331018E-06 4.671402 -0.4937253
v -0.2274583 4.834976 -0.3317011
v -0.2767997 4.525041 -0.4304004
v -5.331018E-06 4.671402 -0.4937253
v 0.2274465 4.834979 -0.3317016
v 0.2767724 4.52505 -0.4304177
v 0.4268183 4.654994 -0.2343155
v 0.2274465 4.834979 -0.3317016
v -5.331018E-06 4.671402 -0.4937253
v 0.2767724 4.52505 -0.4304177
v 0.2767724 4.52505 -0.4304177
v 0.4609489 4.431939 -0.1543122
v 0.4268183 4.654994 -0.2343155
v -5.331018E-06 4.671402 -0.4937253
v -0.2767997 4.525041 -0.4304004
v 0.001231546 4.511167 -0.5259861
v -5.331018E-06 4.671402 -0.4937253
v 0.001231546 4.511167 -0.5259861
v 0.2767724 4.52505 -0.4304177
v 0.2767724 4.52505 -0.4304177
v 0.2688347 4.362352 -0.4198296
v 0.4609489 4.431939 -0.1543122
v 0.001231546 4.511167 -0.5259861
v 0.2688347 4.362352 -0.4198296
v 0.2767724 4.52505 -0.4304177
v 0.2688347 4.362352 -0.4198296
v 0.4406686 4.170872 -0.04609622
v 0.4609489 4.431939 -0.1543122
v -0.2767997 4.525041 -0.4304004
v 0.001711798 4.354901 -0.5020211
v 0.001231546 4.511167 -0.5259861
v -0.2767997 4.525041 -0.4304004
v -0.2736568 4.362354 -0.4198297
v 0.001711798 4.354901 -0.5020211
v 0.001231546 4.511167 -0.5259861
v 0.001711798 4.354901 -0.5020211
v 0.2688347 4.362352 -0.4198296
v 0.001711798 4.354901 -0.5020211
v 0.2400712 4.202604 -0.3681035
v 0.2688347 4.362352 -0.4198296
v 0.001711798 4.354901 -0.5020211
v -0.004834391 4.195075 -0.4168243
v 0.2400712 4.202604 -0.3681035
v -0.2736568 4.362354 -0.4198297
v -0.004834391 4.195075 -0.4168243
v 0.001711798 4.354901 -0.5020211
v 0.2262444 4.134983 -0.2389612
v 0.4406686 4.170872 -0.04609622
v 0.2400712 4.202604 -0.3681035
v -0.004834391 4.195075 -0.4168243
v 0.2262444 4.134983 -0.2389612
v 0.2400712 4.202604 -0.3681035
v 0.2398562 4.009967 -0.2191977
v 0.4406686 4.170872 -0.04609622
v 0.2262444 4.134983 -0.2389612
v -0.005522642 4.014015 -0.2856841
v 0.2398562 4.009967 -0.2191977
v 0.2262444 4.134983 -0.2389612
v -0.2736568 4.362354 -0.4198297
v -0.2404148 4.202605 -0.3473555
v -0.004834391 4.195075 -0.4168243
v -0.2736568 4.362354 -0.4198297
v -0.4406819 4.170872 -0.04609596
v -0.2404148 4.202605 -0.3473555
v -0.004834391 4.195075 -0.4168243
v 0.0002010242 4.111227 -0.2960256
v 0.2262444 4.134983 -0.2389612
v -0.005522642 4.014015 -0.2856841
v 0.2262444 4.134983 -0.2389612
v 0.0002010242 4.111227 -0.2960256
v -0.2404148 4.202605 -0.3473555
v 0.0002010242 4.111227 -0.2960256
v -0.004834391 4.195075 -0.4168243
v -0.005522642 4.014015 -0.2856841
v 0.0002010242 4.111227 -0.2960256
v -0.2265784 4.134983 -0.238961
v -0.2404148 4.202605 -0.3473555
v -0.2265784 4.134983 -0.238961
v 0.0002010242 4.111227 -0.2960256
v 0.3581526 3.722796 0.5338843
v 0.2460121 3.600268 0.1839548
v 0.3151277 4.032995 0.2974042
v 0.4067366 4.458612 0.454886
v 0.485015 4.444999 0.5061353
v 0.4528836 4.364411 0.4478765
v 0.485015 4.444999 0.5061353
v 0.5289594 4.277793 0.5165094
v 0.4528836 4.364411 0.4478765
v 0.2886062 1.563743 -0.09283818
v 0.2139588 1.523602 0.0204646
v 0.1998391 1.317626 -0.006959707
v 0.09051654 2.254017 0.01506157
v 0.1762639 2.165617 0.003825529
v 0.2433332 2.203982 -0.1114175
v 0.4014839 1.330803 -0.1171741
v 0.4560457 0.687566 -0.1091783
v 0.467415 1.302044 -0.01028836
v 0.4535124 1.541931 0.02314591
v 0.4014839 1.330803 -0.1171741
v 0.467415 1.302044 -0.01028836
v 0.467415 1.302044 -0.01028836
v 0.4560457 0.687566 -0.1091783
v 0.4062866 0.7756233 0.008894129
v 0.467415 1.302044 -0.01028836
v 0.4062866 0.7756233 0.008894129
v 0.4005993 1.281058 0.07678962
v 0.4535124 1.541931 0.02314591
v 0.467415 1.302044 -0.01028836
v 0.4005993 1.281058 0.07678962
v 0.4005993 1.281058 0.07678962
v 0.4062866 0.7756233 0.008894129
v 0.277805 0.7608857 0.0002205726
v 0.3574761 2.255492 -0.09762295
v 0.1184769 2.277081 -0.1311444
v 0.2433332 2.203982 -0.1114175
v 0.4005993 1.281058 0.07678962
v 0.277805 0.7608857 0.0002205726
v 0.2997701 1.276258 0.08123019
v 0.277805 0.7608857 0.0002205726
v 0.1998391 1.317626 -0.006959707
v 0.2997701 1.276258 0.08123019
v 0.277805 0.7608857 0.0002205726
v 0.2121113 0.6616096 -0.08442306
v 0.1998391 1.317626 -0.006959707
v 0.1998391 1.317626 -0.006959707
v 0.2139588 1.523602 0.0204646
v 0.2997701 1.276258 0.08123019
v 0.4009444 1.331679 0.1219633
v 0.4005993 1.281058 0.07678962
v 0.2997701 1.276258 0.08123019
v 0.4009444 1.331679 0.1219633
v 0.4535124 1.541931 0.02314591
v 0.4005993 1.281058 0.07678962
v 0.4013837 1.589459 0.1237097
v 0.4535124 1.541931 0.02314591
v 0.4009444 1.331679 0.1219633
v 0.4013837 1.589459 0.1237097
v 0.3005057 1.343834 0.1288747
v 0.3010673 1.588067 0.1291072
v 0.4334575 2.207794 0.01710845
v 0.4535124 1.541931 0.02314591
v 0.4013837 1.589459 0.1237097
v 0.4334575 2.207794 0.01710845
v 0.4013837 1.589459 0.1237097
v 0.3646597 2.210828 0.1539674
v 0.3646597 2.210828 0.1539674
v 0.4013837 1.589459 0.1237097
v 0.3010673 1.588067 0.1291072
v 0.2406424 2.355934 0.2184348
v 0.3541718 2.362309 0.1532872
v 0.3646597 2.210828 0.1539674
v 0.3640853 2.372205 -0.09298486
v 0.3574761 2.255492 -0.09762295
v 0.4334575 2.207794 0.01710845
v -0.0886577 2.254058 0.01506175
v -0.1161382 2.277102 -0.1311387
v -0.2364423 2.203987 -0.1114177
v -0.1161382 2.277102 -0.1311387
v -0.3519512 2.255499 -0.09762172
v -0.2364423 2.203987 -0.1114177
v -0.2385136 2.356798 0.2180298
v -0.2391108 2.241976 0.164436
v -0.3577691 2.210828 0.1539673
v -0.3577691 2.210828 0.1539673
v -0.2391108 2.241976 0.164436
v -0.2941634 1.588069 0.1291074
v -0.4265666 2.207794 0.01710822
v -0.3514963 2.367047 0.1517843
v -0.3577691 2.210828 0.1539673
v -0.4466082 1.54193 0.0231465
v -0.3519512 2.255499 -0.09762172
v -0.4265666 2.207794 0.01710822
v -0.3614416 2.372204 -0.09298502
v -0.4189574 2.374553 0.01628415
v -0.4265666 2.207794 0.01710822
v -0.3577691 2.210828 0.1539673
v -0.2941634 1.588069 0.1291074
v -0.3944798 1.589459 0.1237094
v -0.4265666 2.207794 0.01710822
v -0.3577691 2.210828 0.1539673
v -0.3944798 1.589459 0.1237094
v -0.2070545 1.523605 0.02046226
v -0.2935956 1.343834 0.1288699
v -0.2941634 1.588069 0.1291074
v -0.3944798 1.589459 0.1237094
v -0.2935956 1.343834 0.1288699
v -0.3940347 1.33168 0.1219653
v -0.3940347 1.33168 0.1219653
v -0.2935956 1.343834 0.1288699
v -0.2928643 1.276257 0.08122496
v -0.2709152 0.7608845 0.0002146121
v -0.2928643 1.276257 0.08122496
v -0.1929381 1.317625 -0.006971829
v -0.3936936 1.281058 0.07679107
v -0.2928643 1.276257 0.08122496
v -0.2709152 0.7608845 0.0002146121
v -0.3940347 1.33168 0.1219653
v -0.2928643 1.276257 0.08122496
v -0.3936936 1.281058 0.07679107
v -0.3936936 1.281058 0.07679107
v -0.2709152 0.7608845 0.0002146121
v -0.3993962 0.775624 0.008896474
v -0.4466082 1.54193 0.0231465
v -0.3936936 1.281058 0.07679107
v -0.4605148 1.302045 -0.01028201
v -0.4605148 1.302045 -0.01028201
v -0.3936936 1.281058 0.07679107
v -0.3993962 0.775624 0.008896474
v -0.2817023 1.563736 -0.09283865
v -0.2897832 1.330829 -0.119614
v -0.1929381 1.317625 -0.006971829
v 1.327178 2.848468 0.2107639
v 1.342257 2.841263 0.07459862
v 1.278997 2.825006 0.2039352
v 1.327178 2.848468 0.2107639
v 1.358082 2.854003 0.1384125
v 1.342257 2.841263 0.07459862
v 1.342257 2.841263 0.07459862
v 1.358082 2.854003 0.1384125
v 1.397364 2.892529 0.1142191
v 1.163625 3.081844 -0.09730033
v 1.0822 2.972026 -0.08359127
v 1.342257 2.841263 0.07459862
v 1.342257 2.841263 0.07459862
v 1.397364 2.892529 0.1142191
v 1.390307 2.899687 0.06352139
v 1.163625 3.081844 -0.09730033
v 1.342257 2.841263 0.07459862
v 1.390307 2.899687 0.06352139
v 1.390307 2.899687 0.06352139
v 1.397364 2.892529 0.1142191
v 1.42388 2.952272 0.1690205
v 1.390307 2.899687 0.06352139
v 1.42388 2.952272 0.1690205
v 1.420452 2.975859 0.1342111
v 1.163625 3.081844 -0.09730033
v 1.390307 2.899687 0.06352139
v 1.420452 2.975859 0.1342111
v 1.420452 2.975859 0.1342111
v 1.42388 2.952272 0.1690205
v 1.403993 2.979038 0.2782296
v 1.420452 2.975859 0.1342111
v 1.403993 2.979038 0.2782296
v 1.40028 3.013659 0.2648074
v 1.40028 3.013659 0.2648074
v 1.403993 2.979038 0.2782296
v 1.356643 2.9399 0.325399
v 1.317845 2.964539 0.3502197
v 1.026926 3.280735 0.1201923
v 1.40028 3.013659 0.2648074
v 1.317845 2.964539 0.3502197
v 1.356643 2.9399 0.325399
v 1.323568 2.877389 0.2821304
v 1.267884 2.876952 0.3114165
v 1.323568 2.877389 0.2821304
v 1.327178 2.848468 0.2107639
v 1.267884 2.876952 0.3114165
v 1.327178 2.848468 0.2107639
v 1.278997 2.825006 0.2039352
v 0.8707066 3.098552 0.1772025
v 1.267884 2.876952 0.3114165
v 1.278997 2.825006 0.2039352
v 0.390611 2.954943 -0.2460067
v 0.1982375 2.988822 -0.3289177
v 0.1794557 2.610468 -0.3232632
v 0.1982375 2.988822 -0.3289177
v 3.980909E-05 2.603621 -0.3581324
v 0.1794557 2.610468 -0.3232632
v 0.1982375 2.988822 -0.3289177
v 0.4098358 3.333911 -0.2364111
v 0.2184938 3.358542 -0.3043796
v 4.295198E-05 3.017658 -0.3647101
v 0.1982375 2.988822 -0.3289177
v 0.2184938 3.358542 -0.3043796
v 0.1982375 2.988822 -0.3289177
v 4.295198E-05 3.017658 -0.3647101
v 3.980909E-05 2.603621 -0.3581324
v 4.295198E-05 3.017658 -0.3647101
v 0.2184938 3.358542 -0.3043796
v 3.211452E-08 3.376255 -0.3274223
v 3.211452E-08 3.376255 -0.3274223
v 0.2184938 3.358542 -0.3043796
v 0.2253622 3.624608 -0.2183604
v 3.211452E-08 3.376255 -0.3274223
v 0.2253622 3.624608 -0.2183604
v 1.157173E-07 3.648683 -0.2382738
v 3.211452E-08 3.376255 -0.3274223
v 1.157173E-07 3.648683 -0.2382738
v -0.2253619 3.624607 -0.2183602
v 3.211452E-08 3.376255 -0.3274223
v -0.2253619 3.624607 -0.2183602
v -0.2184939 3.358544 -0.3043796
v 4.295198E-05 3.017658 -0.3647101
v 3.211452E-08 3.376255 -0.3274223
v -0.2184939 3.358544 -0.3043796
v -0.2253619 3.624607 -0.2183602
v -0.4587211 3.588383 -0.1944966
v -0.2184939 3.358544 -0.3043796
v -0.1982376 2.988822 -0.3289176
v -0.1794561 2.61047 -0.3232636
v 3.980909E-05 2.603621 -0.3581324
v -0.3906111 2.95494 -0.2460065
v -0.3795453 2.620564 -0.2453004
v -0.1794561 2.61047 -0.3232636
v -0.4358988 4.826565 0.1496591
v -0.4850138 4.444998 0.5061357
v -0.5009537 4.409329 0.3734795
v -0.4366769 4.856731 0.3332604
v -0.4850138 4.444998 0.5061357
v -0.4358988 4.826565 0.1496591
v -0.3388041 0.001160962 0.6501893
v -0.3708757 -0.002488717 0.333664
v -0.6463449 -0.002672088 0.3066165
v -0.1396643 0.0007169638 0.5797397
v -0.3708757 -0.002488717 0.333664
v -0.3388041 0.001160962 0.6501893
v -0.1396643 0.0007169638 0.5797397
v -0.06778273 -0.0007855971 0.3516393
v -0.3708757 -0.002488717 0.333664
v -0.3708757 -0.002488717 0.333664
v -0.6477757 -0.004064109 0.08896694
v -0.6463449 -0.002672088 0.3066165
v -0.06778273 -0.0007855971 0.3516393
v -0.3703793 -0.003898184 0.1132526
v -0.3708757 -0.002488717 0.333664
v -0.3708757 -0.002488717 0.333664
v -0.3703793 -0.003898184 0.1132526
v -0.6477757 -0.004064109 0.08896694
v -0.06778273 -0.0007855971 0.3516393
v -0.1257472 -0.00410975 0.07896115
v -0.3703793 -0.003898184 0.1132526
v -0.6477757 -0.004064109 0.08896694
v -0.3703793 -0.003898184 0.1132526
v -0.4182074 -0.007669024 -0.475653
v -0.6477757 -0.004064109 0.08896694
v -0.4182074 -0.007669024 -0.475653
v -0.5297105 -0.007034291 -0.3759359
v -0.2495309 -0.007587781 -0.4638504
v -0.4182074 -0.007669024 -0.475653
v -0.3703793 -0.003898184 0.1132526
v -0.2495309 -0.007587781 -0.4638504
v -0.3703793 -0.003898184 0.1132526
v -0.1257472 -0.00410975 0.07896115
v -0.2495309 -0.007587781 -0.4638504
v -0.1257472 -0.00410975 0.07896115
v -0.1284599 -0.006870022 -0.3523107
v -0.1284868 0.3890274 0.04772196
v -0.1284599 -0.006870022 -0.3523107
v -0.1257472 -0.00410975 0.07896115
v -0.1284868 0.3890274 0.04772196
v -0.1195427 0.1552998 -0.3810799
v -0.1284599 -0.006870022 -0.3523107
v -0.2495309 -0.007587781 -0.4638504
v -0.1284599 -0.006870022 -0.3523107
v -0.1195427 0.1552998 -0.3810799
v -0.3413737 0.1549624 -0.5009757
v -0.2495309 -0.007587781 -0.4638504
v -0.1195427 0.1552998 -0.3810799
v -0.3413737 0.1549624 -0.5009757
v -0.4182074 -0.007669024 -0.475653
v -0.2495309 -0.007587781 -0.4638504
v -0.4182074 -0.007669024 -0.475653
v -0.3413737 0.1549624 -0.5009757
v -0.5309093 0.1573897 -0.4032568
v -0.5297105 -0.007034291 -0.3759359
v -0.4182074 -0.007669024 -0.475653
v -0.5309093 0.1573897 -0.4032568
v -0.5297105 -0.007034291 -0.3759359
v -0.5773766 0.3675953 0.05672464
v -0.6477757 -0.004064109 0.08896694
v -0.6003622 0.1566315 0.3616529
v -0.6463449 -0.002672088 0.3066165
v -0.6477757 -0.004064109 0.08896694
v -0.3388041 0.001160962 0.6501893
v -0.5538967 0.107827 0.5643294
v -0.3362486 0.105492 0.6430754
v -0.5538967 0.107827 0.5643294
v -0.3466892 0.1873373 0.4822873
v -0.3362486 0.105492 0.6430754
v -0.1396643 0.0007169638 0.5797397
v -0.3388041 0.001160962 0.6501893
v -0.3362486 0.105492 0.6430754
v -0.364165 0.4929644 -0.1204956
v -0.5859818 0.5261913 -0.02178705
v -0.5947641 0.3210848 -0.2949228
v -0.364165 0.4929644 -0.1204956
v -0.5947641 0.3210848 -0.2949228
v -0.3660788 0.2756842 -0.5079124
v -0.364165 0.4929644 -0.1204956
v -0.3660788 0.2756842 -0.5079124
v -0.1047021 0.2708919 -0.3871039
v -0.1209626 0.4286117 -0.1049093
v -0.3451459 0.5611111 0.08786137
v -0.2709152 0.7608845 0.0002146121
v -0.3451459 0.5611111 0.08786137
v -0.3993962 0.775624 0.008896474
v -0.2709152 0.7608845 0.0002146121
v -0.3451459 0.5611111 0.08786137
v -0.5115659 0.5072427 -0.09476199
v -0.3993962 0.775624 0.008896474
v -0.5115659 0.5072427 -0.09476199
v -0.4491639 0.6875845 -0.1091732
v -0.3993962 0.775624 0.008896474
v -0.1572405 0.3202785 -0.3149277
v -0.2998461 0.3928738 -0.3982769
v -0.3836518 0.2899145 -0.3630374
v -1.437414 2.81811 0.3167634
v -1.341984 2.906568 0.2689627
v -1.345845 2.87739 0.1977162
v -1.478113 2.891016 0.3591823
v -1.375009 2.969153 0.3121532
v -1.341984 2.906568 0.2689627
v -1.578615 2.926907 0.3147749
v -1.422661 3.008016 0.2650535
v -1.375009 2.969153 0.3121532
v -1.558803 2.914123 0.1929823
v -1.442976 2.980823 0.1560292
v -1.422661 3.008016 0.2650535
v -1.523653 2.843329 0.139992
v -1.416566 2.920952 0.1013247
v -1.442976 2.980823 0.1560292
v -1.476026 2.791802 0.1592813
v -1.377087 2.882602 0.1254822
v -1.416566 2.920952 0.1013247
v -1.440928 2.786212 0.2412878
v -1.345845 2.87739 0.1977162
v -1.377087 2.882602 0.1254822
v -0.5712444 0.1036096 -0.3965936
v -0.3660788 0.2756842 -0.5079124
v -0.5947641 0.3210848 -0.2949228
v -0.5712444 0.1036096 -0.3965936
v -0.3528904 0.08983646 -0.5448596
v -0.3660788 0.2756842 -0.5079124
v -0.3660788 0.2756842 -0.5079124
v -0.3528904 0.08983646 -0.5448596
v -0.1047021 0.2708919 -0.3871039
v -0.1047021 0.2708919 -0.3871039
v -0.3528904 0.08983646 -0.5448596
v -0.05933598 0.1337544 -0.366675
v -0.0577703 0.4139128 -0.102801
v -0.1047021 0.2708919 -0.3871039
v -0.05933598 0.1337544 -0.366675
v -0.1115658 0.2538382 -0.03878337
v -0.0577703 0.4139128 -0.102801
v -0.05933598 0.1337544 -0.366675
v -0.3151268 4.032995 0.2974044
v 2.215497E-07 3.893396 -0.06448327
v -0.2460116 3.600269 0.183955
v -0.3581519 3.72986 0.5353923
v -0.3151268 4.032995 0.2974044
v -0.2460116 3.600269 0.183955
v -0.3581519 3.72986 0.5353923
v -0.422644 3.954796 0.522876
v -0.3151268 4.032995 0.2974044
v -0.3151268 4.032995 0.2974044
v -0.422644 3.954796 0.522876
v -0.4455752 4.197603 0.4342487
v -0.2174568 3.441605 0.5039445
v -0.3581519 3.72986 0.5353923
v -0.2460116 3.600269 0.183955
v -1.297638 2.854014 0.1907583
v -1.000063 2.964874 0.02440422
v -1.361516 2.869673 0.06164463
v -1.345845 2.87739 0.1977162
v -1.297638 2.854014 0.1907583
v -1.361516 2.869673 0.06164463
v -1.345845 2.87739 0.1977162
v -1.361516 2.869673 0.06164463
v -1.377087 2.882602 0.1254822
v -1.361516 2.869673 0.06164463
v -1.416566 2.920952 0.1013247
v -1.377087 2.882602 0.1254822
v -1.361516 2.869673 0.06164463
v -1.409752 2.927947 0.05057092
v -1.416566 2.920952 0.1013247
v -1.193836 3.102983 -0.1093566
v -1.409752 2.927947 0.05057092
v -1.361516 2.869673 0.06164463
v -1.409752 2.927947 0.05057092
v -1.442976 2.980823 0.1560292
v -1.416566 2.920952 0.1013247
v -1.409752 2.927947 0.05057092
v -1.439758 3.004295 0.1211207
v -1.442976 2.980823 0.1560292
v -1.193836 3.102983 -0.1093566
v -1.439758 3.004295 0.1211207
v -1.409752 2.927947 0.05057092
v -1.439758 3.004295 0.1211207
v -1.422661 3.008016 0.2650535
v -1.442976 2.980823 0.1560292
v -1.193836 3.102983 -0.1093566
v -1.174531 3.212698 -0.03338784
v -1.439758 3.004295 0.1211207
v -1.439758 3.004295 0.1211207
v -1.419088 3.042596 0.2514914
v -1.422661 3.008016 0.2650535
v -1.439758 3.004295 0.1211207
v -1.068589 3.294178 0.1101693
v -1.419088 3.042596 0.2514914
v -1.419088 3.042596 0.2514914
v -1.375009 2.969153 0.3121532
v -1.422661 3.008016 0.2650535
v -1.419088 3.042596 0.2514914
v -1.337605 2.992898 0.3370232
v -1.375009 2.969153 0.3121532
v -1.337605 2.992898 0.3370232
v -1.341984 2.906568 0.2689627
v -1.375009 2.969153 0.3121532
v -1.337605 2.992898 0.3370232
v -1.287453 2.905411 0.2982808
v -1.341984 2.906568 0.2689627
v -1.287453 2.905411 0.2982808
v -1.345845 2.87739 0.1977162
v -1.341984 2.906568 0.2689627
v -1.287453 2.905411 0.2982808
v -1.297638 2.854014 0.1907583
v -1.345845 2.87739 0.1977162
v -0.9132304 3.111429 0.1675246
v -1.000063 2.964874 0.02440422
v -1.297638 2.854014 0.1907583
v 2.215497E-07 3.893396 -0.06448327
v 0.2460121 3.600268 0.1839548
v 2.89318E-07 3.539772 0.2391644
v 2.215497E-07 3.893396 -0.06448327
v 2.89318E-07 3.539772 0.2391644
v -0.2460116 3.600269 0.183955
v 0.1507368 3.400543 0.2858194
v 2.89318E-07 3.539772 0.2391644
v 0.2460121 3.600268 0.1839548
v -0.1507365 3.400546 0.2858198
v -0.2460116 3.600269 0.183955
v 2.89318E-07 3.539772 0.2391644
v 2.762304E-07 3.078967 0.3757383
v -0.1507365 3.400546 0.2858198
v 2.89318E-07 3.539772 0.2391644
v 0.5481492 4.213409 0.4591608
v 0.422645 3.981397 0.528554
v 0.4455761 4.197603 0.4342483
v 0.2037079 5.067868 0.07962912
v 0.3822537 5.011584 0.09542824
v 0.3306714 4.943774 0.1419836
v 0.2037079 5.067868 0.07962912
v 0.3306714 4.943774 0.1419836
v 0.1653355 4.963426 0.1384188
v 0.2037079 5.067868 0.07962912
v 0.1653355 4.963426 0.1384188
v -2.90127E-07 4.983076 0.134854
v -5.552016E-07 5.083754 0.07782955
v 0.2037079 5.067868 0.07962912
v -2.90127E-07 4.983076 0.134854
v -5.552016E-07 5.083754 0.07782955
v -2.90127E-07 4.983076 0.134854
v -0.2037093 5.067868 0.08345839
v -0.2037093 5.067868 0.08345839
v -2.90127E-07 4.983076 0.134854
v -0.165336 4.963426 0.138419
v -0.2037093 5.067868 0.08345839
v -0.165336 4.963426 0.138419
v -0.3306721 4.943775 0.1419839
v -0.4975735 4.867686 0.1545134
v -0.3822552 5.011585 0.1026138
v -0.3306721 4.943775 0.1419839
v -0.4267781 4.834563 0.188718
v -0.4975735 4.867686 0.1545134
v -0.3306721 4.943775 0.1419839
v -0.4786491 4.513351 0.3399481
v -0.4975735 4.867686 0.1545134
v -0.4267781 4.834563 0.188718
v -0.4455752 4.197603 0.4342487
v -0.5694473 4.53571 0.3277927
v -0.4786491 4.513351 0.3399481
v -0.5481482 4.213409 0.4591612
v -0.422644 3.954796 0.522876
v -0.508274 3.986419 0.5292752
v -1.889169 2.549258 0.5381254
v -1.973782 2.522049 0.5502137
v -1.937586 2.608328 0.542078
v -1.988003 2.522128 0.5001925
v -1.958327 2.607548 0.4764132
v -1.937586 2.608328 0.542078
v -2.008343 2.472442 0.4716675
v -2.002364 2.45519 0.4046685
v -1.953636 2.575049 0.4549655
v -2.002364 2.45519 0.4046685
v -1.922328 2.557597 0.3325127
v -1.953636 2.575049 0.4549655
v -1.898331 2.545326 0.2325331
v -1.966029 2.459301 0.3136559
v -1.928497 2.471426 0.2708893
v -1.797496 2.707556 0.1852069
v -1.714577 2.797513 0.3704171
v -1.85849 2.705102 0.4296001
v -1.614424 2.650061 0.5336392
v -1.692248 2.626657 0.5774226
v -1.656201 2.696909 0.5539514
v -1.737691 2.63739 0.5076501
v -1.646255 2.656541 0.4805121
v -1.700175 2.707349 0.5217317
v -0.110783 3.935363 0.2604672
v -0.08072905 3.563968 0.1644951
v -0.09017177 3.658221 0.02900333
v 0.4561466 4.457769 0.6087947
v 0.1722206 4.568375 0.6505487
v 0.2052963 4.501966 1.123315
v 6.377662E-07 4.575103 0.6902437
v -0.1722194 4.568375 0.6505489
v 8.262514E-07 4.562997 1.162623
v 8.262514E-07 4.562997 1.162623
v -0.1722194 4.568375 0.6505489
v -0.1779451 4.513991 1.153401
v -0.1691965 4.993723 0.0757952
v -0.1876092 5.015866 0.3040461
v -0.3293113 4.971233 0.3032507
v 0.1465439 0.0007269662 0.5797302
v 0.377753 -0.002485045 0.3336623
v 0.07466293 -0.0008366241 0.3521035
v 0.536588 -0.007029961 -0.3759381
v 0.6546534 -0.004059302 0.08896565
v 0.5842579 0.3675826 0.0567216
v 0.1066777 0.326884 -0.1955772
v 0.2121113 0.6616096 -0.08442306
v 0.1278422 0.4286218 -0.1049017
v 0.1278422 0.4286218 -0.1049017
v 0.277805 0.7608857 0.0002205726
v 0.3520334 0.5611131 0.08786222
v 1.645316 2.620415 0.3539921
v 1.659761 2.583586 0.5177016
v 1.699645 2.569489 0.466088
v 1.97712 2.415583 0.5200182
v 1.964062 2.416548 0.5698554
v 1.935604 2.516717 0.5639992
v 1.897158 2.373339 0.2977986
v 1.984073 2.379194 0.3339573
v 1.945725 2.389277 0.2915478
v 1.661987 2.758109 0.1690557
v 1.72398 2.738199 0.3946382
v 1.48428 2.870729 0.3083634
v 1.802536 2.637268 0.2085615
v 1.72398 2.738199 0.3946382
v 1.661987 2.758109 0.1690557
v 1.689834 2.631823 0.5763326
v 1.633735 2.554693 0.6328327
v 1.637503 2.63364 0.5897939
v 0.003124967 2.452463 0.30549
v -0.1317463 2.606105 0.3167798
v 0.006248065 2.585276 0.3792624
v -0.3655268 2.458451 -0.2197134
v -0.4932688 2.575012 -0.09934424
v -0.4673079 2.445234 -0.08508245
v 0.1794557 2.610468 -0.3232632
v 0.1746175 2.45402 -0.287948
v 0.3665346 2.458454 -0.2197115
v 0.468698 2.435432 0.08301436
v 0.4932687 2.575012 -0.0993447
v 0.4685065 2.445243 -0.08508061
v -0.4814626 4.770246 -0.03383996
v -0.3054289 4.943768 -0.1262027
v -0.3822552 5.011585 0.1026138
v 0.4814579 4.770247 -0.03384038
v 0.4975732 4.867684 0.1457374
v 0.3822537 5.011584 0.09542824
v 0.2433332 2.203982 -0.1114175
v 0.2139588 1.523602 0.0204646
v 0.2886062 1.563743 -0.09283818
v 0.2433332 2.203982 -0.1114175
v 0.1762639 2.165617 0.003825529
v 0.2139588 1.523602 0.0204646
v 0.09051654 2.254017 0.01506157
v 0.2433332 2.203982 -0.1114175
v 0.1184769 2.277081 -0.1311444
v 0.4009444 1.331679 0.1219633
v 0.2997701 1.276258 0.08123019
v 0.3005057 1.343834 0.1288747
v 0.2139588 1.523602 0.0204646
v 0.3010673 1.588067 0.1291072
v 0.3005057 1.343834 0.1288747
v 0.4013837 1.589459 0.1237097
v 0.4009444 1.331679 0.1219633
v 0.3005057 1.343834 0.1288747
v 0.2997701 1.276258 0.08123019
v 0.2139588 1.523602 0.0204646
v 0.3005057 1.343834 0.1288747
v 0.4535124 1.541931 0.02314591
v 0.4334575 2.207794 0.01710845
v 0.3574761 2.255492 -0.09762295
v 0.4334575 2.207794 0.01710845
v 0.3646597 2.210828 0.1539674
v 0.3541718 2.362309 0.1532872
v -0.2385136 2.356798 0.2180298
v -0.3577691 2.210828 0.1539673
v -0.3514963 2.367047 0.1517843
v -0.4265666 2.207794 0.01710822
v -0.4189574 2.374553 0.01628415
v -0.3514963 2.367047 0.1517843
v -0.3614416 2.372204 -0.09298502
v -0.4265666 2.207794 0.01710822
v -0.3519512 2.255499 -0.09762172
v -0.4265666 2.207794 0.01710822
v -0.3944798 1.589459 0.1237094
v -0.4466082 1.54193 0.0231465
v -0.3944798 1.589459 0.1237094
v -0.2941634 1.588069 0.1291074
v -0.2935956 1.343834 0.1288699
v -0.3944798 1.589459 0.1237094
v -0.3940347 1.33168 0.1219653
v -0.4466082 1.54193 0.0231465
v -0.2928643 1.276257 0.08122496
v -0.2935956 1.343834 0.1288699
v -0.2070545 1.523605 0.02046226
v -0.1929381 1.317625 -0.006971829
v -0.2928643 1.276257 0.08122496
v -0.2070545 1.523605 0.02046226
v -0.3940347 1.33168 0.1219653
v -0.3936936 1.281058 0.07679107
v -0.4466082 1.54193 0.0231465
v 1.420452 2.975859 0.1342111
v 1.40028 3.013659 0.2648074
v 1.026926 3.280735 0.1201923
v 1.40028 3.013659 0.2648074
v 1.356643 2.9399 0.325399
v 1.317845 2.964539 0.3502197
v 1.317845 2.964539 0.3502197
v 1.323568 2.877389 0.2821304
v 1.267884 2.876952 0.3114165
v 1.317845 2.964539 0.3502197
v 1.267884 2.876952 0.3114165
v 0.8707066 3.098552 0.1772025
v 0.1982375 2.988822 -0.3289177
v 0.390611 2.954943 -0.2460067
v 0.4098358 3.333911 -0.2364111
v -0.1982376 2.988822 -0.3289176
v 3.980909E-05 2.603621 -0.3581324
v 4.295198E-05 3.017658 -0.3647101
v 4.295198E-05 3.017658 -0.3647101
v -0.2184939 3.358544 -0.3043796
v -0.1982376 2.988822 -0.3289176
v -0.3906111 2.95494 -0.2460065
v -0.1794561 2.61047 -0.3232636
v -0.1982376 2.988822 -0.3289176
v -0.5297105 -0.007034291 -0.3759359
v -0.5309093 0.1573897 -0.4032568
v -0.5773766 0.3675953 0.05672464
v -0.6003622 0.1566315 0.3616529
v -0.6477757 -0.004064109 0.08896694
v -0.5773766 0.3675953 0.05672464
v -1.478113 2.891016 0.3591823
v -1.341984 2.906568 0.2689627
v -1.437414 2.81811 0.3167634
v -1.578615 2.926907 0.3147749
v -1.375009 2.969153 0.3121532
v -1.478113 2.891016 0.3591823
v -1.558803 2.914123 0.1929823
v -1.422661 3.008016 0.2650535
v -1.578615 2.926907 0.3147749
v -1.523653 2.843329 0.139992
v -1.442976 2.980823 0.1560292
v -1.558803 2.914123 0.1929823
v -1.476026 2.791802 0.1592813
v -1.416566 2.920952 0.1013247
v -1.523653 2.843329 0.139992
v -1.440928 2.786212 0.2412878
v -1.377087 2.882602 0.1254822
v -1.476026 2.791802 0.1592813
v -1.439758 3.004295 0.1211207
v -1.174531 3.212698 -0.03338784
v -1.068589 3.294178 0.1101693
v -1.337605 2.992898 0.3370232
v -1.419088 3.042596 0.2514914
v -1.068589 3.294178 0.1101693
v -1.337605 2.992898 0.3370232
v -0.9132304 3.111429 0.1675246
v -1.287453 2.905411 0.2982808
v -0.9132304 3.111429 0.1675246
v -1.297638 2.854014 0.1907583
v -1.287453 2.905411 0.2982808
v 2.762304E-07 3.078967 0.3757383
v 2.89318E-07 3.539772 0.2391644
v 0.1507368 3.400543 0.2858194
v -0.2037093 5.067868 0.08345839
v -0.3306721 4.943775 0.1419839
v -0.3822552 5.011585 0.1026138
v -0.4786491 4.513351 0.3399481
v -0.5694473 4.53571 0.3277927
v -0.4975735 4.867686 0.1545134
v -0.4455752 4.197603 0.4342487
v -0.5481482 4.213409 0.4591612
v -0.5694473 4.53571 0.3277927
v 0.4561466 4.457769 0.6087947
v 0.4061245 4.41466 0.9934465
v 0.4390698 4.475115 1.021746
v 0.100394 0.2371883 0.4047934
v 0.1113916 0.172307 0.3867455
v 0.1384961 0.3888977 0.109796
v 0.6275657 0.2059595 0.3742947
v 0.5896907 0.3670366 0.1372136
v 0.6072405 0.1566393 0.3616487
v 0.485015 4.444999 0.5061353
v 0.5009545 4.409329 0.373479
v 0.5289594 4.277793 0.5165094
v 0.4528836 4.364411 0.4478765
v 0.5009545 4.409329 0.373479
v 0.4821139 4.138752 0.5204551
v -0.4561454 4.457768 0.6087951
v -0.4390678 4.472443 1.021746
v -0.4061229 4.41466 0.9934468
v -0.4390678 4.472443 1.021746
v -0.1779451 4.513991 1.153401
v -0.4061229 4.41466 0.9934468
v -0.4390678 4.472443 1.021746
v -0.1879817 4.578948 1.180946
v -0.1779451 4.513991 1.153401
v 8.262514E-07 4.562997 1.162623
v -0.1779451 4.513991 1.153401
v -0.1879817 4.578948 1.180946
v 8.262514E-07 4.562997 1.162623
v -0.1879817 4.578948 1.180946
v 8.504862E-07 4.630198 1.193566
v 8.262514E-07 4.562997 1.162623
v 8.504862E-07 4.630198 1.193566
v 0.2153329 4.569594 1.150861
v 8.262514E-07 4.562997 1.162623
v 0.2153329 4.569594 1.150861
v 0.2052963 4.501966 1.123315
v 0.4390698 4.475115 1.021746
v 0.2052963 4.501966 1.123315
v 0.2153329 4.569594 1.150861
v 0.4390698 4.475115 1.021746
v 0.4061245 4.41466 0.9934465
v 0.2052963 4.501966 1.123315
v -0.4528825 4.364411 0.4478767
v -0.4455752 4.197603 0.4342487
v -0.4615349 4.174167 0.5238225
v -0.09351333 0.2371826 0.4047977
v -0.1316139 0.3888989 0.1097937
v -0.1045116 0.1723016 0.3867497
v -0.6206871 0.2059517 0.374299
v -0.6003622 0.1566315 0.3616529
v -0.5828092 0.3670311 0.1372153
v -0.2307313 2.857198 0.3904515
v -0.188068 2.877824 0.4251533
v -0.1682975 2.85538 0.3863011
v 0.21128 2.730893 0.4234391
v 0.2633829 2.735307 0.4609739
v 0.2735483 2.73349 0.4116042
v -1.93616 2.496871 0.5421375
v -1.889169 2.549258 0.5381254
v -1.89416 2.535993 0.4673192
v -1.889169 2.549258 0.5381254
v -1.846197 2.583946 0.4432944
v -1.89416 2.535993 0.4673192
v -1.889169 2.549258 0.5381254
v -1.843895 2.596848 0.5174528
v -1.846197 2.583946 0.4432944
v -1.846197 2.583946 0.4432944
v -1.793334 2.631085 0.5025694
v -1.800434 2.619825 0.4233925
v -1.846197 2.583946 0.4432944
v -1.843895 2.596848 0.5174528
v -1.793334 2.631085 0.5025694
v -1.677193 2.642896 0.4362988
v -1.626526 2.685239 0.3317837
v -1.800434 2.619825 0.4233925
v -1.626526 2.685239 0.3317837
v -1.677193 2.642896 0.4362988
v -1.646255 2.656541 0.4805121
v -1.800434 2.619825 0.4233925
v -1.793334 2.631085 0.5025694
v -1.677193 2.642896 0.4362988
v -1.846843 2.550391 0.3361705
v -1.800434 2.619825 0.4233925
v -1.80138 2.59769 0.3269965
v -1.846843 2.550391 0.3361705
v -1.849669 2.587531 0.4353366
v -1.800434 2.619825 0.4233925
v -1.900448 2.490942 0.3526399
v -1.897424 2.533804 0.4524195
v -1.849669 2.587531 0.4353366
v -1.900448 2.490942 0.3526399
v -1.849669 2.587531 0.4353366
v -1.846843 2.550391 0.3361705
v -1.838998 2.5085 0.2370934
v -1.876478 2.458082 0.2769829
v -1.900448 2.490942 0.3526399
v -1.838998 2.5085 0.2370934
v -1.900448 2.490942 0.3526399
v -1.846843 2.550391 0.3361705
v -1.783866 2.562034 0.2140006
v -1.838998 2.5085 0.2370934
v -1.846843 2.550391 0.3361705
v -1.783866 2.562034 0.2140006
v -1.846843 2.550391 0.3361705
v -1.80138 2.59769 0.3269965
v -1.735595 2.622562 0.1914155
v -1.783866 2.562034 0.2140006
v -1.80138 2.59769 0.3269965
v -1.612696 2.736836 0.1527832
v -1.443641 2.854988 0.3027409
v -1.468396 2.838968 0.1851677
v -1.626526 2.685239 0.3317837
v -1.646255 2.656541 0.4805121
v -1.55293 2.676764 0.431965
v -1.443641 2.854988 0.3027409
v -1.55293 2.676764 0.431965
v -1.500541 2.74733 0.4281916
v -1.500541 2.74733 0.4281916
v -1.55293 2.676764 0.431965
v -1.555084 2.711953 0.5004991
v -1.646255 2.656541 0.4805121
v -1.555084 2.711953 0.5004991
v -1.55293 2.676764 0.431965
v -1.614424 2.650061 0.5336392
v -1.555084 2.711953 0.5004991
v -1.646255 2.656541 0.4805121
v -1.646255 2.656541 0.4805121
v -1.650525 2.567697 0.562333
v -1.614424 2.650061 0.5336392
v -1.889169 2.549258 0.5381254
v -1.937586 2.608328 0.542078
v -1.889275 2.65956 0.5277624
v -1.889169 2.549258 0.5381254
v -1.889275 2.65956 0.5277624
v -1.843895 2.596848 0.5174528
v -1.733768 2.756067 0.4834434
v -1.836275 2.69313 0.5137571
v -1.85849 2.705102 0.4296001
v -1.843895 2.596848 0.5174528
v -1.889275 2.65956 0.5277624
v -1.836275 2.69313 0.5137571
v -1.793334 2.631085 0.5025694
v -1.836275 2.69313 0.5137571
v -1.733768 2.756067 0.4834434
v -1.843895 2.596848 0.5174528
v -1.836275 2.69313 0.5137571
v -1.793334 2.631085 0.5025694
v -1.916028 2.667134 0.4531252
v -1.889275 2.65956 0.5277624
v -1.937586 2.608328 0.542078
v -1.836275 2.69313 0.5137571
v -1.889275 2.65956 0.5277624
v -1.916028 2.667134 0.4531252
v -1.836275 2.69313 0.5137571
v -1.916028 2.667134 0.4531252
v -1.85849 2.705102 0.4296001
v -1.916028 2.667134 0.4531252
v -1.937586 2.608328 0.542078
v -1.958327 2.607548 0.4764132
v -1.846197 2.583946 0.4432944
v -1.916028 2.667134 0.4531252
v -1.958327 2.607548 0.4764132
v -1.846197 2.583946 0.4432944
v -1.958327 2.607548 0.4764132
v -1.89416 2.535993 0.4673192
v -1.800434 2.619825 0.4233925
v -1.85849 2.705102 0.4296001
v -1.916028 2.667134 0.4531252
v -1.800434 2.619825 0.4233925
v -1.916028 2.667134 0.4531252
v -1.846197 2.583946 0.4432944
v -1.793334 2.631085 0.5025694
v -1.733768 2.756067 0.4834434
v -1.693477 2.696933 0.464619
v -1.733768 2.756067 0.4834434
v -1.646255 2.656541 0.4805121
v -1.693477 2.696933 0.464619
v -1.793334 2.631085 0.5025694
v -1.693477 2.696933 0.464619
v -1.677193 2.642896 0.4362988
v -1.693477 2.696933 0.464619
v -1.646255 2.656541 0.4805121
v -1.677193 2.642896 0.4362988
v -1.800434 2.619825 0.4233925
v -1.903331 2.663298 0.4374052
v -1.85849 2.705102 0.4296001
v -1.800434 2.619825 0.4233925
v -1.849669 2.587531 0.4353366
v -1.903331 2.663298 0.4374052
v -1.849669 2.587531 0.4353366
v -1.953636 2.575049 0.4549655
v -1.903331 2.663298 0.4374052
v -1.849669 2.587531 0.4353366
v -1.897424 2.533804 0.4524195
v -1.953636 2.575049 0.4549655
v -1.897424 2.533804 0.4524195
v -1.963534 2.458671 0.4722328
v -1.953636 2.575049 0.4549655
v -1.797496 2.707556 0.1852069
v -1.85849 2.705102 0.4296001
v -1.882268 2.652355 0.3201048
v -1.882268 2.652355 0.3201048
v -1.85849 2.705102 0.4296001
v -1.903331 2.663298 0.4374052
v -1.882268 2.652355 0.3201048
v -1.903331 2.663298 0.4374052
v -1.953636 2.575049 0.4549655
v -1.882268 2.652355 0.3201048
v -1.953636 2.575049 0.4549655
v -1.922328 2.557597 0.3325127
v -1.856316 2.635744 0.2031329
v -1.922328 2.557597 0.3325127
v -1.898331 2.545326 0.2325331
v -1.797496 2.707556 0.1852069
v -1.882268 2.652355 0.3201048
v -1.856316 2.635744 0.2031329
v -1.856316 2.635744 0.2031329
v -1.882268 2.652355 0.3201048
v -1.922328 2.557597 0.3325127
v -1.838998 2.5085 0.2370934
v -1.898331 2.545326 0.2325331
v -1.928497 2.471426 0.2708893
v -1.838998 2.5085 0.2370934
v -1.928497 2.471426 0.2708893
v -1.876478 2.458082 0.2769829
v -1.783866 2.562034 0.2140006
v -1.898331 2.545326 0.2325331
v -1.838998 2.5085 0.2370934
v -1.783866 2.562034 0.2140006
v -1.856316 2.635744 0.2031329
v -1.898331 2.545326 0.2325331
v -1.735595 2.622562 0.1914155
v -1.856316 2.635744 0.2031329
v -1.783866 2.562034 0.2140006
v -1.663626 2.807022 0.1493017
v -1.797496 2.707556 0.1852069
v -1.735595 2.622562 0.1914155
v -1.735595 2.622562 0.1914155
v -1.797496 2.707556 0.1852069
v -1.856316 2.635744 0.2031329
v -1.499425 2.884392 0.1887272
v -1.612696 2.736836 0.1527832
v -1.468396 2.838968 0.1851677
v -1.663626 2.807022 0.1493017
v -1.499425 2.884392 0.1887272
v -1.492287 2.906057 0.2920158
v -1.714577 2.797513 0.3704171
v -1.585932 2.824694 0.4625354
v -1.733768 2.756067 0.4834434
v -1.714577 2.797513 0.3704171
v -1.492287 2.906057 0.2920158
v -1.585932 2.824694 0.4625354
v -1.500541 2.74733 0.4281916
v -1.585932 2.824694 0.4625354
v -1.492287 2.906057 0.2920158
v -1.733768 2.756067 0.4834434
v -1.585932 2.824694 0.4625354
v -1.602822 2.771114 0.5168276
v -1.500541 2.74733 0.4281916
v -1.602822 2.771114 0.5168276
v -1.585932 2.824694 0.4625354
v -1.656201 2.696909 0.5539514
v -1.700175 2.707349 0.5217317
v -1.602822 2.771114 0.5168276
v -1.614424 2.650061 0.5336392
v -1.656201 2.696909 0.5539514
v -1.555084 2.711953 0.5004991
v -1.555084 2.711953 0.5004991
v -1.656201 2.696909 0.5539514
v -1.602822 2.771114 0.5168276
v -1.555084 2.711953 0.5004991
v -1.602822 2.771114 0.5168276
v -1.500541 2.74733 0.4281916
v -1.646255 2.656541 0.4805121
v -1.690475 2.743594 0.4937352
v -1.700175 2.707349 0.5217317
v -1.733768 2.756067 0.4834434
v -1.690475 2.743594 0.4937352
v -1.646255 2.656541 0.4805121
v -1.733768 2.756067 0.4834434
v -1.602822 2.771114 0.5168276
v -1.690475 2.743594 0.4937352
v -1.602822 2.771114 0.5168276
v -1.700175 2.707349 0.5217317
v -1.690475 2.743594 0.4937352
v 3.58184E-07 3.900698 0.2895732
v 0.1107837 3.935363 0.2604671
v 0.0807294 3.563968 0.1644951
v 0.1107837 3.935363 0.2604671
v 0.07978683 3.658668 0.02801897
v 0.0807294 3.563968 0.1644951
v 0.1107837 3.935363 0.2604671
v 0.1395105 4.008382 0.0803654
v 0.07978683 3.658668 0.02801897
v 0.3647268 4.553235 0.7340187
v 0.4374571 4.886898 0.5168613
v 0.4561466 4.457769 0.6087947
v 0.3647268 4.553235 0.7340187
v 0.3515008 4.971685 0.5952695
v 0.4374571 4.886898 0.5168613
v 0.190986 5.016611 0.6834556
v 0.3515008 4.971685 0.5952695
v 0.3647268 4.553235 0.7340187
v 0.190986 5.016611 0.6834556
v 0.3647268 4.553235 0.7340187
v 0.1887944 4.622919 0.8361716
v 7.291183E-07 4.661758 0.8790974
v 0.190986 5.016611 0.6834556
v 0.1887944 4.622919 0.8361716
v 7.291183E-07 4.661758 0.8790974
v 7.314759E-07 5.021557 0.7290325
v 0.190986 5.016611 0.6834556
v 7.291183E-07 4.661758 0.8790974
v -0.1909847 5.016613 0.6834561
v 7.314759E-07 5.021557 0.7290325
v 7.291183E-07 4.661758 0.8790974
v -0.188793 4.622919 0.8361714
v -0.1909847 5.016613 0.6834561
v -0.1909847 5.016613 0.6834561
v -0.188793 4.622919 0.8361714
v -0.3647252 4.550563 0.7340186
v -0.1909847 5.016613 0.6834561
v -0.3647252 4.550563 0.7340186
v -0.3514995 4.971685 0.5952698
v -0.3647252 4.550563 0.7340186
v -0.437456 4.886899 0.5168617
v -0.3514995 4.971685 0.5952698
v -0.3647252 4.550563 0.7340186
v -0.4561454 4.457768 0.6087951
v -0.437456 4.886899 0.5168617
v 0.485015 4.444999 0.5061353
v 0.4067366 4.458612 0.454886
v 0.4561466 4.457769 0.6087947
v 0.4061245 4.41466 0.9934465
v 0.4561466 4.457769 0.6087947
v 0.2052963 4.501966 1.123315
v -0.4061229 4.41466 0.9934468
v -0.1779451 4.513991 1.153401
v -0.4561454 4.457768 0.6087951
v 0.4390698 4.475115 1.021746
v 0.3647268 4.553235 0.7340187
v 0.4561466 4.457769 0.6087947
v 0.3647268 4.553235 0.7340187
v 0.4390698 4.475115 1.021746
v 0.2153329 4.569594 1.150861
v 0.3647268 4.553235 0.7340187
v 0.2153329 4.569594 1.150861
v 0.1887944 4.622919 0.8361716
v 0.1887944 4.622919 0.8361716
v 0.2153329 4.569594 1.150861
v 8.504862E-07 4.630198 1.193566
v 0.1887944 4.622919 0.8361716
v 8.504862E-07 4.630198 1.193566
v 7.291183E-07 4.661758 0.8790974
v 7.291183E-07 4.661758 0.8790974
v 8.504862E-07 4.630198 1.193566
v -0.1882931 4.595829 1.048595
v -0.1882931 4.595829 1.048595
v -0.188793 4.622919 0.8361714
v 7.291183E-07 4.661758 0.8790974
v 8.504862E-07 4.630198 1.193566
v -0.1879817 4.578948 1.180946
v -0.1882931 4.595829 1.048595
v -0.3647252 4.550563 0.7340186
v -0.1882931 4.595829 1.048595
v -0.1879817 4.578948 1.180946
v -0.3647252 4.550563 0.7340186
v -0.188793 4.622919 0.8361714
v -0.1882931 4.595829 1.048595
v -0.3647252 4.550563 0.7340186
v -0.1879817 4.578948 1.180946
v -0.4390678 4.472443 1.021746
v -0.4390678 4.472443 1.021746
v -0.4561454 4.457768 0.6087951
v -0.3647252 4.550563 0.7340186
v 0.4358984 4.826564 0.1496587
v 0.5009545 4.409329 0.373479
v 0.485015 4.444999 0.5061353
v 0.436678 4.856731 0.33326
v 0.4358984 4.826564 0.1496587
v 0.485015 4.444999 0.5061353
v 0.4374571 4.886898 0.5168613
v 0.436678 4.856731 0.33326
v 0.485015 4.444999 0.5061353
v 0.4374571 4.886898 0.5168613
v 0.485015 4.444999 0.5061353
v 0.4561466 4.457769 0.6087947
v 0.1691949 4.993726 0.07579508
v 0.3383906 4.942094 0.1029023
v 0.3434555 4.961082 0.3032504
v 0.3515008 4.971685 0.5952695
v 0.3434555 4.961082 0.3032504
v 0.436678 4.856731 0.33326
v 0.3515008 4.971685 0.5952695
v 0.436678 4.856731 0.33326
v 0.4374571 4.886898 0.5168613
v 0.3434555 4.961082 0.3032504
v 0.3515008 4.971685 0.5952695
v 0.190986 5.016611 0.6834556
v 0.3434555 4.961082 0.3032504
v 0.190986 5.016611 0.6834556
v 0.1736819 5.02298 0.3042084
v 0.1691949 4.993726 0.07579508
v 0.3434555 4.961082 0.3032504
v 0.1736819 5.02298 0.3042084
v -7.526245E-07 5.005401 0.04868783
v 0.1691949 4.993726 0.07579508
v 0.1736819 5.02298 0.3042084
v 0.007958357 5.043922 0.3051435
v 0.1736819 5.02298 0.3042084
v 0.190986 5.016611 0.6834556
v -7.526245E-07 5.005401 0.04868783
v 0.1736819 5.02298 0.3042084
v 0.007958357 5.043922 0.3051435
v -7.526245E-07 5.005401 0.04868783
v 0.007958357 5.043922 0.3051435
v -0.1876092 5.015866 0.3040461
v 7.314759E-07 5.021557 0.7290325
v 0.007958357 5.043922 0.3051435
v 0.190986 5.016611 0.6834556
v 7.314759E-07 5.021557 0.7290325
v -0.1909847 5.016613 0.6834561
v 0.007958357 5.043922 0.3051435
v -0.3293113 4.971233 0.3032507
v -0.1876092 5.015866 0.3040461
v -0.1909847 5.016613 0.6834561
v -0.1876092 5.015866 0.3040461
v 0.007958357 5.043922 0.3051435
v -0.1909847 5.016613 0.6834561
v -0.3293113 4.971233 0.3032507
v -0.1909847 5.016613 0.6834561
v -0.3514995 4.971685 0.5952698
v -0.3293113 4.971233 0.3032507
v -0.3514995 4.971685 0.5952698
v -0.437456 4.886899 0.5168617
v -0.3293113 4.971233 0.3032507
v -0.437456 4.886899 0.5168617
v -0.4366769 4.856731 0.3332604
v 0.5358332 0.7566974 0.1743974
v 0.6459062 0.6417301 0.06635816
v 0.6342223 0.6196859 0.1897494
v 0.5541785 0.6595917 0.2875868
v 0.5358332 0.7566974 0.1743974
v 0.6342223 0.6196859 0.1897494
v 0.2431374 0.6607603 0.3397595
v 0.5358332 0.7566974 0.1743974
v 0.5541785 0.6595917 0.2875868
v 0.2431374 0.6607603 0.3397595
v 0.252331 0.7597287 0.2205696
v 0.5358332 0.7566974 0.1743974
v 0.0874629 0.6408447 0.2566133
v 0.252331 0.7597287 0.2205696
v 0.2431374 0.6607603 0.3397595
v 0.0874629 0.6408447 0.2566133
v 0.1271582 0.687704 0.09851901
v 0.252331 0.7597287 0.2205696
v 0.1353686 0.3890545 0.04772589
v 0.0874629 0.6408447 0.2566133
v 0.1384961 0.3888977 0.109796
v 0.1353686 0.3890545 0.04772589
v 0.1271582 0.687704 0.09851901
v 0.0874629 0.6408447 0.2566133
v 0.6342223 0.6196859 0.1897494
v 0.6459062 0.6417301 0.06635816
v 0.5842579 0.3675826 0.0567216
v 0.6342223 0.6196859 0.1897494
v 0.5842579 0.3675826 0.0567216
v 0.5896907 0.3670366 0.1372136
v 0.5541785 0.6595917 0.2875868
v 0.6342223 0.6196859 0.1897494
v 0.5896907 0.3670366 0.1372136
v 0.5541785 0.6595917 0.2875868
v 0.5896907 0.3670366 0.1372136
v 0.4990689 0.4434055 0.2062259
v 0.1465439 0.0007269662 0.5797302
v 0.1113916 0.172307 0.3867455
v 0.1561437 0.1026631 0.5651253
v 0.1326252 -0.004107028 0.07895937
v 0.1353686 0.3890545 0.04772589
v 0.1113916 0.172307 0.3867455
v 0.1353686 0.3890545 0.04772589
v 0.1384961 0.3888977 0.109796
v 0.1113916 0.172307 0.3867455
v 0.1326252 -0.004107028 0.07895937
v 0.1113916 0.172307 0.3867455
v 0.07466293 -0.0008366241 0.3521035
v 0.1465439 0.0007269662 0.5797302
v 0.07466293 -0.0008366241 0.3521035
v 0.1113916 0.172307 0.3867455
v 0.5896907 0.3670366 0.1372136
v 0.5842579 0.3675826 0.0567216
v 0.6072405 0.1566393 0.3616487
v 0.5743523 0.0005684912 0.563069
v 0.5607749 0.1078382 0.5643223
v 0.6072405 0.1566393 0.3616487
v 0.3456807 0.001171755 0.6501783
v 0.5607749 0.1078382 0.5643223
v 0.5743523 0.0005684912 0.563069
v 0.3456807 0.001171755 0.6501783
v 0.3431263 0.105504 0.6430687
v 0.5607749 0.1078382 0.5643223
v 0.6072405 0.1566393 0.3616487
v 0.5607749 0.1078382 0.5643223
v 0.4836463 0.1833286 0.4622797
v 0.5607749 0.1078382 0.5643223
v 0.3431263 0.105504 0.6430687
v 0.3535678 0.1873448 0.4822814
v 0.5607749 0.1078382 0.5643223
v 0.3535678 0.1873448 0.4822814
v 0.4836463 0.1833286 0.4622797
v 0.1561437 0.1026631 0.5651253
v 0.1113916 0.172307 0.3867455
v 0.2219339 0.1849352 0.4556917
v 0.3431263 0.105504 0.6430687
v 0.1561437 0.1026631 0.5651253
v 0.2219339 0.1849352 0.4556917
v 0.3431263 0.105504 0.6430687
v 0.2219339 0.1849352 0.4556917
v 0.3535678 0.1873448 0.4822814
v 0.4990689 0.4434055 0.2062259
v 0.5896907 0.3670366 0.1372136
v 0.6275657 0.2059595 0.3742947
v 0.476812 0.2580795 0.4616964
v 0.4990689 0.4434055 0.2062259
v 0.6275657 0.2059595 0.3742947
v 0.476812 0.2580795 0.4616964
v 0.2552066 0.4453855 0.2034083
v 0.4990689 0.4434055 0.2062259
v 0.476812 0.2580795 0.4616964
v 0.2024005 0.2644275 0.4508783
v 0.2552066 0.4453855 0.2034083
v 0.100394 0.2371883 0.4047934
v 0.2552066 0.4453855 0.2034083
v 0.2024005 0.2644275 0.4508783
v 0.100394 0.2371883 0.4047934
v 0.1384961 0.3888977 0.109796
v 0.2552066 0.4453855 0.2034083
v 0.6275657 0.2059595 0.3742947
v 0.6072405 0.1566393 0.3616487
v 0.4836463 0.1833286 0.4622797
v 0.6275657 0.2059595 0.3742947
v 0.4836463 0.1833286 0.4622797
v 0.476812 0.2580795 0.4616964
v 0.476812 0.2580795 0.4616964
v 0.4836463 0.1833286 0.4622797
v 0.3535678 0.1873448 0.4822814
v 0.3535678 0.1873448 0.4822814
v 0.2024005 0.2644275 0.4508783
v 0.476812 0.2580795 0.4616964
v 0.3535678 0.1873448 0.4822814
v 0.2219339 0.1849352 0.4556917
v 0.2024005 0.2644275 0.4508783
v 0.2219339 0.1849352 0.4556917
v 0.100394 0.2371883 0.4047934
v 0.2024005 0.2644275 0.4508783
v 0.2219339 0.1849352 0.4556917
v 0.1113916 0.172307 0.3867455
v 0.100394 0.2371883 0.4047934
v 0.3470626 0.623258 0.1027779
v 0.06464975 0.4139335 -0.1027917
v 0.3710448 0.492957 -0.1204955
v 0.1353686 0.3890545 0.04772589
v 0.06464975 0.4139335 -0.1027917
v 0.3470626 0.623258 0.1027779
v 0.3710448 0.492957 -0.1204955
v 0.592865 0.526167 -0.0217946
v 0.3470626 0.623258 0.1027779
v 0.3710448 0.492957 -0.1204955
v 0.601644 0.321091 -0.294924
v 0.592865 0.526167 -0.0217946
v 0.3520334 0.5611131 0.08786222
v 0.4062866 0.7756233 0.008894129
v 0.5184478 0.4799993 -0.09498504
v 0.5184478 0.4799993 -0.09498504
v 0.4062866 0.7756233 0.008894129
v 0.4560457 0.687566 -0.1091783
v 0.5184478 0.4799993 -0.09498504
v 0.4560457 0.687566 -0.1091783
v 0.5286447 0.4635749 -0.2379636
v 0.5133318 0.3172099 -0.2300495
v 0.5184478 0.4799993 -0.09498504
v 0.5286447 0.4635749 -0.2379636
v 0.3905309 0.2899154 -0.3630396
v 0.5133318 0.3172099 -0.2300495
v 0.5286447 0.4635749 -0.2379636
v 0.3905309 0.2899154 -0.3630396
v 0.5286447 0.4635749 -0.2379636
v 0.3067239 0.3928761 -0.3982777
v 0.1641181 0.3202622 -0.3149273
v 0.3905309 0.2899154 -0.3630396
v 0.3067239 0.3928761 -0.3982777
v 0.4174275 2.900981 -0.06431008
v 0.4619873 3.151885 0.008442272
v 0.4420947 3.329057 -0.223852
v 0.4174275 2.900981 -0.06431008
v 0.4136707 2.896044 0.06545748
v 0.4619873 3.151885 0.008442272
v 0.4136707 2.896044 0.06545748
v 0.4488641 3.118458 0.24992
v 0.4619873 3.151885 0.008442272
v 1.928394 2.394462 0.560645
v 1.93732 2.393982 0.5092886
v 1.892651 2.444793 0.4867641
v 1.928394 2.394462 0.560645
v 1.892651 2.444793 0.4867641
v 1.888295 2.458408 0.5578168
v 1.888295 2.458408 0.5578168
v 1.892651 2.444793 0.4867641
v 1.850823 2.503608 0.4637495
v 1.888295 2.458408 0.5578168
v 1.850823 2.503608 0.4637495
v 1.849438 2.516881 0.5382214
v 1.812031 2.546337 0.4450709
v 1.699645 2.569489 0.466088
v 1.805959 2.558909 0.5243683
v 1.850823 2.503608 0.4637495
v 1.812031 2.546337 0.4450709
v 1.805959 2.558909 0.5243683
v 1.850823 2.503608 0.4637495
v 1.805959 2.558909 0.5243683
v 1.849438 2.516881 0.5382214
v 1.81372 2.520824 0.3488134
v 1.645316 2.620415 0.3539921
v 1.812031 2.546337 0.4450709
v 1.86098 2.470829 0.357598
v 1.81372 2.520824 0.3488134
v 1.812031 2.546337 0.4450709
v 1.86098 2.470829 0.357598
v 1.812031 2.546337 0.4450709
v 1.862922 2.51194 0.4570166
v 1.91942 2.41075 0.3735407
v 1.86098 2.470829 0.357598
v 1.862922 2.51194 0.4570166
v 1.91942 2.41075 0.3735407
v 1.862922 2.51194 0.4570166
v 1.912951 2.456593 0.4733726
v 1.912951 2.456593 0.4733726
v 1.9765 2.361801 0.4290095
v 1.91942 2.41075 0.3735407
v 1.986066 2.382269 0.4923837
v 1.9765 2.361801 0.4290095
v 1.912951 2.456593 0.4733726
v 1.91942 2.41075 0.3735407
v 1.940672 2.362437 0.3401292
v 1.897158 2.373339 0.2977986
v 1.854125 2.424654 0.2581197
v 1.91942 2.41075 0.3735407
v 1.897158 2.373339 0.2977986
v 1.854125 2.424654 0.2581197
v 1.86098 2.470829 0.357598
v 1.91942 2.41075 0.3735407
v 1.797476 2.481632 0.2354871
v 1.81372 2.520824 0.3488134
v 1.86098 2.470829 0.357598
v 1.797476 2.481632 0.2354871
v 1.86098 2.470829 0.357598
v 1.854125 2.424654 0.2581197
v 1.74847 2.547938 0.2134101
v 1.81372 2.520824 0.3488134
v 1.797476 2.481632 0.2354871
v 1.74847 2.547938 0.2134101
v 1.645316 2.620415 0.3539921
v 1.81372 2.520824 0.3488134
v 1.615959 2.684216 0.171816
v 1.645316 2.620415 0.3539921
v 1.74847 2.547938 0.2134101
v 1.645316 2.620415 0.3539921
v 1.582451 2.616452 0.4474849
v 1.659761 2.583586 0.5177016
v 1.645316 2.620415 0.3539921
v 1.439093 2.819705 0.3150779
v 1.582451 2.616452 0.4474849
v 1.439093 2.819705 0.3150779
v 1.527345 2.693239 0.4462084
v 1.582451 2.616452 0.4474849
v 1.604622 2.588869 0.5584708
v 1.659761 2.583586 0.5177016
v 1.576227 2.656884 0.5145702
v 1.527345 2.693239 0.4462084
v 1.576227 2.656884 0.5145702
v 1.582451 2.616452 0.4474849
v 1.659761 2.583586 0.5177016
v 1.582451 2.616452 0.4474849
v 1.576227 2.656884 0.5145702
v 1.888295 2.458408 0.5578168
v 1.893725 2.580327 0.5506715
v 1.935604 2.516717 0.5639992
v 1.888295 2.458408 0.5578168
v 1.849438 2.516881 0.5382214
v 1.893725 2.580327 0.5506715
v 1.849438 2.516881 0.5382214
v 1.844609 2.623502 0.536844
v 1.893725 2.580327 0.5506715
v 1.849438 2.516881 0.5382214
v 1.805959 2.558909 0.5243683
v 1.844609 2.623502 0.536844
v 1.746387 2.691946 0.5106264
v 1.864005 2.635209 0.453015
v 1.844609 2.623502 0.536844
v 1.746387 2.691946 0.5106264
v 1.72398 2.738199 0.3946382
v 1.864005 2.635209 0.453015
v 1.805959 2.558909 0.5243683
v 1.746387 2.691946 0.5106264
v 1.844609 2.623502 0.536844
v 1.844609 2.623502 0.536844
v 1.864005 2.635209 0.453015
v 1.91837 2.586535 0.4765106
v 1.844609 2.623502 0.536844
v 1.91837 2.586535 0.4765106
v 1.893725 2.580327 0.5506715
v 1.91837 2.586535 0.4765106
v 1.935604 2.516717 0.5639992
v 1.893725 2.580327 0.5506715
v 1.892651 2.444793 0.4867641
v 1.97712 2.415583 0.5200182
v 1.954942 2.514943 0.4985624
v 1.97712 2.415583 0.5200182
v 1.935604 2.516717 0.5639992
v 1.954942 2.514943 0.4985624
v 1.91837 2.586535 0.4765106
v 1.954942 2.514943 0.4985624
v 1.935604 2.516717 0.5639992
v 1.850823 2.503608 0.4637495
v 1.892651 2.444793 0.4867641
v 1.954942 2.514943 0.4985624
v 1.850823 2.503608 0.4637495
v 1.954942 2.514943 0.4985624
v 1.91837 2.586535 0.4765106
v 1.812031 2.546337 0.4450709
v 1.850823 2.503608 0.4637495
v 1.91837 2.586535 0.4765106
v 1.812031 2.546337 0.4450709
v 1.91837 2.586535 0.4765106
v 1.864005 2.635209 0.453015
v 1.805959 2.558909 0.5243683
v 1.712124 2.626325 0.4970029
v 1.746387 2.691946 0.5106264
v 1.805959 2.558909 0.5243683
v 1.699645 2.569489 0.466088
v 1.712124 2.626325 0.4970029
v 1.746387 2.691946 0.5106264
v 1.712124 2.626325 0.4970029
v 1.659761 2.583586 0.5177016
v 1.712124 2.626325 0.4970029
v 1.699645 2.569489 0.466088
v 1.659761 2.583586 0.5177016
v 1.703025 2.544555 0.5925335
v 1.689834 2.631823 0.5763326
v 1.659761 2.583586 0.5177016
v 1.661314 2.492754 0.56785
v 1.703025 2.544555 0.5925335
v 1.659761 2.583586 0.5177016
v 1.812031 2.546337 0.4450709
v 1.864005 2.635209 0.453015
v 1.907685 2.59194 0.4597894
v 1.862922 2.51194 0.4570166
v 1.907685 2.59194 0.4597894
v 1.961977 2.500019 0.4761209
v 1.862922 2.51194 0.4570166
v 1.961977 2.500019 0.4761209
v 1.912951 2.456593 0.4733726
v 1.812031 2.546337 0.4450709
v 1.907685 2.59194 0.4597894
v 1.862922 2.51194 0.4570166
v 1.802536 2.637268 0.2085615
v 1.886456 2.578206 0.3426042
v 1.864005 2.635209 0.453015
v 1.886456 2.578206 0.3426042
v 1.961977 2.500019 0.4761209
v 1.907685 2.59194 0.4597894
v 1.886456 2.578206 0.3426042
v 1.907685 2.59194 0.4597894
v 1.864005 2.635209 0.453015
v 1.984073 2.379194 0.3339573
v 2.021437 2.378474 0.4245816
v 1.930769 2.478519 0.3537386
v 1.90698 2.463731 0.2537817
v 1.984073 2.379194 0.3339573
v 1.930769 2.478519 0.3537386
v 2.021437 2.378474 0.4245816
v 1.961977 2.500019 0.4761209
v 1.930769 2.478519 0.3537386
v 1.886456 2.578206 0.3426042
v 1.930769 2.478519 0.3537386
v 1.961977 2.500019 0.4761209
v 1.861156 2.559238 0.2255705
v 1.90698 2.463731 0.2537817
v 1.930769 2.478519 0.3537386
v 1.861156 2.559238 0.2255705
v 1.930769 2.478519 0.3537386
v 1.886456 2.578206 0.3426042
v 1.802536 2.637268 0.2085615
v 1.861156 2.559238 0.2255705
v 1.886456 2.578206 0.3426042
v 1.854125 2.424654 0.2581197
v 1.945725 2.389277 0.2915478
v 1.90698 2.463731 0.2537817
v 1.854125 2.424654 0.2581197
v 1.897158 2.373339 0.2977986
v 1.945725 2.389277 0.2915478
v 1.797476 2.481632 0.2354871
v 1.854125 2.424654 0.2581197
v 1.90698 2.463731 0.2537817
v 1.797476 2.481632 0.2354871
v 1.90698 2.463731 0.2537817
v 1.861156 2.559238 0.2255705
v 1.74847 2.547938 0.2134101
v 1.861156 2.559238 0.2255705
v 1.802536 2.637268 0.2085615
v 1.661987 2.758109 0.1690557
v 1.74847 2.547938 0.2134101
v 1.802536 2.637268 0.2085615
v 1.74847 2.547938 0.2134101
v 1.797476 2.481632 0.2354871
v 1.861156 2.559238 0.2255705
v 1.661987 2.758109 0.1690557
v 1.615959 2.684216 0.171816
v 1.74847 2.547938 0.2134101
v 1.462896 2.868173 0.1948151
v 1.615959 2.684216 0.171816
v 1.661987 2.758109 0.1690557
v 1.72398 2.738199 0.3946382
v 1.604929 2.772761 0.483892
v 1.48428 2.870729 0.3083634
v 1.72398 2.738199 0.3946382
v 1.746387 2.691946 0.5106264
v 1.604929 2.772761 0.483892
v 1.527345 2.693239 0.4462084
v 1.48428 2.870729 0.3083634
v 1.604929 2.772761 0.483892
v 1.527345 2.693239 0.4462084
v 1.439093 2.819705 0.3150779
v 1.48428 2.870729 0.3083634
v 1.637503 2.63364 0.5897939
v 1.619237 2.717291 0.5349932
v 1.689834 2.631823 0.5763326
v 1.746387 2.691946 0.5106264
v 1.619237 2.717291 0.5349932
v 1.604929 2.772761 0.483892
v 1.527345 2.693239 0.4462084
v 1.604929 2.772761 0.483892
v 1.619237 2.717291 0.5349932
v 1.576227 2.656884 0.5145702
v 1.527345 2.693239 0.4462084
v 1.619237 2.717291 0.5349932
v 1.576227 2.656884 0.5145702
v 1.619237 2.717291 0.5349932
v 1.637503 2.63364 0.5897939
v 1.604622 2.588869 0.5584708
v 1.576227 2.656884 0.5145702
v 1.637503 2.63364 0.5897939
v 1.746387 2.691946 0.5106264
v 1.704518 2.674901 0.5312333
v 1.619237 2.717291 0.5349932
v 1.746387 2.691946 0.5106264
v 1.659761 2.583586 0.5177016
v 1.704518 2.674901 0.5312333
v 1.619237 2.717291 0.5349932
v 1.704518 2.674901 0.5312333
v 1.689834 2.631823 0.5763326
v 1.659761 2.583586 0.5177016
v 1.689834 2.631823 0.5763326
v 1.704518 2.674901 0.5312333
v 0.1066777 0.326884 -0.1955772
v 0.2552298 0.6536378 -0.2180423
v 0.2121113 0.6616096 -0.08442306
v 0.3751762 0.6653677 -0.2174185
v 0.2552298 0.6536378 -0.2180423
v 0.3067239 0.3928761 -0.3982777
v 0.5286447 0.4635749 -0.2379636
v 0.3751762 0.6653677 -0.2174185
v 0.3067239 0.3928761 -0.3982777
v 0.4560457 0.687566 -0.1091783
v 0.3751762 0.6653677 -0.2174185
v 0.5286447 0.4635749 -0.2379636
v 0.592865 0.526167 -0.0217946
v 0.5842579 0.3675826 0.0567216
v 0.3470626 0.623258 0.1027779
v 0.592865 0.526167 -0.0217946
v 0.6337471 0.2162635 -0.01901541
v 0.5842579 0.3675826 0.0567216
v 0.601644 0.321091 -0.294924
v 0.6337471 0.2162635 -0.01901541
v 0.592865 0.526167 -0.0217946
v 0.1184473 0.2036708 -0.03917953
v 0.0662133 0.1509221 -0.3665374
v 0.06464975 0.4139335 -0.1027917
v 0.1353686 0.3890545 0.04772589
v 0.1184473 0.2036708 -0.03917953
v 0.06464975 0.4139335 -0.1027917
v 0.4861269 2.793863 -0.09054843
v 0.4174275 2.900981 -0.06431008
v 0.4420947 3.329057 -0.223852
v 0.4861269 2.793863 -0.09054843
v 0.4790234 2.781675 0.09441612
v 0.4136707 2.896044 0.06545748
v 0.4790234 2.781675 0.09441612
v 0.4488641 3.118458 0.24992
v 0.4136707 2.896044 0.06545748
v 0.2513335 3.206428 0.3304698
v 0.1761449 3.248066 0.3523739
v 0.3443922 3.552281 0.2836915
v 2.762304E-07 3.078967 0.3757383
v 0.2513335 3.206428 0.3304698
v 0.154099 2.819426 0.3663719
v 0.006248065 2.585276 0.3792624
v -0.0001012384 2.832666 0.3970878
v 0.154099 2.819426 0.3663719
v -0.0001012384 2.832666 0.3970878
v 2.762304E-07 3.078967 0.3757383
v 0.154099 2.819426 0.3663719
v 0.006248065 2.585276 0.3792624
v -0.1317463 2.606105 0.3167798
v -0.1540986 2.819422 0.3663717
v 0.006248065 2.585276 0.3792624
v -0.1540986 2.819422 0.3663717
v -0.0001012384 2.832666 0.3970878
v -0.0001012384 2.832666 0.3970878
v -0.1540986 2.819422 0.3663717
v 2.762304E-07 3.078967 0.3757383
v -0.251333 3.206434 0.3304703
v -0.1761443 3.248053 0.3523733
v 2.762304E-07 3.078967 0.3757383
v 0.003124967 2.452463 0.30549
v 0.1317464 2.606105 0.3167795
v 0.1340074 2.448571 0.2883711
v 0.1340074 2.448571 0.2883711
v 0.0008328158 2.324444 0.3153841
v 0.003124967 2.452463 0.30549
v -0.1335037 2.448575 0.2883681
v 0.0008328158 2.324444 0.3153841
v -0.1259594 2.321647 0.2975376
v 0.3138955 2.421216 0.2192096
v 0.1274676 2.321638 0.2975418
v 0.1340074 2.448571 0.2883711
v -0.3126278 2.421217 0.2192097
v -0.1335037 2.448575 0.2883681
v -0.1259594 2.321647 0.2975376
v 0.3138955 2.421216 0.2192096
v 0.3129122 2.30969 0.2332474
v 0.1274676 2.321638 0.2975418
v -0.3126278 2.421217 0.2192097
v -0.1259594 2.321647 0.2975376
v -0.3096825 2.309686 0.2332495
v 0.4331212 2.414831 0.06968036
v 0.3129122 2.30969 0.2332474
v 0.3138955 2.421216 0.2192096
v -0.4311827 2.41482 0.0696822
v -0.3126278 2.421217 0.2192097
v -0.3096825 2.309686 0.2332495
v 0.4331212 2.414831 0.06968036
v 0.4318237 2.311249 0.07464147
v 0.3129122 2.30969 0.2332474
v -0.4311827 2.41482 0.0696822
v -0.3096825 2.309686 0.2332495
v -0.4283823 2.311244 0.07464226
v 0.4338794 2.41162 -0.05714902
v 0.4318237 2.311249 0.07464147
v 0.4331212 2.414831 0.06968036
v -0.4317653 2.411604 -0.05715121
v -0.4311827 2.41482 0.0696822
v -0.4283823 2.311244 0.07464226
v 0.4338794 2.41162 -0.05714902
v 0.4321287 2.312786 -0.0596392
v 0.4318237 2.311249 0.07464147
v -0.4317653 2.411604 -0.05715121
v -0.4283823 2.311244 0.07464226
v -0.4287105 2.312781 -0.05963991
v 0.3228866 2.420146 -0.1789476
v 0.4321287 2.312786 -0.0596392
v 0.4338794 2.41162 -0.05714902
v -0.3209934 2.420142 -0.1789496
v -0.4317653 2.411604 -0.05715121
v -0.4287105 2.312781 -0.05963991
v 0.3228866 2.420146 -0.1789476
v 0.3180558 2.320101 -0.1838215
v 0.4321287 2.312786 -0.0596392
v -0.3209934 2.420142 -0.1789496
v -0.4287105 2.312781 -0.05963991
v -0.3147244 2.3201 -0.1838221
v 0.1670208 2.428619 -0.2352543
v 0.3180558 2.320101 -0.1838215
v 0.3228866 2.420146 -0.1789476
v -0.1659785 2.428625 -0.2352507
v -0.3209934 2.420142 -0.1789496
v -0.3147244 2.3201 -0.1838221
v 0.1670208 2.428619 -0.2352543
v 0.1630411 2.336638 -0.2418094
v 0.3180558 2.320101 -0.1838215
v -0.1659785 2.428625 -0.2352507
v -0.3147244 2.3201 -0.1838221
v -0.1600149 2.333681 -0.2434887
v -0.005274278 2.429136 -0.2647857
v -0.1659785 2.428625 -0.2352507
v -0.1600149 2.333681 -0.2434887
v -0.005274278 2.429136 -0.2647857
v 0.1630411 2.336638 -0.2418094
v 0.1670208 2.428619 -0.2352543
v -0.005274278 2.429136 -0.2647857
v -0.005282352 2.342409 -0.2688982
v 0.1630411 2.336638 -0.2418094
v 0.4725284 3.550648 0.2490509
v 0.4996793 3.712094 0.11322
v 0.5209233 3.673434 0.1034626
v 0.5209233 3.673434 0.1034626
v 0.4996793 3.712094 0.11322
v 0.4955377 3.714903 -0.06851645
v 0.5209233 3.673434 0.1034626
v 0.4955377 3.714903 -0.06851645
v 0.5179694 3.681704 -0.06601748
v 0.4955377 3.714903 -0.06851645
v 0.4587199 3.588384 -0.1944968
v 0.5179694 3.681704 -0.06601748
v 0.1340074 2.448571 0.2883711
v 0.1687412 2.603768 0.3475322
v 0.1643883 2.465689 0.3149368
v 0.1317464 2.606105 0.3167795
v 0.154099 2.819426 0.3663719
v 0.1889908 2.80866 0.3819686
v 0.2513335 3.206428 0.3304698
v 0.1889908 2.80866 0.3819686
v 0.154099 2.819426 0.3663719
v 0.2513335 3.206428 0.3304698
v 0.2733381 3.186622 0.3499098
v 0.1889908 2.80866 0.3819686
v 0.4996793 3.712094 0.11322
v 0.4725284 3.550648 0.2490509
v 0.3443922 3.552281 0.2836915
v 0.3616781 3.734229 0.1079928
v 0.4955377 3.714903 -0.06851645
v 0.4996793 3.712094 0.11322
v 0.2733381 3.186622 0.3499098
v 0.4488641 3.118458 0.24992
v 0.3822917 2.781096 0.3030934
v 0.2733381 3.186622 0.3499098
v 0.3822917 2.781096 0.3030934
v 0.1889908 2.80866 0.3819686
v 0.3822917 2.781096 0.3030934
v 0.4790234 2.781675 0.09441612
v 0.4863912 2.573046 0.09443086
v 0.4863912 2.573046 0.09443086
v 0.4790234 2.781675 0.09441612
v 0.4861269 2.793863 -0.09054843
v 0.3822917 2.781096 0.3030934
v 0.4488641 3.118458 0.24992
v 0.4790234 2.781675 0.09441612
v 0.3616781 3.734229 0.1079928
v 0.3378126 3.747633 -0.1129376
v 0.4955377 3.714903 -0.06851645
v 1.484047E-07 3.787932 -0.2083925
v 0.2253622 3.624608 -0.2183604
v 0.1977158 3.78511 -0.1505011
v -0.2253619 3.624607 -0.2183602
v -0.3378131 3.747641 -0.1129355
v -0.4587211 3.588383 -0.1944966
v -0.4587211 3.588383 -0.1944966
v -0.3378131 3.747641 -0.1129355
v -0.4955391 3.714902 -0.06851626
v -0.3616785 3.797426 0.1214836
v -0.4996806 3.712093 0.1132202
v -0.4955391 3.714902 -0.06851626
v -0.4996806 3.712093 0.1132202
v -0.3616785 3.797426 0.1214836
v -0.3443921 3.55228 0.2836915
v -0.2733375 3.186621 0.3499098
v -0.4743915 3.550692 0.2488738
v -0.3443921 3.55228 0.2836915
v -0.251333 3.206434 0.3304703
v -0.2733375 3.186621 0.3499098
v -0.3443921 3.55228 0.2836915
v -0.1317463 2.606105 0.3167798
v -0.168741 2.603767 0.3475323
v -0.1889906 2.808657 0.3819687
v -0.1317463 2.606105 0.3167798
v -0.1889906 2.808657 0.3819687
v -0.1540986 2.819422 0.3663717
v -0.251333 3.206434 0.3304703
v -0.1540986 2.819422 0.3663717
v -0.1889906 2.808657 0.3819687
v -0.2733375 3.186621 0.3499098
v -0.1889906 2.808657 0.3819687
v -0.3822916 2.781096 0.3030939
v -0.1889906 2.808657 0.3819687
v -0.3705969 2.578427 0.2920024
v -0.3822916 2.781096 0.3030939
v -0.168741 2.603767 0.3475323
v -0.3705969 2.578427 0.2920024
v -0.1889906 2.808657 0.3819687
v -0.163868 2.465693 0.3149351
v -0.3485243 2.444455 0.2539982
v -0.3705969 2.578427 0.2920024
v -0.3705969 2.578427 0.2920024
v -0.4861726 2.573045 0.09443133
v -0.3822916 2.781096 0.3030939
v -0.3485243 2.444455 0.2539982
v -0.467217 2.435423 0.0830161
v -0.4861726 2.573045 0.09443133
v -0.3822916 2.781096 0.3030939
v -0.4861726 2.573045 0.09443133
v -0.4790231 2.781695 0.09441773
v -0.3485243 2.444455 0.2539982
v -0.4861726 2.573045 0.09443133
v -0.3705969 2.578427 0.2920024
v -0.467217 2.435423 0.0830161
v -0.4932688 2.575012 -0.09934424
v -0.4861726 2.573045 0.09443133
v -0.4861726 2.573045 0.09443133
v -0.4932688 2.575012 -0.09934424
v -0.4861268 2.793862 -0.0905479
v -0.4861726 2.573045 0.09443133
v -0.4861268 2.793862 -0.0905479
v -0.4790231 2.781695 0.09441773
v -0.4932688 2.575012 -0.09934424
v -0.3906111 2.95494 -0.2460065
v -0.4861268 2.793862 -0.0905479
v -0.3906111 2.95494 -0.2460065
v -0.442095 3.329057 -0.2238517
v -0.4861268 2.793862 -0.0905479
v -0.4098358 3.33391 -0.2364107
v -0.4587211 3.588383 -0.1944966
v -0.442095 3.329057 -0.2238517
v -0.1794561 2.61047 -0.3232636
v -0.3795453 2.620564 -0.2453004
v -0.3655268 2.458451 -0.2197134
v 3.980909E-05 2.603621 -0.3581324
v -0.1794561 2.61047 -0.3232636
v -0.1738797 2.454024 -0.2879465
v -0.1794561 2.61047 -0.3232636
v -0.3655268 2.458451 -0.2197134
v -0.1738797 2.454024 -0.2879465
v 3.980909E-05 2.603621 -0.3581324
v 0.001016767 2.44441 -0.331786
v 0.1746175 2.45402 -0.287948
v 0.1794557 2.610468 -0.3232632
v 0.3665346 2.458454 -0.2197115
v 0.3795449 2.620571 -0.2453003
v 0.3665346 2.458454 -0.2197115
v 0.4932687 2.575012 -0.0993447
v 0.3795449 2.620571 -0.2453003
v 0.3495407 2.444457 0.2539968
v 0.4863912 2.573046 0.09443086
v 0.468698 2.435432 0.08301436
v 0.390611 2.954943 -0.2460067
v 0.4861269 2.793863 -0.09054843
v 0.4420947 3.329057 -0.223852
v 0.4098358 3.333911 -0.2364111
v 0.390611 2.954943 -0.2460067
v 0.4420947 3.329057 -0.223852
v 0.4098358 3.333911 -0.2364111
v 0.4420947 3.329057 -0.223852
v 0.4587199 3.588384 -0.1944968
v 0.3495407 2.444457 0.2539968
v 0.3708569 2.578426 0.292002
v 0.4863912 2.573046 0.09443086
v 0.3708569 2.578426 0.292002
v 0.3822917 2.781096 0.3030934
v 0.4863912 2.573046 0.09443086
v 0.1889908 2.80866 0.3819686
v 0.3822917 2.781096 0.3030934
v 0.3708569 2.578426 0.292002
v 0.1643883 2.465689 0.3149368
v 0.3708569 2.578426 0.292002
v 0.3495407 2.444457 0.2539968
v 0.1643883 2.465689 0.3149368
v 0.1687412 2.603768 0.3475322
v 0.3708569 2.578426 0.292002
v 0.1687412 2.603768 0.3475322
v 0.1889908 2.80866 0.3819686
v 0.3708569 2.578426 0.292002
v 0.3495407 2.444457 0.2539968
v 0.1340074 2.448571 0.2883711
v 0.1643883 2.465689 0.3149368
v 0.3495407 2.444457 0.2539968
v 0.3138955 2.421216 0.2192096
v 0.1340074 2.448571 0.2883711
v 0.468698 2.435432 0.08301436
v 0.3138955 2.421216 0.2192096
v 0.3495407 2.444457 0.2539968
v 0.468698 2.435432 0.08301436
v 0.4331212 2.414831 0.06968036
v 0.3138955 2.421216 0.2192096
v 0.4685065 2.445243 -0.08508061
v 0.4331212 2.414831 0.06968036
v 0.468698 2.435432 0.08301436
v 0.4685065 2.445243 -0.08508061
v 0.4338794 2.41162 -0.05714902
v 0.4331212 2.414831 0.06968036
v 0.3665346 2.458454 -0.2197115
v 0.4338794 2.41162 -0.05714902
v 0.4685065 2.445243 -0.08508061
v 0.3665346 2.458454 -0.2197115
v 0.3228866 2.420146 -0.1789476
v 0.4338794 2.41162 -0.05714902
v 0.1746175 2.45402 -0.287948
v 0.3228866 2.420146 -0.1789476
v 0.3665346 2.458454 -0.2197115
v 0.1746175 2.45402 -0.287948
v 0.1670208 2.428619 -0.2352543
v 0.3228866 2.420146 -0.1789476
v 0.001016767 2.44441 -0.331786
v 0.1670208 2.428619 -0.2352543
v 0.1746175 2.45402 -0.287948
v 0.001016767 2.44441 -0.331786
v -0.005274278 2.429136 -0.2647857
v 0.1670208 2.428619 -0.2352543
v 0.001016767 2.44441 -0.331786
v -0.1738797 2.454024 -0.2879465
v -0.1659785 2.428625 -0.2352507
v -0.1738797 2.454024 -0.2879465
v -0.3209934 2.420142 -0.1789496
v -0.1659785 2.428625 -0.2352507
v -0.1738797 2.454024 -0.2879465
v -0.3655268 2.458451 -0.2197134
v -0.3209934 2.420142 -0.1789496
v -0.3655268 2.458451 -0.2197134
v -0.4317653 2.411604 -0.05715121
v -0.3209934 2.420142 -0.1789496
v -0.3655268 2.458451 -0.2197134
v -0.4673079 2.445234 -0.08508245
v -0.4317653 2.411604 -0.05715121
v -0.4673079 2.445234 -0.08508245
v -0.4311827 2.41482 0.0696822
v -0.4317653 2.411604 -0.05715121
v -0.4673079 2.445234 -0.08508245
v -0.467217 2.435423 0.0830161
v -0.4311827 2.41482 0.0696822
v -0.467217 2.435423 0.0830161
v -0.3126278 2.421217 0.2192097
v -0.4311827 2.41482 0.0696822
v -0.467217 2.435423 0.0830161
v -0.3485243 2.444455 0.2539982
v -0.3126278 2.421217 0.2192097
v -0.3485243 2.444455 0.2539982
v -0.1335037 2.448575 0.2883681
v -0.3126278 2.421217 0.2192097
v -0.3485243 2.444455 0.2539982
v -0.163868 2.465693 0.3149351
v -0.1335037 2.448575 0.2883681
v 0.1761449 3.248066 0.3523739
v 0.1691942 3.211667 0.4248294
v 0.3029742 3.423344 0.4973261
v 0.3443922 3.552281 0.2836915
v 0.1761449 3.248066 0.3523739
v 0.3029742 3.423344 0.4973261
v -1.81478E-06 3.951574 -0.2085855
v 0.2312158 3.95254 -0.1473804
v 0.2398562 4.009967 -0.2191977
v 0.4241119 3.961167 0.04085586
v 0.2398562 4.009967 -0.2191977
v 0.2312158 3.95254 -0.1473804
v 0.1977158 3.78511 -0.1505011
v 0.4241119 3.961167 0.04085586
v 0.2312158 3.95254 -0.1473804
v 1.484047E-07 3.787932 -0.2083925
v 0.1977158 3.78511 -0.1505011
v 0.2312158 3.95254 -0.1473804
v 1.484047E-07 3.787932 -0.2083925
v 0.2312158 3.95254 -0.1473804
v -1.81478E-06 3.951574 -0.2085855
v 0.5327343 4.512266 0.111171
v 0.5481492 4.213409 0.4591608
v 0.5696778 4.535711 0.3091191
v 0.4814579 4.770247 -0.03384038
v 0.4609489 4.431939 -0.1543122
v 0.5327343 4.512266 0.111171
v 0.5696778 4.535711 0.3091191
v 0.4814579 4.770247 -0.03384038
v 0.5327343 4.512266 0.111171
v 0.4609489 4.431939 -0.1543122
v 0.5478473 4.212191 0.219533
v 0.5327343 4.512266 0.111171
v 0.5327343 4.512266 0.111171
v 0.5478473 4.212191 0.219533
v 0.5481492 4.213409 0.4591608
v 1.484047E-07 3.787932 -0.2083925
v -1.81478E-06 3.951574 -0.2085855
v -0.2315217 3.952786 -0.1475786
v 1.484047E-07 3.787932 -0.2083925
v -0.2315217 3.952786 -0.1475786
v -0.1977155 3.785128 -0.1505243
v -1.81478E-06 3.951574 -0.2085855
v -0.005522642 4.014015 -0.2856841
v -0.2414396 4.01834 -0.2245346
v -1.81478E-06 3.951574 -0.2085855
v -0.2414396 4.01834 -0.2245346
v -0.2315217 3.952786 -0.1475786
v -0.005522642 4.014015 -0.2856841
v -0.2265784 4.134983 -0.238961
v -0.2414396 4.01834 -0.2245346
v -0.4412679 3.805835 0.2921106
v -0.4447145 3.712661 0.5404213
v -0.3029737 3.423345 0.4973264
v -0.3443921 3.55228 0.2836915
v -0.4412679 3.805835 0.2921106
v -0.3029737 3.423345 0.4973264
v -0.1761443 3.248053 0.3523733
v -0.1691937 3.211647 0.4248284
v 2.762304E-07 3.078967 0.3757383
v -0.5327358 4.512265 0.1111714
v -0.5694473 4.53571 0.3277927
v -0.5481482 4.213409 0.4591612
v -0.508274 3.986419 0.5292752
v -0.5478479 4.208231 0.2186883
v -0.5481482 4.213409 0.4591612
v -0.4814626 4.770246 -0.03383996
v -0.3822552 5.011585 0.1026138
v -0.4975735 4.867686 0.1545134
v -0.5694473 4.53571 0.3277927
v -0.4814626 4.770246 -0.03383996
v -0.4975735 4.867686 0.1545134
v 0.1271582 0.687704 0.09851901
v 0.1353686 0.3890545 0.04772589
v 0.3470626 0.623258 0.1027779
v 0.1271582 0.687704 0.09851901
v 0.3470626 0.623258 0.1027779
v 0.252331 0.7597287 0.2205696
v 0.5358332 0.7566974 0.1743974
v 0.252331 0.7597287 0.2205696
v 0.3470626 0.623258 0.1027779
v 0.5358332 0.7566974 0.1743974
v 0.3470626 0.623258 0.1027779
v 0.6459062 0.6417301 0.06635816
v 0.6459062 0.6417301 0.06635816
v 0.3470626 0.623258 0.1027779
v 0.5842579 0.3675826 0.0567216
v 0.2431374 0.6607603 0.3397595
v 0.2552066 0.4453855 0.2034083
v 0.1384961 0.3888977 0.109796
v 0.0874629 0.6408447 0.2566133
v 0.2431374 0.6607603 0.3397595
v 0.1384961 0.3888977 0.109796
v 0.2431374 0.6607603 0.3397595
v 0.5541785 0.6595917 0.2875868
v 0.4990689 0.4434055 0.2062259
v 0.2552066 0.4453855 0.2034083
v 0.2431374 0.6607603 0.3397595
v 0.4990689 0.4434055 0.2062259
v 0.3151277 4.032995 0.2974042
v 0.2460121 3.600268 0.1839548
v 2.215497E-07 3.893396 -0.06448327
v 0.2460121 3.600268 0.1839548
v 0.2174575 3.441605 0.5039443
v 0.1507368 3.400543 0.2858194
v 0.106971 3.264062 0.4445794
v 0.1507368 3.400543 0.2858194
v 0.2174575 3.441605 0.5039443
v 2.762304E-07 3.078967 0.3757383
v 0.1507368 3.400543 0.2858194
v 0.106971 3.264062 0.4445794
v 0.1998391 1.317626 -0.006959707
v 0.2121113 0.6616096 -0.08442306
v 0.2552298 0.6536378 -0.2180423
v 0.1998391 1.317626 -0.006959707
v 0.2552298 0.6536378 -0.2180423
v 0.296677 1.330834 -0.1196084
v 0.2886062 1.563743 -0.09283818
v 0.296677 1.330834 -0.1196084
v 0.4014839 1.330803 -0.1171741
v 0.2886062 1.563743 -0.09283818
v 0.1998391 1.317626 -0.006959707
v 0.296677 1.330834 -0.1196084
v 0.4014839 1.330803 -0.1171741
v 0.3751762 0.6653677 -0.2174185
v 0.4560457 0.687566 -0.1091783
v 0.296677 1.330834 -0.1196084
v 0.3751762 0.6653677 -0.2174185
v 0.4014839 1.330803 -0.1171741
v 0.296677 1.330834 -0.1196084
v 0.2552298 0.6536378 -0.2180423
v 0.3751762 0.6653677 -0.2174185
v 0.2433332 2.203982 -0.1114175
v 0.2886062 1.563743 -0.09283818
v 0.3948487 1.564301 -0.08950923
v 0.4535124 1.541931 0.02314591
v 0.3948487 1.564301 -0.08950923
v 0.4014839 1.330803 -0.1171741
v 0.2433332 2.203982 -0.1114175
v 0.3948487 1.564301 -0.08950923
v 0.3574761 2.255492 -0.09762295
v 0.4535124 1.541931 0.02314591
v 0.3574761 2.255492 -0.09762295
v 0.3948487 1.564301 -0.08950923
v 0.2886062 1.563743 -0.09283818
v 0.4014839 1.330803 -0.1171741
v 0.3948487 1.564301 -0.08950923
v 0.3010673 1.588067 0.1291072
v 0.2139588 1.523602 0.0204646
v 0.1762639 2.165617 0.003825529
v 0.3010673 1.588067 0.1291072
v 0.1762639 2.165617 0.003825529
v 0.2433388 2.241951 0.1644435
v 0.2406424 2.355934 0.2184348
v 0.3646597 2.210828 0.1539674
v 0.2433388 2.241951 0.1644435
v 0.3646597 2.210828 0.1539674
v 0.3010673 1.588067 0.1291072
v 0.2433388 2.241951 0.1644435
v 0.1120317 2.281393 0.1865935
v 0.2406424 2.355934 0.2184348
v 0.2433388 2.241951 0.1644435
v 0.1762639 2.165617 0.003825529
v 0.1120317 2.281393 0.1865935
v 0.2433388 2.241951 0.1644435
v 0.1762639 2.165617 0.003825529
v 0.09051654 2.254017 0.01506157
v 0.1120317 2.281393 0.1865935
v 0.09051654 2.254017 0.01506157
v 0.004679265 2.304648 0.2099429
v 0.1120317 2.281393 0.1865935
v 0.004679265 2.304648 0.2099429
v 0.1248947 2.368061 0.2609277
v 0.1120317 2.281393 0.1865935
v 0.1120317 2.281393 0.1865935
v 0.1248947 2.368061 0.2609277
v 0.2406424 2.355934 0.2184348
v 0.4334575 2.207794 0.01710845
v 0.3541718 2.362309 0.1532872
v 0.421413 2.375311 0.01627454
v 0.3640853 2.372205 -0.09298486
v 0.4334575 2.207794 0.01710845
v 0.421413 2.375311 0.01627454
v 0.2887489 2.356662 -0.1697364
v 0.3574761 2.255492 -0.09762295
v 0.3640853 2.372205 -0.09298486
v 0.2887489 2.356662 -0.1697364
v 0.1184769 2.277081 -0.1311444
v 0.3574761 2.255492 -0.09762295
v 0.144067 2.375618 -0.2168536
v 0.1184769 2.277081 -0.1311444
v 0.2887489 2.356662 -0.1697364
v -0.0886577 2.254058 0.01506175
v -0.008266852 2.294071 -0.1566232
v -0.1161382 2.277102 -0.1311387
v -0.008266852 2.294071 -0.1566232
v 0.1184769 2.277081 -0.1311444
v 0.144067 2.375618 -0.2168536
v 0.004679265 2.304648 0.2099429
v 0.008257104 2.375131 0.2648129
v 0.1248947 2.368061 0.2609277
v 0.004679265 2.304648 0.2099429
v -0.1245626 2.370172 0.2596912
v 0.008257104 2.375131 0.2648129
v -0.008266852 2.294071 -0.1566232
v -0.1433354 2.377794 -0.2157416
v -0.1161382 2.277102 -0.1311387
v -0.008266852 2.294071 -0.1566232
v -0.0009659586 2.386951 -0.2361942
v -0.1433354 2.377794 -0.2157416
v 0.004679265 2.304648 0.2099429
v -0.1101085 2.281412 0.1865869
v -0.1245626 2.370172 0.2596912
v -0.1101085 2.281412 0.1865869
v -0.2385136 2.356798 0.2180298
v -0.1245626 2.370172 0.2596912
v -0.1101085 2.281412 0.1865869
v -0.2391108 2.241976 0.164436
v -0.2385136 2.356798 0.2180298
v -0.1697019 2.165647 0.003826264
v -0.1101085 2.281412 0.1865869
v -0.0886577 2.254058 0.01506175
v -0.2941634 1.588069 0.1291074
v -0.1697019 2.165647 0.003826264
v -0.2070545 1.523605 0.02046226
v -0.2941634 1.588069 0.1291074
v -0.2391108 2.241976 0.164436
v -0.1697019 2.165647 0.003826264
v -0.1697019 2.165647 0.003826264
v -0.2391108 2.241976 0.164436
v -0.1101085 2.281412 0.1865869
v -0.2882683 2.373189 -0.1632591
v -0.3519512 2.255499 -0.09762172
v -0.1161382 2.277102 -0.1311387
v -0.1433354 2.377794 -0.2157416
v -0.2882683 2.373189 -0.1632591
v -0.1161382 2.277102 -0.1311387
v -0.2882683 2.373189 -0.1632591
v -0.3614416 2.372204 -0.09298502
v -0.3519512 2.255499 -0.09762172
v -0.0886577 2.254058 0.01506175
v -0.2364423 2.203987 -0.1114177
v -0.1697019 2.165647 0.003826264
v -0.2817023 1.563736 -0.09283865
v -0.1929381 1.317625 -0.006971829
v -0.2070545 1.523605 0.02046226
v -0.2364423 2.203987 -0.1114177
v -0.2070545 1.523605 0.02046226
v -0.1697019 2.165647 0.003826264
v -0.2364423 2.203987 -0.1114177
v -0.2817023 1.563736 -0.09283865
v -0.2070545 1.523605 0.02046226
v -0.2364423 2.203987 -0.1114177
v -0.3879447 1.564316 -0.08950906
v -0.2817023 1.563736 -0.09283865
v -0.4466082 1.54193 0.0231465
v -0.3879447 1.564316 -0.08950906
v -0.3519512 2.255499 -0.09762172
v -0.2364423 2.203987 -0.1114177
v -0.3519512 2.255499 -0.09762172
v -0.3879447 1.564316 -0.08950906
v -0.2817023 1.563736 -0.09283865
v -0.3945898 1.330806 -0.1171729
v -0.2897832 1.330829 -0.119614
v -0.2817023 1.563736 -0.09283865
v -0.3879447 1.564316 -0.08950906
v -0.3945898 1.330806 -0.1171729
v -0.4466082 1.54193 0.0231465
v -0.4605148 1.302045 -0.01028201
v -0.3945898 1.330806 -0.1171729
v -0.4466082 1.54193 0.0231465
v -0.3945898 1.330806 -0.1171729
v -0.3879447 1.564316 -0.08950906
v -0.2709152 0.7608845 0.0002146121
v -0.1929381 1.317625 -0.006971829
v -0.2052282 0.6615658 -0.08443145
v -0.4605148 1.302045 -0.01028201
v -0.3993962 0.775624 0.008896474
v -0.4491639 0.6875845 -0.1091732
v -0.3945898 1.330806 -0.1171729
v -0.4605148 1.302045 -0.01028201
v -0.4491639 0.6875845 -0.1091732
v -0.2897832 1.330829 -0.119614
v -0.3945898 1.330806 -0.1171729
v -0.3682994 0.6653657 -0.2174186
v -0.3945898 1.330806 -0.1171729
v -0.4491639 0.6875845 -0.1091732
v -0.3682994 0.6653657 -0.2174186
v -0.2897832 1.330829 -0.119614
v -0.3682994 0.6653657 -0.2174186
v -0.2483531 0.6536367 -0.218047
v -0.1929381 1.317625 -0.006971829
v -0.2897832 1.330829 -0.119614
v -0.2483531 0.6536367 -0.218047
v -0.1929381 1.317625 -0.006971829
v -0.2483531 0.6536367 -0.218047
v -0.2052282 0.6615658 -0.08443145
v 0.4420947 3.329057 -0.223852
v 0.4619873 3.151885 0.008442272
v 0.7120556 3.095826 -0.03264326
v 0.7120556 3.095826 -0.03264326
v 1.0822 2.972026 -0.08359127
v 0.8240969 3.131003 -0.1774072
v 0.8240969 3.131003 -0.1774072
v 0.4420947 3.329057 -0.223852
v 0.7120556 3.095826 -0.03264326
v 0.8240969 3.131003 -0.1774072
v 1.0822 2.972026 -0.08359127
v 1.163625 3.081844 -0.09730033
v 0.4420947 3.329057 -0.223852
v 0.8240969 3.131003 -0.1774072
v 0.940449 3.241288 -0.1835931
v 0.8240969 3.131003 -0.1774072
v 1.163625 3.081844 -0.09730033
v 0.940449 3.241288 -0.1835931
v 0.4420947 3.329057 -0.223852
v 0.940449 3.241288 -0.1835931
v 0.4587199 3.588384 -0.1944968
v 0.940449 3.241288 -0.1835931
v 0.5179694 3.681704 -0.06601748
v 0.4587199 3.588384 -0.1944968
v 1.278997 2.825006 0.2039352
v 1.342257 2.841263 0.07459862
v 0.9687961 2.944267 0.03630139
v 1.342257 2.841263 0.07459862
v 1.0822 2.972026 -0.08359127
v 0.9687961 2.944267 0.03630139
v 0.7120556 3.095826 -0.03264326
v 0.9687961 2.944267 0.03630139
v 1.0822 2.972026 -0.08359127
v 1.14112 3.193651 -0.0217488
v 0.940449 3.241288 -0.1835931
v 1.163625 3.081844 -0.09730033
v 1.420452 2.975859 0.1342111
v 1.026926 3.280735 0.1201923
v 1.14112 3.193651 -0.0217488
v 1.163625 3.081844 -0.09730033
v 1.420452 2.975859 0.1342111
v 1.14112 3.193651 -0.0217488
v 1.026926 3.280735 0.1201923
v 0.9343553 3.345835 -0.08393962
v 1.14112 3.193651 -0.0217488
v 1.14112 3.193651 -0.0217488
v 0.9343553 3.345835 -0.08393962
v 0.940449 3.241288 -0.1835931
v 0.940449 3.241288 -0.1835931
v 0.9343553 3.345835 -0.08393962
v 0.5179694 3.681704 -0.06601748
v 1.026926 3.280735 0.1201923
v 0.8585026 3.424145 0.09175487
v 0.9343553 3.345835 -0.08393962
v 0.7662027 3.393057 0.2194745
v 0.8585026 3.424145 0.09175487
v 1.026926 3.280735 0.1201923
v 0.5179694 3.681704 -0.06601748
v 0.8585026 3.424145 0.09175487
v 0.5209233 3.673434 0.1034626
v 0.7662027 3.393057 0.2194745
v 0.4725284 3.550648 0.2490509
v 0.5209233 3.673434 0.1034626
v 0.7662027 3.393057 0.2194745
v 1.026926 3.280735 0.1201923
v 0.8754619 3.275803 0.2252307
v 1.317845 2.964539 0.3502197
v 0.8754619 3.275803 0.2252307
v 1.026926 3.280735 0.1201923
v 1.317845 2.964539 0.3502197
v 0.8707066 3.098552 0.1772025
v 0.8754619 3.275803 0.2252307
v 0.8707066 3.098552 0.1772025
v 0.7662027 3.393057 0.2194745
v 0.8754619 3.275803 0.2252307
v 0.8707066 3.098552 0.1772025
v 1.278997 2.825006 0.2039352
v 0.9687961 2.944267 0.03630139
v 0.7084107 3.203378 0.1701441
v 0.8707066 3.098552 0.1772025
v 0.9687961 2.944267 0.03630139
v 0.7084107 3.203378 0.1701441
v 0.9687961 2.944267 0.03630139
v 0.7120556 3.095826 -0.03264326
v 0.440188 3.199828 0.2382316
v 0.7084107 3.203378 0.1701441
v 0.7120556 3.095826 -0.03264326
v 0.4619873 3.151885 0.008442272
v 0.440188 3.199828 0.2382316
v 0.7120556 3.095826 -0.03264326
v 0.390611 2.954943 -0.2460067
v 0.1794557 2.610468 -0.3232632
v 0.3795449 2.620571 -0.2453003
v 0.2184938 3.358542 -0.3043796
v 0.4098358 3.333911 -0.2364111
v 0.4587199 3.588384 -0.1944968
v 0.2253622 3.624608 -0.2183604
v 0.2184938 3.358542 -0.3043796
v 0.4587199 3.588384 -0.1944968
v -0.2184939 3.358544 -0.3043796
v -0.4587211 3.588383 -0.1944966
v -0.4098358 3.33391 -0.2364107
v -0.1982376 2.988822 -0.3289176
v -0.2184939 3.358544 -0.3043796
v -0.4098358 3.33391 -0.2364107
v -0.437456 4.886899 0.5168617
v -0.4850138 4.444998 0.5061357
v -0.4366769 4.856731 0.3332604
v -0.437456 4.886899 0.5168617
v -0.4561454 4.457768 0.6087951
v -0.4850138 4.444998 0.5061357
v -0.5289395 0.7964172 0.1747212
v -0.6273314 0.6593947 0.1900727
v -0.6390177 0.681456 0.06668263
v -0.5472854 0.6992981 0.2879086
v -0.6273314 0.6593947 0.1900727
v -0.5289395 0.7964172 0.1747212
v -0.2362431 0.700468 0.3400735
v -0.5472854 0.6992981 0.2879086
v -0.5289395 0.7964172 0.1747212
v -0.2362431 0.700468 0.3400735
v -0.5289395 0.7964172 0.1747212
v -0.2454358 0.799427 0.2208824
v -0.08057053 0.6805437 0.256923
v -0.2362431 0.700468 0.3400735
v -0.2454358 0.799427 0.2208824
v -0.08057053 0.6805437 0.256923
v -0.2454358 0.799427 0.2208824
v -0.1202689 0.7273876 0.09883045
v -0.1284868 0.3890274 0.04772196
v -0.1316139 0.3888989 0.1097937
v -0.08057053 0.6805437 0.256923
v -0.1284868 0.3890274 0.04772196
v -0.08057053 0.6805437 0.256923
v -0.1202689 0.7273876 0.09883045
v -0.6273314 0.6593947 0.1900727
v -0.5773766 0.3675953 0.05672464
v -0.6390177 0.681456 0.06668263
v -0.6273314 0.6593947 0.1900727
v -0.5828092 0.3670311 0.1372153
v -0.5773766 0.3675953 0.05672464
v -0.5472854 0.6992981 0.2879086
v -0.5828092 0.3670311 0.1372153
v -0.6273314 0.6593947 0.1900727
v -0.5472854 0.6992981 0.2879086
v -0.4921844 0.4434102 0.2062292
v -0.5828092 0.3670311 0.1372153
v -0.3388041 0.001160962 0.6501893
v -0.6463449 -0.002672088 0.3066165
v -0.5674747 0.0005570806 0.5630757
v -0.1257472 -0.00410975 0.07896115
v -0.1045116 0.1723016 0.3867497
v -0.1284868 0.3890274 0.04772196
v -0.1284868 0.3890274 0.04772196
v -0.1045116 0.1723016 0.3867497
v -0.1316139 0.3888989 0.1097937
v -0.1396643 0.0007169638 0.5797397
v -0.1045116 0.1723016 0.3867497
v -0.06778273 -0.0007855971 0.3516393
v -0.1257472 -0.00410975 0.07896115
v -0.06778273 -0.0007855971 0.3516393
v -0.1045116 0.1723016 0.3867497
v -0.5828092 0.3670311 0.1372153
v -0.6003622 0.1566315 0.3616529
v -0.5773766 0.3675953 0.05672464
v -0.3388041 0.001160962 0.6501893
v -0.5674747 0.0005570806 0.5630757
v -0.5538967 0.107827 0.5643294
v -0.5674747 0.0005570806 0.5630757
v -0.6463449 -0.002672088 0.3066165
v -0.6003622 0.1566315 0.3616529
v -0.5674747 0.0005570806 0.5630757
v -0.6003622 0.1566315 0.3616529
v -0.5538967 0.107827 0.5643294
v -0.6003622 0.1566315 0.3616529
v -0.4767672 0.1833208 0.4622844
v -0.5538967 0.107827 0.5643294
v -0.5538967 0.107827 0.5643294
v -0.4767672 0.1833208 0.4622844
v -0.3466892 0.1873373 0.4822873
v -0.3362486 0.105492 0.6430754
v -0.3466892 0.1873373 0.4822873
v -0.2150556 0.1849274 0.4556978
v -0.3362486 0.105492 0.6430754
v -0.2150556 0.1849274 0.4556978
v -0.1492638 0.1026547 0.5651348
v -0.1396643 0.0007169638 0.5797397
v -0.1492638 0.1026547 0.5651348
v -0.1045116 0.1723016 0.3867497
v -0.1396643 0.0007169638 0.5797397
v -0.3362486 0.105492 0.6430754
v -0.1492638 0.1026547 0.5651348
v -0.1492638 0.1026547 0.5651348
v -0.2150556 0.1849274 0.4556978
v -0.1045116 0.1723016 0.3867497
v -0.4921844 0.4434102 0.2062292
v -0.6206871 0.2059517 0.374299
v -0.5828092 0.3670311 0.1372153
v -0.4699335 0.2580719 0.4617019
v -0.6206871 0.2059517 0.374299
v -0.4921844 0.4434102 0.2062292
v -0.4699335 0.2580719 0.4617019
v -0.4921844 0.4434102 0.2062292
v -0.2483222 0.4453792 0.2034079
v -0.4699335 0.2580719 0.4617019
v -0.2483222 0.4453792 0.2034079
v -0.1955216 0.264419 0.4508837
v -0.09351333 0.2371826 0.4047977
v -0.1955216 0.264419 0.4508837
v -0.2483222 0.4453792 0.2034079
v -0.09351333 0.2371826 0.4047977
v -0.2483222 0.4453792 0.2034079
v -0.1316139 0.3888989 0.1097937
v -0.6206871 0.2059517 0.374299
v -0.4767672 0.1833208 0.4622844
v -0.6003622 0.1566315 0.3616529
v -0.6206871 0.2059517 0.374299
v -0.4699335 0.2580719 0.4617019
v -0.4767672 0.1833208 0.4622844
v -0.4699335 0.2580719 0.4617019
v -0.3466892 0.1873373 0.4822873
v -0.4767672 0.1833208 0.4622844
v -0.3466892 0.1873373 0.4822873
v -0.4699335 0.2580719 0.4617019
v -0.1955216 0.264419 0.4508837
v -0.3466892 0.1873373 0.4822873
v -0.1955216 0.264419 0.4508837
v -0.2150556 0.1849274 0.4556978
v -0.2150556 0.1849274 0.4556978
v -0.1955216 0.264419 0.4508837
v -0.09351333 0.2371826 0.4047977
v -0.2150556 0.1849274 0.4556978
v -0.09351333 0.2371826 0.4047977
v -0.1045116 0.1723016 0.3867497
v -0.364165 0.4929644 -0.1204956
v -0.1047021 0.2708919 -0.3871039
v -0.0577703 0.4139128 -0.102801
v -0.364165 0.4929644 -0.1204956
v -0.3401725 0.6232519 0.1027787
v -0.5859818 0.5261913 -0.02178705
v -0.3401725 0.6232519 0.1027787
v -0.364165 0.4929644 -0.1204956
v -0.0577703 0.4139128 -0.102801
v -0.1284868 0.3890274 0.04772196
v -0.3401725 0.6232519 0.1027787
v -0.0577703 0.4139128 -0.102801
v -0.1209626 0.4286117 -0.1049093
v -0.09979828 0.3268821 -0.1955777
v -0.1572405 0.3202785 -0.3149277
v -0.09979828 0.3268821 -0.1955777
v -0.1209626 0.4286117 -0.1049093
v -0.2052282 0.6615658 -0.08443145
v -0.1209626 0.4286117 -0.1049093
v -0.2709152 0.7608845 0.0002146121
v -0.2052282 0.6615658 -0.08443145
v -0.5115659 0.5072427 -0.09476199
v -0.5217658 0.4635713 -0.2379598
v -0.4491639 0.6875845 -0.1091732
v -0.3836518 0.2899145 -0.3630374
v -0.2998461 0.3928738 -0.3982769
v -0.5217658 0.4635713 -0.2379598
v -0.3836518 0.2899145 -0.3630374
v -0.5217658 0.4635713 -0.2379598
v -0.5064504 0.4029766 -0.22936
v -0.5064504 0.4029766 -0.22936
v -0.5217658 0.4635713 -0.2379598
v -0.5115659 0.5072427 -0.09476199
v -0.4174274 2.910253 -0.06375263
v -0.442095 3.329057 -0.2238517
v -0.4619868 3.151884 0.008442648
v -0.4174274 2.910253 -0.06375263
v -0.4619868 3.151884 0.008442648
v -0.4136706 2.895722 0.06543843
v -1.437414 2.81811 0.3167634
v -1.345845 2.87739 0.1977162
v -1.440928 2.786212 0.2412878
v -0.1572405 0.3202785 -0.3149277
v -0.09979828 0.3268821 -0.1955777
v -0.2998461 0.3928738 -0.3982769
v -0.2998461 0.3928738 -0.3982769
v -0.09979828 0.3268821 -0.1955777
v -0.2483531 0.6536367 -0.218047
v -0.09979828 0.3268821 -0.1955777
v -0.2052282 0.6615658 -0.08443145
v -0.2483531 0.6536367 -0.218047
v -0.3682994 0.6653657 -0.2174186
v -0.2998461 0.3928738 -0.3982769
v -0.2483531 0.6536367 -0.218047
v -0.5217658 0.4635713 -0.2379598
v -0.2998461 0.3928738 -0.3982769
v -0.3682994 0.6653657 -0.2174186
v -0.4491639 0.6875845 -0.1091732
v -0.5217658 0.4635713 -0.2379598
v -0.3682994 0.6653657 -0.2174186
v -0.5859818 0.5261913 -0.02178705
v -0.3401725 0.6232519 0.1027787
v -0.5773766 0.3675953 0.05672464
v -0.5859818 0.5261913 -0.02178705
v -0.5773766 0.3675953 0.05672464
v -0.6268647 0.2753985 -0.01853753
v -0.5947641 0.3210848 -0.2949228
v -0.5859818 0.5261913 -0.02178705
v -0.6268647 0.2753985 -0.01853753
v -0.5712444 0.1036096 -0.3965936
v -0.5947641 0.3210848 -0.2949228
v -0.6268647 0.2753985 -0.01853753
v -0.1284868 0.3890274 0.04772196
v -0.0577703 0.4139128 -0.102801
v -0.1115658 0.2538382 -0.03878337
v -0.4861268 2.793862 -0.0905479
v -0.4174274 2.910253 -0.06375263
v -0.4136706 2.895722 0.06543843
v -0.4861268 2.793862 -0.0905479
v -0.4136706 2.895722 0.06543843
v -0.4790231 2.781695 0.09441773
v -0.4743915 3.550692 0.2488738
v -0.5209245 3.673433 0.1034629
v -0.4996806 3.712093 0.1132202
v -0.5209245 3.673433 0.1034629
v -0.4955391 3.714902 -0.06851626
v -0.4996806 3.712093 0.1132202
v -0.5209245 3.673433 0.1034629
v -0.5179709 3.681703 -0.06601721
v -0.4955391 3.714902 -0.06851626
v -0.4955391 3.714902 -0.06851626
v -0.5179709 3.681703 -0.06601721
v -0.4587211 3.588383 -0.1944966
v -0.1202689 0.7273876 0.09883045
v -0.3401725 0.6232519 0.1027787
v -0.1284868 0.3890274 0.04772196
v -0.1202689 0.7273876 0.09883045
v -0.2454358 0.799427 0.2208824
v -0.3401725 0.6232519 0.1027787
v -0.5289395 0.7964172 0.1747212
v -0.3401725 0.6232519 0.1027787
v -0.2454358 0.799427 0.2208824
v -0.5289395 0.7964172 0.1747212
v -0.6390177 0.681456 0.06668263
v -0.3401725 0.6232519 0.1027787
v -0.6390177 0.681456 0.06668263
v -0.5773766 0.3675953 0.05672464
v -0.3401725 0.6232519 0.1027787
v -0.2362431 0.700468 0.3400735
v -0.1316139 0.3888989 0.1097937
v -0.2483222 0.4453792 0.2034079
v -0.08057053 0.6805437 0.256923
v -0.1316139 0.3888989 0.1097937
v -0.2362431 0.700468 0.3400735
v -0.4921844 0.4434102 0.2062292
v -0.5472854 0.6992981 0.2879086
v -0.2362431 0.700468 0.3400735
v -0.2483222 0.4453792 0.2034079
v -0.4921844 0.4434102 0.2062292
v -0.2362431 0.700468 0.3400735
v -0.2460116 3.600269 0.183955
v -0.1507365 3.400546 0.2858198
v -0.2174568 3.441605 0.5039445
v -0.1069703 3.26406 0.4445794
v -0.2174568 3.441605 0.5039445
v -0.1507365 3.400546 0.2858198
v 2.762304E-07 3.078967 0.3757383
v -0.1069703 3.26406 0.4445794
v -0.1507365 3.400546 0.2858198
v -0.4067358 4.458613 0.4548864
v -0.4528825 4.364411 0.4478767
v -0.4850138 4.444998 0.5061357
v -0.4850138 4.444998 0.5061357
v -0.4528825 4.364411 0.4478767
v -0.5119827 4.270482 0.5165099
v -0.442095 3.329057 -0.2238517
v -0.7637895 3.102308 -0.04017668
v -0.4619868 3.151884 0.008442648
v -0.8699054 3.141591 -0.1864165
v -0.7637895 3.102308 -0.04017668
v -0.442095 3.329057 -0.2238517
v -0.442095 3.329057 -0.2238517
v -0.9827288 3.254372 -0.193584
v -0.8699054 3.141591 -0.1864165
v -1.174531 3.212698 -0.03338784
v -1.193836 3.102983 -0.1093566
v -0.9827288 3.254372 -0.193584
v -0.8699054 3.141591 -0.1864165
v -0.9827288 3.254372 -0.193584
v -1.193836 3.102983 -0.1093566
v -0.442095 3.329057 -0.2238517
v -0.4587211 3.588383 -0.1944966
v -0.9827288 3.254372 -0.193584
v -0.9827288 3.254372 -0.193584
v -0.4587211 3.588383 -0.1944966
v -0.5179709 3.681703 -0.06601721
v -0.7637895 3.102308 -0.04017668
v -0.8699054 3.141591 -0.1864165
v -1.112063 2.993425 -0.09563006
v -0.7637895 3.102308 -0.04017668
v -1.112063 2.993425 -0.09563006
v -1.000063 2.964874 0.02440422
v -0.8699054 3.141591 -0.1864165
v -1.193836 3.102983 -0.1093566
v -1.112063 2.993425 -0.09563006
v -1.193836 3.102983 -0.1093566
v -1.361516 2.869673 0.06164463
v -1.112063 2.993425 -0.09563006
v -1.361516 2.869673 0.06164463
v -1.000063 2.964874 0.02440422
v -1.112063 2.993425 -0.09563006
v -1.174531 3.212698 -0.03338784
v -0.9827288 3.254372 -0.193584
v -0.9823072 3.354983 -0.09264052
v -0.9827288 3.254372 -0.193584
v -0.5179709 3.681703 -0.06601721
v -0.9823072 3.354983 -0.09264052
v -1.068589 3.294178 0.1101693
v -1.174531 3.212698 -0.03338784
v -0.9823072 3.354983 -0.09264052
v -0.5179709 3.681703 -0.06601721
v -0.9073246 3.429516 0.08480126
v -0.9823072 3.354983 -0.09264052
v -0.8080772 3.397026 0.2138699
v -0.9073246 3.429516 0.08480126
v -0.5209245 3.673433 0.1034629
v -0.8080772 3.397026 0.2138699
v -0.9262168 3.282957 0.2173194
v -1.068589 3.294178 0.1101693
v -1.337605 2.992898 0.3370232
v -0.9262168 3.282957 0.2173194
v -0.9132304 3.111429 0.1675246
v -1.337605 2.992898 0.3370232
v -1.068589 3.294178 0.1101693
v -0.9262168 3.282957 0.2173194
v -0.7557002 3.20864 0.1635452
v -1.000063 2.964874 0.02440422
v -0.9132304 3.111429 0.1675246
v -0.7557002 3.20864 0.1635452
v -0.7637895 3.102308 -0.04017668
v -1.000063 2.964874 0.02440422
v -0.2307313 2.857198 0.3904515
v -0.187796 3.384421 0.431757
v -0.188068 2.877824 0.4251533
v -0.2304493 3.368869 0.3973756
v -0.2307313 2.857198 0.3904515
v -0.1682975 2.85538 0.3863011
v -0.188068 2.877824 0.4251533
v -0.1680663 3.384693 0.3942653
v -0.1682975 2.85538 0.3863011
v 0.21128 2.730893 0.4234391
v 0.2108758 3.429543 0.4333919
v 0.2629004 3.429543 0.4707021
v 0.21128 2.730893 0.4234391
v 0.2629004 3.429543 0.4707021
v 0.2633829 2.735307 0.4609739
v 0.2108758 3.429543 0.4333919
v 0.21128 2.730893 0.4234391
v 0.2735483 2.73349 0.4116042
v 0.2633829 2.735307 0.4609739
v 0.2730958 3.417222 0.4207062
v 0.2735483 2.73349 0.4116042
v 0.3029742 3.423344 0.4973261
v 0.106971 3.264062 0.4445794
v 0.2174575 3.441605 0.5039443
v 0.3029742 3.423344 0.4973261
v 0.1691942 3.211667 0.4248294
v 0.106971 3.264062 0.4445794
v 0.1691942 3.211667 0.4248294
v 2.762304E-07 3.078967 0.3757383
v 0.106971 3.264062 0.4445794
v 0.4455761 4.197603 0.4342483
v 0.5696778 4.535711 0.3091191
v 0.5481492 4.213409 0.4591608
v 0.4455761 4.197603 0.4342483
v 0.4789543 4.51335 0.3330281
v 0.5696778 4.535711 0.3091191
v 0.3306714 4.943774 0.1419836
v 0.3822537 5.011584 0.09542824
v 0.4975732 4.867684 0.1457374
v 0.4789543 4.51335 0.3330281
v 0.4975732 4.867684 0.1457374
v 0.5696778 4.535711 0.3091191
v 0.4789543 4.51335 0.3330281
v 0.4261867 4.834604 0.1851905
v 0.4975732 4.867684 0.1457374
v 0.4261867 4.834604 0.1851905
v 0.3306714 4.943774 0.1419836
v 0.4975732 4.867684 0.1457374
v -0.3029737 3.423345 0.4973264
v -0.3581519 3.72986 0.5353923
v -0.2174568 3.441605 0.5039445
v -0.3029737 3.423345 0.4973264
v -0.2174568 3.441605 0.5039445
v -0.1069703 3.26406 0.4445794
v -0.1691937 3.211647 0.4248284
v -0.1069703 3.26406 0.4445794
v 2.762304E-07 3.078967 0.3757383
v 1.451608 2.84519 0.2483122
v 1.469242 2.8564 0.3747218
v 1.57877 2.885351 0.3359227
v 1.546715 2.879943 0.2086467
v 1.451608 2.84519 0.2483122
v 1.57877 2.885351 0.3359227
v 1.430413 2.782155 0.3317926
v 1.469242 2.8564 0.3747218
v 1.451608 2.84519 0.2483122
v 1.546715 2.879943 0.2086467
v 1.513214 2.807847 0.1551599
v 1.451608 2.84519 0.2483122
v 1.433919 2.749673 0.2560832
v 1.430413 2.782155 0.3317926
v 1.451608 2.84519 0.2483122
v 1.467636 2.75537 0.1740997
v 1.451608 2.84519 0.2483122
v 1.513214 2.807847 0.1551599
v 1.433919 2.749673 0.2560832
v 1.451608 2.84519 0.2483122
v 1.467636 2.75537 0.1740997
v -1.463462 2.878292 0.2336624
v -1.578615 2.926907 0.3147749
v -1.478113 2.891016 0.3591823
v -1.558803 2.914123 0.1929823
v -1.578615 2.926907 0.3147749
v -1.463462 2.878292 0.2336624
v -1.437414 2.81811 0.3167634
v -1.463462 2.878292 0.2336624
v -1.478113 2.891016 0.3591823
v -1.558803 2.914123 0.1929823
v -1.463462 2.878292 0.2336624
v -1.523653 2.843329 0.139992
v -1.440928 2.786212 0.2412878
v -1.463462 2.878292 0.2336624
v -1.437414 2.81811 0.3167634
v -1.476026 2.791802 0.1592813
v -1.523653 2.843329 0.139992
v -1.463462 2.878292 0.2336624
v -1.440928 2.786212 0.2412878
v -1.476026 2.791802 0.1592813
v -1.463462 2.878292 0.2336624
v 0.3180558 2.320101 -0.1838215
v 1.428634E-08 2.397379 0.004934067
v 0.4321287 2.312786 -0.0596392
v 0.1630411 2.336638 -0.2418094
v 1.428634E-08 2.397379 0.004934067
v 0.3180558 2.320101 -0.1838215
v 0.4321287 2.312786 -0.0596392
v 1.428634E-08 2.397379 0.004934067
v 0.4318237 2.311249 0.07464147
v -0.005282352 2.342409 -0.2688982
v 1.428634E-08 2.397379 0.004934067
v 0.1630411 2.336638 -0.2418094
v 0.4318237 2.311249 0.07464147
v 1.428634E-08 2.397379 0.004934067
v 0.3129122 2.30969 0.2332474
v 0.3129122 2.30969 0.2332474
v 1.428634E-08 2.397379 0.004934067
v 0.1274676 2.321638 0.2975418
v -0.3147244 2.3201 -0.1838221
v 1.428634E-08 2.397379 0.004934067
v -0.1600149 2.333681 -0.2434887
v -0.4287105 2.312781 -0.05963991
v 1.428634E-08 2.397379 0.004934067
v -0.3147244 2.3201 -0.1838221
v 0.0008328158 2.324444 0.3153841
v 1.428634E-08 2.397379 0.004934067
v -0.1259594 2.321647 0.2975376
v -0.4283823 2.311244 0.07464226
v 1.428634E-08 2.397379 0.004934067
v -0.4287105 2.312781 -0.05963991
v -0.3096825 2.309686 0.2332495
v 1.428634E-08 2.397379 0.004934067
v -0.4283823 2.311244 0.07464226
v -0.1259594 2.321647 0.2975376
v 1.428634E-08 2.397379 0.004934067
v -0.3096825 2.309686 0.2332495
v 0.2688347 4.362352 -0.4198296
v 0.2400712 4.202604 -0.3681035
v 0.4406686 4.170872 -0.04609622
v -0.2736568 4.362354 -0.4198297
v -0.4609624 4.431879 -0.1542063
v -0.4406819 4.170872 -0.04609596
v -0.2265784 4.134983 -0.238961
v -0.2404148 4.202605 -0.3473555
v -0.4406819 4.170872 -0.04609596
v -0.5481482 4.213409 0.4591612
v -0.4455752 4.197603 0.4342487
v -0.422644 3.954796 0.522876
v -1.612696 2.736836 0.1527832
v -1.626526 2.685239 0.3317837
v -1.443641 2.854988 0.3027409
v -1.626526 2.685239 0.3317837
v -1.55293 2.676764 0.431965
v -1.443641 2.854988 0.3027409
v -1.663626 2.807022 0.1493017
v -1.735595 2.622562 0.1914155
v -1.612696 2.736836 0.1527832
v -1.499425 2.884392 0.1887272
v -1.663626 2.807022 0.1493017
v -1.612696 2.736836 0.1527832
v 0.4861269 2.793863 -0.09054843
v 0.4136707 2.896044 0.06545748
v 0.4174275 2.900981 -0.06431008
v 0.2513335 3.206428 0.3304698
v 2.762304E-07 3.078967 0.3757383
v 0.1761449 3.248066 0.3523739
v 2.762304E-07 3.078967 0.3757383
v -0.1540986 2.819422 0.3663717
v -0.251333 3.206434 0.3304703
v -0.1335037 2.448575 0.2883681
v 0.003124967 2.452463 0.30549
v 0.0008328158 2.324444 0.3153841
v 0.1340074 2.448571 0.2883711
v 0.1274676 2.321638 0.2975418
v 0.0008328158 2.324444 0.3153841
v -0.005274278 2.429136 -0.2647857
v -0.1600149 2.333681 -0.2434887
v -0.005282352 2.342409 -0.2688982
v 0.2513335 3.206428 0.3304698
v 0.3443922 3.552281 0.2836915
v 0.2733381 3.186622 0.3499098
v 0.2733381 3.186622 0.3499098
v 0.3443922 3.552281 0.2836915
v 0.4725284 3.550648 0.2490509
v 0.4996793 3.712094 0.11322
v 0.3443922 3.552281 0.2836915
v 0.3616781 3.734229 0.1079928
v 0.1977158 3.78511 -0.1505011
v 0.2253622 3.624608 -0.2183604
v 0.3378126 3.747633 -0.1129376
v 0.1977158 3.78511 -0.1505011
v 0.3378126 3.747633 -0.1129376
v 0.3616781 3.734229 0.1079928
v -0.1977155 3.785128 -0.1505243
v -0.3616785 3.797426 0.1214836
v -0.3378131 3.747641 -0.1129355
v -0.3616785 3.797426 0.1214836
v -0.4955391 3.714902 -0.06851626
v -0.3378131 3.747641 -0.1129355
v -0.4996806 3.712093 0.1132202
v -0.3443921 3.55228 0.2836915
v -0.4743915 3.550692 0.2488738
v -0.251333 3.206434 0.3304703
v -0.1889906 2.808657 0.3819687
v -0.2733375 3.186621 0.3499098
v -0.4098358 3.33391 -0.2364107
v -0.442095 3.329057 -0.2238517
v -0.3906111 2.95494 -0.2460065
v 3.980909E-05 2.603621 -0.3581324
v -0.1738797 2.454024 -0.2879465
v 0.001016767 2.44441 -0.331786
v 0.4932687 2.575012 -0.0993447
v 0.4861269 2.793863 -0.09054843
v 0.390611 2.954943 -0.2460067
v 0.3795449 2.620571 -0.2453003
v 0.4932687 2.575012 -0.0993447
v 0.390611 2.954943 -0.2460067
v 0.001016767 2.44441 -0.331786
v -0.1659785 2.428625 -0.2352507
v -0.005274278 2.429136 -0.2647857
v 0.4406686 4.170872 -0.04609622
v 0.2398562 4.009967 -0.2191977
v 0.4241119 3.961167 0.04085586
v 0.4609489 4.431939 -0.1543122
v 0.4406686 4.170872 -0.04609622
v 0.5478473 4.212191 0.219533
v -0.2414396 4.01834 -0.2245346
v -0.2265784 4.134983 -0.238961
v -0.4406819 4.170872 -0.04609596
v -0.4447145 3.712661 0.5404213
v -0.4412679 3.805835 0.2921106
v -0.5119132 3.993728 0.2657014
v -0.1761443 3.248053 0.3523733
v -0.3029737 3.423345 0.4973264
v -0.1691937 3.211647 0.4248284
v -0.3443921 3.55228 0.2836915
v -0.3029737 3.423345 0.4973264
v -0.1761443 3.248053 0.3523733
v -0.4609624 4.431879 -0.1542063
v -0.5478479 4.208231 0.2186883
v -0.4406819 4.170872 -0.04609596
v -0.4609624 4.431879 -0.1542063
v -0.5327358 4.512265 0.1111714
v -0.5478479 4.208231 0.2186883
v -0.5327358 4.512265 0.1111714
v -0.5481482 4.213409 0.4591612
v -0.5478479 4.208231 0.2186883
v -0.5119132 3.993728 0.2657014
v -0.4406819 4.170872 -0.04609596
v -0.5478479 4.208231 0.2186883
v -0.508274 3.986419 0.5292752
v -0.5119132 3.993728 0.2657014
v -0.5478479 4.208231 0.2186883
v 0.2174575 3.441605 0.5039443
v 0.2460121 3.600268 0.1839548
v 0.3581526 3.722796 0.5338843
v 0.09051654 2.254017 0.01506157
v 0.1184769 2.277081 -0.1311444
v -0.008266852 2.294071 -0.1566232
v -0.008266852 2.294071 -0.1566232
v 0.144067 2.375618 -0.2168536
v -0.0009659586 2.386951 -0.2361942
v -0.0886577 2.254058 0.01506175
v -0.1101085 2.281412 0.1865869
v 0.004679265 2.304648 0.2099429
v 0.5179694 3.681704 -0.06601748
v 0.9343553 3.345835 -0.08393962
v 0.8585026 3.424145 0.09175487
v 0.7662027 3.393057 0.2194745
v 0.5209233 3.673434 0.1034626
v 0.8585026 3.424145 0.09175487
v 0.7662027 3.393057 0.2194745
v 0.440188 3.199828 0.2382316
v 0.4725284 3.550648 0.2490509
v -0.1982376 2.988822 -0.3289176
v -0.4098358 3.33391 -0.2364107
v -0.3906111 2.95494 -0.2460065
v -1.068589 3.294178 0.1101693
v -0.9823072 3.354983 -0.09264052
v -0.9073246 3.429516 0.08480126
v -0.5179709 3.681703 -0.06601721
v -0.5209245 3.673433 0.1034629
v -0.9073246 3.429516 0.08480126
v -0.8080772 3.397026 0.2138699
v -1.068589 3.294178 0.1101693
v -0.9073246 3.429516 0.08480126
v -0.9132304 3.111429 0.1675246
v -0.8080772 3.397026 0.2138699
v -0.7557002 3.20864 0.1635452
v -0.508274 3.986419 0.5292752
v -0.422644 3.954796 0.522876
v -0.3581519 3.72986 0.5353923
v -0.3029737 3.423345 0.4973264
v -0.1069703 3.26406 0.4445794
v -0.1691937 3.211647 0.4248284
v -0.1600149 2.333681 -0.2434887
v 1.428634E-08 2.397379 0.004934067
v -0.005282352 2.342409 -0.2688982
v 0.1274676 2.321638 0.2975418
v 1.428634E-08 2.397379 0.004934067
v 0.0008328158 2.324444 0.3153841
v -0.4453424 3.234257 0.258929
v -0.4546151 3.134402 0.2481401
v -0.4451828 3.199777 0.2529492
v -1.500541 2.74733 0.4281916
v -1.492287 2.906057 0.2920158
v -1.443641 2.854988 0.3027409
v 0.4619873 3.151885 0.008442272
v 0.4488641 3.118458 0.24992
v 0.440188 3.199828 0.2382316
v 0.440188 3.199828 0.2382316
v 0.4488641 3.118458 0.24992
v 0.4429925 3.229434 0.2612813
v 0.440188 3.199828 0.2382316
v 0.4429925 3.229434 0.2612813
v 0.4725284 3.550648 0.2490509
v 1.615959 2.684216 0.171816
v 1.436946 2.828712 0.1908455
v 1.439093 2.819705 0.3150779
v 1.462896 2.868173 0.1948151
v 1.436946 2.828712 0.1908455
v 1.615959 2.684216 0.171816
v -0.251333 3.206434 0.3304703
v -0.3443921 3.55228 0.2836915
v -0.1761443 3.248053 0.3523733
v 0.4488641 3.118458 0.24992
v 0.2733381 3.186622 0.3499098
v 0.4429925 3.229434 0.2612813
v 0.4429925 3.229434 0.2612813
v 0.2733381 3.186622 0.3499098
v 0.4725284 3.550648 0.2490509
v 0.2253622 3.624608 -0.2183604
v 0.4587199 3.588384 -0.1944968
v 0.3378126 3.747633 -0.1129376
v 0.4587199 3.588384 -0.1944968
v 0.4955377 3.714903 -0.06851645
v 0.3378126 3.747633 -0.1129376
v -0.4453424 3.234257 0.258929
v -0.4743915 3.550692 0.2488738
v -0.2733375 3.186621 0.3499098
v -0.4743915 3.550692 0.2488738
v -0.4453424 3.234257 0.258929
v -0.4451828 3.199777 0.2529492
v -0.3822916 2.781096 0.3030939
v -0.4790231 2.781695 0.09441773
v -0.4546151 3.134402 0.2481401
v -0.2733375 3.186621 0.3499098
v -0.3822916 2.781096 0.3030939
v -0.4546151 3.134402 0.2481401
v -0.4546151 3.134402 0.2481401
v -0.4453424 3.234257 0.258929
v -0.2733375 3.186621 0.3499098
v 0.1761449 3.248066 0.3523739
v 2.762304E-07 3.078967 0.3757383
v 0.1691942 3.211667 0.4248294
v 0.3443922 3.552281 0.2836915
v 0.3029742 3.423344 0.4973261
v 0.4412677 3.739827 0.2780199
v 0.4412677 3.739827 0.2780199
v 0.4241119 3.961167 0.04085586
v 0.3616781 3.734229 0.1079928
v 0.3443922 3.552281 0.2836915
v 0.4412677 3.739827 0.2780199
v 0.3616781 3.734229 0.1079928
v 0.1977158 3.78511 -0.1505011
v 0.3616781 3.734229 0.1079928
v 0.4241119 3.961167 0.04085586
v 0.4412677 3.739827 0.2780199
v 0.3029742 3.423344 0.4973261
v 0.4447151 3.693221 0.5362712
v 0.4412677 3.739827 0.2780199
v 0.5119139 3.986116 0.2640761
v 0.4241119 3.961167 0.04085586
v 0.5119139 3.986116 0.2640761
v 0.5478473 4.212191 0.219533
v 0.4406686 4.170872 -0.04609622
v 0.5119139 3.986116 0.2640761
v 0.4406686 4.170872 -0.04609622
v 0.4241119 3.961167 0.04085586
v 0.4447151 3.693221 0.5362712
v 0.5119139 3.986116 0.2640761
v 0.4412677 3.739827 0.2780199
v 0.5082749 3.978191 0.5275183
v 0.5478473 4.212191 0.219533
v 0.5119139 3.986116 0.2640761
v 0.5082749 3.978191 0.5275183
v 0.5481492 4.213409 0.4591608
v 0.5478473 4.212191 0.219533
v 0.4447151 3.693221 0.5362712
v 0.5082749 3.978191 0.5275183
v 0.5119139 3.986116 0.2640761
v -0.5119132 3.993728 0.2657014
v -0.4241116 3.961156 0.0408542
v -0.4406819 4.170872 -0.04609596
v -0.2414396 4.01834 -0.2245346
v -0.4406819 4.170872 -0.04609596
v -0.4241116 3.961156 0.0408542
v -0.1977155 3.785128 -0.1505243
v -0.2315217 3.952786 -0.1475786
v -0.4241116 3.961156 0.0408542
v -0.2315217 3.952786 -0.1475786
v -0.2414396 4.01834 -0.2245346
v -0.4241116 3.961156 0.0408542
v -0.4412679 3.805835 0.2921106
v -0.4241116 3.961156 0.0408542
v -0.5119132 3.993728 0.2657014
v -0.4412679 3.805835 0.2921106
v -0.3616785 3.797426 0.1214836
v -0.4241116 3.961156 0.0408542
v -0.3443921 3.55228 0.2836915
v -0.3616785 3.797426 0.1214836
v -0.4412679 3.805835 0.2921106
v -0.1977155 3.785128 -0.1505243
v -0.4241116 3.961156 0.0408542
v -0.3616785 3.797426 0.1214836
v 0.3581526 3.722796 0.5338843
v 0.3151277 4.032995 0.2974042
v 0.422645 3.981397 0.528554
v 0.3151277 4.032995 0.2974042
v 0.4455761 4.197603 0.4342483
v 0.422645 3.981397 0.528554
v -0.0886577 2.254058 0.01506175
v 0.005650546 2.272252 0.01980744
v -0.008266852 2.294071 -0.1566232
v 0.09051654 2.254017 0.01506157
v -0.008266852 2.294071 -0.1566232
v 0.005650546 2.272252 0.01980744
v -0.0886577 2.254058 0.01506175
v 0.004679265 2.304648 0.2099429
v 0.005650546 2.272252 0.01980744
v 0.09051654 2.254017 0.01506157
v 0.005650546 2.272252 0.01980744
v 0.004679265 2.304648 0.2099429
v -0.4136706 2.895722 0.06543843
v -0.4619868 3.151884 0.008442648
v -0.4546151 3.134402 0.2481401
v -0.4619868 3.151884 0.008442648
v -0.4451828 3.199777 0.2529492
v -0.4546151 3.134402 0.2481401
v -0.4861268 2.793862 -0.0905479
v -0.442095 3.329057 -0.2238517
v -0.4174274 2.910253 -0.06375263
v -0.4790231 2.781695 0.09441773
v -0.4136706 2.895722 0.06543843
v -0.4546151 3.134402 0.2481401
v -0.8080772 3.397026 0.2138699
v -0.5209245 3.673433 0.1034629
v -0.4743915 3.550692 0.2488738
v -0.7637895 3.102308 -0.04017668
v -0.7557002 3.20864 0.1635452
v -0.4451828 3.199777 0.2529492
v -0.8080772 3.397026 0.2138699
v -0.4743915 3.550692 0.2488738
v -0.4451828 3.199777 0.2529492
v -0.7557002 3.20864 0.1635452
v -0.8080772 3.397026 0.2138699
v -0.4451828 3.199777 0.2529492
v -0.4619868 3.151884 0.008442648
v -0.7637895 3.102308 -0.04017668
v -0.4451828 3.199777 0.2529492
v -0.2307313 2.857198 0.3904515
v -0.2304493 3.368869 0.3973756
v -0.187796 3.384421 0.431757
v -0.2304493 3.368869 0.3973756
v -0.1682975 2.85538 0.3863011
v -0.1680663 3.384693 0.3942653
v -0.188068 2.877824 0.4251533
v -0.187796 3.384421 0.431757
v -0.1680663 3.384693 0.3942653
v 0.2108758 3.429543 0.4333919
v 0.2735483 2.73349 0.4116042
v 0.2730958 3.417222 0.4207062
v 0.2633829 2.735307 0.4609739
v 0.2629004 3.429543 0.4707021
v 0.2730958 3.417222 0.4207062
v 0.3029742 3.423344 0.4973261
v 0.3581526 3.722796 0.5338843
v 0.4447151 3.693221 0.5362712
v 0.3029742 3.423344 0.4973261
v 0.2174575 3.441605 0.5039443
v 0.3581526 3.722796 0.5338843
v 0.5082749 3.978191 0.5275183
v 0.4447151 3.693221 0.5362712
v 0.3581526 3.722796 0.5338843
v 0.5082749 3.978191 0.5275183
v 0.3581526 3.722796 0.5338843
v 0.422645 3.981397 0.528554
v 0.5481492 4.213409 0.4591608
v 0.5082749 3.978191 0.5275183
v 0.422645 3.981397 0.528554
v -0.3029737 3.423345 0.4973264
v -0.4447145 3.712661 0.5404213
v -0.3581519 3.72986 0.5353923
v -0.508274 3.986419 0.5292752
v -0.3581519 3.72986 0.5353923
v -0.4447145 3.712661 0.5404213
v 0.8707066 3.098552 0.1772025
v 0.7084107 3.203378 0.1701441
v 0.7662027 3.393057 0.2194745
v 0.7084107 3.203378 0.1701441
v 0.440188 3.199828 0.2382316
v 0.7662027 3.393057 0.2194745
v -0.9132304 3.111429 0.1675246
v -0.9262168 3.282957 0.2173194
v -0.8080772 3.397026 0.2138699
vn -0.9187148 0.007988523 0.3948409
vn -0.9187148 0.007988526 0.3948409
vn -0.9187148 0.007988523 0.3948409
vn 0.7477627 -0.3563768 -0.5602202
vn 0.7477627 -0.3563768 -0.5602202
vn 0.7477627 -0.3563768 -0.5602202
vn -0.2753415 -0.733871 -0.6209835
vn -0.2753415 -0.733871 -0.6209834
vn -0.2753415 -0.733871 -0.6209834
vn -0.9184771 -0.3105239 -0.2448974
vn -0.9184771 -0.3105238 -0.2448974
vn -0.9184771 -0.3105238 -0.2448974
vn -0.9837903 0.1389089 0.1134061
vn -0.9847033 0.1566998 0.07618793
vn -0.9817107 0.1768835 0.07040141
vn 0.3480541 -0.6859267 -0.6390328
vn 0.3480541 -0.6859267 -0.6390328
vn 0.3480541 -0.6859267 -0.6390328
vn -0.7165745 0.2864689 0.6359689
vn -0.7165745 0.286469 0.635969
vn -0.7165745 0.2864689 0.6359689
vn 0.6624787 -0.7489875 0.01181931
vn 0.6853274 -0.7267711 0.04615352
vn 0.6052439 -0.7947904 -0.04458688
vn 0.6387427 -0.7560067 0.1430443
vn 0.5643326 -0.8211073 0.08550759
vn 0.5452358 -0.8333222 -0.09106087
vn 0.7636106 -0.6137475 0.2005316
vn 0.7559307 -0.6172546 0.2180953
vn 0.7660626 -0.6114815 0.1980873
vn 0.7683232 -0.611078 0.1904289
vn 0.7636106 -0.6137475 0.2005316
vn 0.7660626 -0.6114815 0.1980873
vn 0.7559307 -0.6172546 0.2180953
vn 0.7268667 -0.6343349 0.2632185
vn 0.7660626 -0.6114815 0.1980873
vn 0.7559307 -0.6172546 0.2180953
vn 0.8125969 -0.5097029 0.2826469
vn 0.7268667 -0.6343349 0.2632185
vn 0.6245728 -0.779514 0.04761199
vn 0.6387427 -0.7560067 0.1430443
vn 0.5452358 -0.8333222 -0.09106087
vn 0.6022948 -0.7943439 -0.07911307
vn 0.6245728 -0.779514 0.04761199
vn 0.5452358 -0.8333222 -0.09106087
vn 0.673524 -0.6766794 -0.2974399
vn 0.6165392 -0.7253745 -0.3061231
vn 0.6261642 -0.719435 -0.3005524
vn 0.6165392 -0.7253745 -0.3061231
vn 0.4987027 -0.8277316 -0.2572082
vn 0.6261642 -0.719435 -0.3005524
vn 0.6165392 -0.7253745 -0.3061231
vn 0.492569 -0.8304111 -0.2603711
vn 0.4987027 -0.8277316 -0.2572082
vn -0.3525226 -0.9271797 0.1267506
vn -0.3239052 -0.9410599 0.09742506
vn -0.3434252 -0.931816 0.1173803
vn -0.3525226 -0.9271797 0.1267506
vn -0.3434252 -0.931816 0.1173803
vn -0.3731702 -0.9158515 0.1481898
vn -0.8275955 0.5399819 0.1533143
vn -0.7607459 0.630729 0.1531231
vn -0.8268154 0.5429868 0.1467709
vn 0.2498451 -0.02078321 0.9680628
vn 0.2449025 -0.1698885 0.9545474
vn 0.2146959 -0.1031639 0.9712172
vn -0.3588484 -0.09019692 -0.9290277
vn -0.359367 -0.08575657 -0.9292477
vn -0.3567655 -0.08799599 -0.9300404
vn -0.3588484 -0.09019692 -0.9290277
vn -0.3567655 -0.08799599 -0.9300404
vn -0.3567784 -0.08795805 -0.930039
vn 0.1628688 0.1118337 0.9802893
vn 0.05107722 0.1471362 0.9877965
vn 0.01547662 0.1560711 0.9876246
vn -0.03584633 -0.9989098 0.02990545
vn -0.03878006 -0.9976082 0.05721904
vn -0.05007233 -0.9804513 0.1902838
vn -0.03584633 -0.9989098 0.02990545
vn -0.05007233 -0.9804513 0.1902838
vn -0.05076722 -0.9804984 0.1898568
vn -0.005115835 -0.9618382 -0.2735709
vn -0.03878006 -0.9976082 0.05721904
vn -0.03584633 -0.9989098 0.02990545
vn -0.005115835 -0.9618382 -0.2735709
vn -0.009712616 -0.9786454 -0.205326
vn -0.03878006 -0.9976082 0.05721904
vn -0.8340412 0.4999992 -0.2331871
vn -0.8577557 0.4754123 -0.1955465
vn -0.840404 0.5071332 -0.1911467
vn 0.08677781 -0.8011387 -0.592154
vn -0.009712616 -0.9786454 -0.205326
vn -0.005115835 -0.9618382 -0.2735709
vn 0.08677781 -0.8011387 -0.592154
vn 0.03080922 -0.8434798 -0.5362767
vn -0.009712616 -0.9786454 -0.205326
vn -0.8537452 0.4852177 -0.1888995
vn -0.8577557 0.4754123 -0.1955465
vn -0.8340412 0.4999992 -0.2331871
vn -0.5114902 0.8410249 0.1762244
vn -0.6151447 0.7882283 0.01711908
vn -0.5415053 0.8402556 0.02725103
vn -0.6547874 0.7481044 -0.1076725
vn -0.553528 0.828733 -0.0825135
vn -0.5415053 0.8402556 0.02725103
vn -0.553528 0.828733 -0.0825135
vn -0.4023268 0.9153895 -0.01397411
vn -0.5415053 0.8402556 0.02725103
vn -0.5929447 0.6328592 0.4979013
vn -0.5171446 0.6653666 0.538376
vn -0.7384643 0.5241367 0.4242067
vn 0.5571493 -0.099095 0.8244786
vn 0.5458475 -0.03008884 0.8373441
vn 0.5535693 -0.05519266 0.8309723
vn 0.2124542 -0.3530897 0.9111481
vn 0.1298071 -0.3300395 0.9349995
vn 0.2859537 -0.3715737 0.8832686
vn 0.2124542 -0.3530897 0.9111481
vn 0.2859537 -0.3715737 0.8832686
vn 0.3856081 -0.3933552 0.8346125
vn -0.5929447 0.6328592 0.4979013
vn -0.7384643 0.5241367 0.4242067
vn -0.7714114 0.5030744 0.3896675
vn -0.7714114 0.5030744 0.3896675
vn -0.7384643 0.5241367 0.4242067
vn -0.7461236 0.5314736 0.4010429
vn -0.4534595 -0.1151884 -0.8838021
vn -0.427979 0.3315164 -0.8407919
vn -0.4743916 0.08122166 -0.876559
vn -0.5359104 -0.2541242 -0.8051217
vn -0.4534595 -0.1151884 -0.8838021
vn -0.4743916 0.08122166 -0.876559
vn -0.7714114 0.5030744 0.3896675
vn -0.7461236 0.5314736 0.4010429
vn -0.7130558 0.5558704 0.4272699
vn -0.5359104 -0.2541242 -0.8051217
vn -0.5153732 -0.3002838 -0.8026333
vn -0.4534595 -0.1151884 -0.8838021
vn -0.3109467 -0.928884 0.2012129
vn -0.3151911 -0.9251816 0.2114088
vn -0.2977038 -0.9394253 0.1698603
vn -0.3109467 -0.928884 0.2012129
vn -0.3290358 -0.9119274 0.245202
vn -0.3151911 -0.9251816 0.2114088
vn -0.9795418 -0.1084844 0.1694964
vn -0.9778101 -0.03165932 0.2070874
vn -0.9891572 -0.0676939 0.1303288
vn -0.3615424 -0.2809557 0.8890169
vn -0.4309893 -0.2430857 0.868998
vn -0.3286628 -0.2978114 0.896264
vn -0.3615424 -0.2809557 0.8890169
vn -0.4721554 -0.219064 0.853862
vn -0.4309893 -0.2430857 0.868998
vn 0.3615426 -0.2809559 0.8890167
vn 0.4309897 -0.243086 0.8689978
vn 0.4721558 -0.2190641 0.8538617
vn -0.3485632 -0.9372519 0.007912043
vn -0.2983189 -0.9501598 0.09056566
vn -0.2706771 -0.961259 -0.05210548
vn -0.0006833644 -0.9958354 -0.09116661
vn -0.3555226 -0.926873 -0.1204579
vn -0.2706771 -0.961259 -0.05210548
vn -1.003987E-06 -0.9996718 -0.02561997
vn -0.0006833644 -0.9958354 -0.09116661
vn -0.2706771 -0.961259 -0.05210548
vn 0.3500228 -0.9366913 0.009662865
vn 0.3353645 -0.9353997 -0.1120636
vn 0.2682485 -0.9621947 -0.04716057
vn 0.3500228 -0.9366913 0.009662865
vn 0.2682485 -0.9621947 -0.04716057
vn 0.2983276 -0.9501578 0.09055827
vn 0.2104192 -0.9756308 0.06219708
vn 0.3500228 -0.9366913 0.009662865
vn 0.2983276 -0.9501578 0.09055827
vn 0.7455166 0.6620601 -0.07669049
vn 0.7697811 0.6312718 -0.09451465
vn 0.7804663 0.6163875 -0.1045893
vn 0.7455166 0.6620601 -0.07669049
vn 0.7533734 0.6543923 -0.06480288
vn 0.7697811 0.6312718 -0.09451465
vn -0.006063985 0.9914805 -0.1301137
vn -0.2175624 0.9740067 -0.06306809
vn -0.1805433 0.9772667 -0.1111484
vn -0.1805433 0.9772667 -0.1111484
vn -0.5234014 0.8484566 -0.07856499
vn -0.3076383 0.9434848 -0.1232686
vn -0.5234014 0.8484566 -0.07856499
vn -0.7599396 0.6450294 -0.08018067
vn -0.7741508 0.6304656 -0.05660095
vn -0.5234014 0.8484566 -0.07856499
vn -0.7393734 0.6638787 -0.1122144
vn -0.7599396 0.6450294 -0.08018067
vn 3.949849E-05 -0.9999682 -0.007976494
vn 5.483078E-05 -0.9999682 -0.00797893
vn 4.559415E-05 -0.9999682 -0.007973252
vn 3.949849E-05 -0.9999682 -0.007976494
vn 4.559415E-05 -0.9999682 -0.007973252
vn 4.342716E-05 -0.9999682 -0.007976954
vn 4.589344E-05 -0.9999683 -0.007971934
vn 4.342716E-05 -0.9999682 -0.007976954
vn 4.559415E-05 -0.9999682 -0.007973252
vn 4.589344E-05 -0.9999683 -0.007971934
vn 4.781611E-05 -0.9999682 -0.007977412
vn 4.342716E-05 -0.9999682 -0.007976954
vn 4.589344E-05 -0.9999683 -0.007971934
vn 4.743694E-05 -0.9999683 -0.007972145
vn 4.781611E-05 -0.9999682 -0.007977412
vn 4.948463E-05 -0.9999681 -0.007985015
vn 4.342716E-05 -0.9999682 -0.007976954
vn 4.781611E-05 -0.9999682 -0.007977412
vn 4.948463E-05 -0.9999681 -0.007985015
vn 4.391267E-05 -0.9999681 -0.007984928
vn 4.342716E-05 -0.9999682 -0.007976954
vn 4.391267E-05 -0.9999681 -0.007984928
vn 3.949849E-05 -0.9999682 -0.007976494
vn 4.342716E-05 -0.9999682 -0.007976954
vn 4.391267E-05 -0.9999681 -0.007984928
vn 3.962113E-05 -0.9999682 -0.007982962
vn 3.949849E-05 -0.9999682 -0.007976494
vn 4.553195E-05 -0.9999681 -0.00798791
vn 3.962113E-05 -0.9999682 -0.007982962
vn 4.391267E-05 -0.9999681 -0.007984928
vn 4.945142E-05 -0.9999681 -0.007988479
vn 4.553195E-05 -0.9999681 -0.00798791
vn 4.391267E-05 -0.9999681 -0.007984928
vn 4.553195E-05 -0.9999681 -0.00798791
vn 4.470407E-05 -0.9999682 -0.007983805
vn 3.962113E-05 -0.9999682 -0.007982962
vn -0.9997337 -0.01009684 -0.02075095
vn -0.9972909 0.03279374 -0.06584369
vn -0.9997264 -0.01445954 0.01838955
vn -0.9997337 -0.01009684 -0.02075095
vn -0.9997264 -0.01445954 0.01838955
vn -0.9987454 -0.03107305 0.03927011
vn -0.5562282 -0.03280723 -0.8303818
vn -0.6635177 -0.1180011 -0.7387964
vn -0.3960237 -0.07303733 -0.915331
vn -0.3073146 -0.03605743 -0.9509246
vn -0.5562282 -0.03280723 -0.8303818
vn -0.3960237 -0.07303733 -0.915331
vn -0.3073146 -0.03605743 -0.9509246
vn -0.3960237 -0.07303733 -0.915331
vn -0.0674299 -0.1309959 -0.9890871
vn 0.5362223 -0.01293296 -0.8439777
vn 0.4487483 0.03980128 -0.8927715
vn 0.5593497 -0.02758246 -0.8284729
vn 0.6544957 -0.09170627 -0.7504834
vn 0.5362223 -0.01293296 -0.8439777
vn 0.5593497 -0.02758246 -0.8284729
vn 0.9856457 0.04407969 -0.1629712
vn 0.9975065 0.01805408 -0.06822614
vn 0.9952719 -0.01612003 -0.09578092
vn 0.9978496 0.05568473 0.03457402
vn 0.9975065 0.01805408 -0.06822614
vn 0.9840966 0.1457757 -0.1015057
vn 0.9978496 0.05568473 0.03457402
vn 0.9840966 0.1457757 -0.1015057
vn 0.9797403 0.1592951 0.1213844
vn 0.9583754 0.09807953 0.2681364
vn 0.9978496 0.05568473 0.03457402
vn 0.9797403 0.1592951 0.1213844
vn -0.3598962 0.09518482 0.9281242
vn -0.3444088 0.07296123 0.9359804
vn -0.3259659 0.04692108 0.9442165
vn -0.3598962 0.09518482 0.9281242
vn -0.3786151 0.1225075 0.9174108
vn -0.3444088 0.07296123 0.9359804
vn -0.1384127 0.9359207 -0.3238741
vn -0.3341489 0.9240544 -0.1856556
vn -0.1835344 0.9762455 -0.1151517
vn -0.1384127 0.9359207 -0.3238741
vn -0.1160246 0.9764631 -0.1818191
vn -0.1141813 0.9766948 -0.1817416
vn -0.1384127 0.9359207 -0.3238741
vn -0.1835344 0.9762455 -0.1151517
vn -0.1160246 0.9764631 -0.1818191
vn -0.8740617 -0.4579153 -0.1622643
vn -0.8740618 -0.4579153 -0.1622642
vn -0.8740618 -0.4579153 -0.1622642
vn -0.8010774 0.2917812 0.5226268
vn -0.7943751 0.1775131 0.5809109
vn -0.7445593 0.1004354 0.6599577
vn -0.1754699 0.8015895 0.5715457
vn -0.1754699 0.8015895 0.5715459
vn -0.1754699 0.8015895 0.5715459
vn -0.6321912 -0.6889173 0.3545805
vn -0.6234062 -0.7018144 0.3447048
vn -0.6518461 -0.636749 0.4118829
vn -0.6321912 -0.6889173 0.3545805
vn -0.6518461 -0.636749 0.4118829
vn -0.6608099 -0.6204046 0.422408
vn -0.4669587 -0.08956713 0.8797314
vn -0.466579 -0.09120589 0.8797645
vn -0.4459125 -0.04011598 0.8941772
vn -0.4669587 -0.08956713 0.8797314
vn -0.4459125 -0.04011598 0.8941772
vn -0.4463309 -0.03860809 0.8940348
vn 0.1192942 0.6333112 0.7646475
vn 0.06396623 0.5989612 0.7982191
vn 0.3911343 0.2214967 0.8932823
vn 0.1192942 0.6333112 0.7646475
vn 0.3911343 0.2214967 0.8932823
vn 0.2556375 0.2987444 0.919457
vn 0.5695928 0.8183517 -0.07657999
vn 0.5671139 0.8228711 -0.03556675
vn 0.5866038 0.8053771 -0.08522808
vn 0.5695928 0.8183517 -0.07657999
vn 0.5866038 0.8053771 -0.08522808
vn 0.5627027 0.8164017 -0.1298231
vn 0.4428445 0.2483811 -0.8615077
vn 0.4313101 0.2462196 -0.867956
vn 0.4194612 0.1872794 -0.8882447
vn 0.4428445 0.2483811 -0.8615077
vn 0.4194612 0.1872794 -0.8882447
vn 0.4312831 0.1885825 -0.8822876
vn 0.049535 -0.357018 -0.9327832
vn 0.08610519 -0.3496132 -0.932929
vn 0.050772 -0.3276761 -0.9434249
vn 0.049535 -0.357018 -0.9327832
vn 0.050772 -0.3276761 -0.9434249
vn 0.0147212 -0.3316087 -0.9433022
vn -0.4429619 -0.8002377 -0.4042333
vn -0.4776649 -0.7908604 -0.3825914
vn -0.4130505 -0.7760376 -0.4766077
vn -0.4429619 -0.8002377 -0.4042333
vn -0.4130505 -0.7760376 -0.4766077
vn -0.3697115 -0.7836949 -0.4991349
vn -0.3663301 -0.9243613 -0.1065764
vn -0.5035016 -0.861545 0.06501061
vn -0.4818516 -0.8695425 -0.108235
vn -0.6785495 -0.6985247 0.227231
vn -0.688574 -0.6949568 0.2071252
vn -0.6438969 -0.7145965 0.273402
vn -0.5531541 -0.8284826 -0.08739076
vn -0.5871353 -0.7906399 -0.1736687
vn -0.4818516 -0.8695425 -0.108235
vn -0.5360723 -0.6494427 -0.5393057
vn -0.5464476 -0.6561676 -0.520422
vn -0.4889748 -0.7140087 -0.5010942
vn -0.5360723 -0.6494427 -0.5393057
vn -0.4889748 -0.7140087 -0.5010942
vn -0.4722969 -0.723125 -0.5040098
vn -0.4722969 -0.723125 -0.5040098
vn -0.4889748 -0.7140087 -0.5010942
vn -0.405935 -0.834451 -0.3727042
vn -0.4722969 -0.723125 -0.5040098
vn -0.405935 -0.834451 -0.3727042
vn -0.3996045 -0.8379506 -0.3716921
vn 0.2543274 -0.9626625 0.09272775
vn 0.2464377 -0.9655144 0.08396752
vn 0.2296003 -0.9710876 0.06536468
vn 0.2543274 -0.9626625 0.09272775
vn 0.2723452 -0.9555603 0.1128394
vn 0.2464377 -0.9655144 0.08396752
vn -0.2320124 -0.005930448 0.9726948
vn -0.1919822 0.02987022 0.9809438
vn -0.203796 -0.1011335 0.9737757
vn -0.2320124 -0.005930448 0.9726948
vn -0.203796 -0.1011335 0.9737757
vn -0.23543 -0.1702785 0.9568584
vn 0.3282158 -0.1304782 -0.9355479
vn 0.3261247 -0.128975 -0.9364871
vn 0.3261099 -0.1290147 -0.9364868
vn -0.1469813 0.1570735 0.9765882
vn -0.1416059 0.133769 0.9808434
vn -0.03568101 0.1761717 0.9837126
vn -0.1416059 0.133769 0.9808434
vn -0.002885818 0.186741 0.9824049
vn -0.03568101 0.1761717 0.9837126
vn 0.80025 0.5833089 -0.1391065
vn 0.8051584 0.5656101 -0.17834
vn 0.7810239 0.5904365 -0.203437
vn 0.1235331 -0.9921013 0.02178656
vn 0.1394773 -0.9748121 0.1740333
vn 0.1268345 -0.9907823 0.04757543
vn 0.1235331 -0.9921013 0.02178656
vn 0.1400925 -0.9747986 0.1736138
vn 0.1394773 -0.9748121 0.1740333
vn 0.08463684 -0.9609606 -0.2634224
vn 0.1235331 -0.9921013 0.02178656
vn 0.1268345 -0.9907823 0.04757543
vn 0.08463684 -0.9609606 -0.2634224
vn 0.1268345 -0.9907823 0.04757543
vn 0.0919847 -0.975618 -0.1992698
vn -0.02375546 -0.8214327 -0.5698105
vn 0.08463684 -0.9609606 -0.2634224
vn 0.0919847 -0.975618 -0.1992698
vn 0.7955442 0.02701537 -0.605293
vn 0.777581 0.1268186 -0.6158611
vn 0.7758125 0.1346684 -0.6164247
vn 0.5913178 0.8005265 -0.09747113
vn 0.5579848 0.8291719 0.0335707
vn 0.4743071 0.879389 0.04132552
vn 0.5021676 0.8618227 -0.07133976
vn 0.3710256 0.92857 -0.009893928
vn 0.2176434 0.9417998 -0.2562118
vn -0.8278425 0.1285724 0.5460274
vn -0.8090487 0.1775009 0.5602978
vn -0.8487569 0.2628789 0.4588099
vn -0.8278425 0.1285724 0.5460274
vn -0.8487569 0.2628789 0.4588099
vn -0.8476952 0.265458 0.4592875
vn -0.6584511 -0.1876242 0.7288617
vn -0.7092314 -0.1968928 0.6769226
vn -0.599207 -0.1764001 0.7809187
vn -0.6584511 -0.1876242 0.7288617
vn -0.7750326 -0.2082777 0.5966111
vn -0.7092314 -0.1968928 0.6769226
vn 0.5325749 0.4614766 0.7095093
vn 0.506754 0.5121166 0.6934963
vn 0.4943097 0.498085 0.7124389
vn 0.3874818 0.6535086 0.6502187
vn 0.5325749 0.4614766 0.7095093
vn 0.4943097 0.498085 0.7124389
vn 0.7375061 -0.5294383 -0.4192612
vn 0.8287436 -0.232528 -0.5090334
vn 0.7539991 -0.422837 -0.502687
vn 0.5325749 0.4614766 0.7095093
vn 0.4672107 0.5491697 0.6929119
vn 0.506754 0.5121166 0.6934963
vn 0.7375061 -0.5294383 -0.4192612
vn 0.7539991 -0.422837 -0.502687
vn 0.7070326 -0.5699536 -0.4186382
vn -0.02515671 -0.9297044 0.3674463
vn -0.02249497 -0.9406856 0.3385328
vn -0.02602308 -0.9259139 0.3768371
vn -0.02515671 -0.9297044 0.3674463
vn -0.02602308 -0.9259139 0.3768371
vn -0.02889865 -0.9125529 0.4079365
vn -0.7092096 0.3946293 -0.5841999
vn -0.6802902 0.5237624 -0.5127165
vn -0.7039773 0.5904724 -0.3946622
vn -0.6802902 0.5237624 -0.5127165
vn -0.6773852 0.6564638 -0.3319709
vn -0.7039773 0.5904724 -0.3946622
vn 0.9896247 -0.03007851 -0.1404924
vn 0.9958866 0.09051885 0.004047081
vn 0.9952322 0.03341272 -0.09163289
vn 0.5981876 0.1305469 -0.7906511
vn 0.6334472 0.1734887 -0.7540865
vn 0.5910609 0.1221728 -0.7973211
vn 0.5981876 0.1305469 -0.7906511
vn 0.5910609 0.1221728 -0.7973211
vn 0.5462772 0.07153863 -0.8345439
vn -0.412026 0.1243602 -0.9026456
vn -0.4728032 0.05613397 -0.8793783
vn -0.4463977 0.08642031 -0.8906518
vn -0.4728032 0.05613397 -0.8793783
vn -0.5052083 0.01745928 -0.8628209
vn -0.4463977 0.08642031 -0.8906518
vn -0.9678673 0.1930308 -0.1611587
vn -0.9678673 0.1930308 -0.1611587
vn -0.9678672 0.1930308 -0.1611587
vn -0.0005903752 -0.3306842 0.9437413
vn 0.2243861 -0.007499158 0.9744715
vn 0.3364166 -0.3118067 0.8885946
vn 3.04736E-05 -0.1669574 0.9859642
vn -0.0005903752 -0.3306842 0.9437413
vn 0.3364166 -0.3118067 0.8885946
vn 3.04736E-05 -0.1669574 0.9859642
vn -0.2200595 -0.07145984 0.9728655
vn -0.3371345 -0.3120169 0.8882487
vn -0.5809019 -0.2129604 0.7856213
vn -0.6247434 -0.1451476 0.7672209
vn -0.6339289 -0.1273617 0.7628324
vn -0.6247434 -0.1451476 0.7672209
vn -0.4223103 0.07631104 0.9032335
vn -0.6339289 -0.1273617 0.7628324
vn 1.675227E-05 0.3062509 -0.9519508
vn -1.172379E-06 0.2583745 -0.9660448
vn 0.1799578 0.3896143 -0.9032254
vn 1.675227E-05 0.3062509 -0.9519508
vn -0.1799686 0.3895647 -0.9032446
vn -1.172379E-06 0.2583745 -0.9660448
vn 1.675227E-05 0.3062509 -0.9519508
vn -0.2780301 0.4645349 -0.8407774
vn -0.1799686 0.3895647 -0.9032446
vn -0.2780301 0.4645349 -0.8407774
vn -0.2468176 0.5662377 -0.7864197
vn -0.1799686 0.3895647 -0.9032446
vn 0.5809113 -0.2129654 0.785613
vn 0.6339304 -0.1273657 0.7628304
vn 0.6247447 -0.1451502 0.7672194
vn 0.5809113 -0.2129654 0.785613
vn 0.5589572 -0.2229791 0.7986534
vn 0.6339304 -0.1273657 0.7628304
vn -0.2554573 -0.3028119 0.9181757
vn -0.2926481 -0.2410687 0.925334
vn -0.2444123 -0.2453898 0.938108
vn -0.9775003 -0.209259 0.02653061
vn -0.9675799 -0.2525394 -0.003604225
vn -0.9956141 -0.08881164 0.02941602
vn -0.5742757 -0.1558687 -0.8036867
vn -0.8168116 -0.09437882 -0.5691323
vn -0.7911705 -0.1559586 -0.5913764
vn -0.5710593 -0.2636278 -0.7774264
vn -0.5742757 -0.1558687 -0.8036867
vn -0.7911705 -0.1559586 -0.5913764
vn 4.553824E-05 -0.1745865 -0.9846418
vn 0.2733628 -0.266222 -0.9243369
vn 0.2741997 -0.1720289 -0.946161
vn 0.5710579 -0.2636296 -0.7774267
vn 0.7536296 -0.2890515 -0.5903319
vn 0.7911689 -0.1559596 -0.5913783
vn 0.9774995 -0.2092628 0.02653004
vn 0.9536481 -0.1072104 0.2811781
vn 0.9956139 -0.08881285 0.02941526
vn 0.9536481 -0.1072104 0.2811781
vn 0.9980881 0.0465829 0.04062432
vn 0.9956139 -0.08881285 0.02941526
vn 0.9840546 -0.04523297 -0.1720191
vn 0.9038855 0.3367327 -0.2638223
vn 0.8918514 0.2999614 -0.3385622
vn -0.0007714049 -0.8809482 -0.473212
vn 0.2490534 -0.8750297 -0.4150849
vn -0.01547588 -0.8771555 -0.4799571
vn -0.8872442 -0.4495849 -0.1033018
vn -0.9404477 -0.2908886 -0.1759036
vn -0.9692067 -0.2460265 -0.010455
vn -0.8935643 0.3037345 -0.3305875
vn -0.9798819 0.01510674 -0.1990055
vn -0.9028937 -0.115188 -0.4141433
vn -0.9867215 -0.03401828 -0.1588193
vn -0.9798819 0.01510674 -0.1990055
vn -0.8935643 0.3037345 -0.3305875
vn -0.2627784 0.8757325 -0.4050187
vn -0.2222843 0.8811098 -0.4174148
vn -8.060601E-05 0.8994557 -0.4370119
vn -0.2627784 0.8757325 -0.4050187
vn -8.060601E-05 0.8994557 -0.4370119
vn -0.2495271 0.8657229 -0.4338895
vn -8.060601E-05 0.8994557 -0.4370119
vn -0.003611873 0.9507167 -0.31004
vn -0.2495271 0.8657229 -0.4338895
vn 0.2409428 0.8692213 -0.4317418
vn -0.003611873 0.9507167 -0.31004
vn -8.060601E-05 0.8994557 -0.4370119
vn 0.2602429 0.8740972 -0.4101559
vn 0.2409428 0.8692213 -0.4317418
vn -8.060601E-05 0.8994557 -0.4370119
vn -0.8935643 0.3037345 -0.3305875
vn -0.9028937 -0.115188 -0.4141433
vn -0.8284298 0.2032779 -0.5219024
vn -0.7236012 0.5111589 -0.4638081
vn -0.8935643 0.3037345 -0.3305875
vn -0.8284298 0.2032779 -0.5219024
vn -8.060601E-05 0.8994557 -0.4370119
vn -0.2222843 0.8811098 -0.4174148
vn -0.2454723 0.8335875 -0.4948488
vn -0.7236012 0.5111589 -0.4638081
vn -0.8284298 0.2032779 -0.5219024
vn -0.5202459 0.4303269 -0.7376741
vn -0.5202459 0.4303269 -0.7376741
vn -0.8284298 0.2032779 -0.5219024
vn -0.5710844 0.08458109 -0.8165223
vn -0.5710844 0.08458109 -0.8165223
vn -0.8284298 0.2032779 -0.5219024
vn -0.9028937 -0.115188 -0.4141433
vn -0.5710844 0.08458109 -0.8165223
vn -0.9028937 -0.115188 -0.4141433
vn -0.8103099 -0.2100202 -0.5470735
vn 0.2602429 0.8740972 -0.4101559
vn -8.060601E-05 0.8994557 -0.4370119
vn 0.2239584 0.8777894 -0.4234717
vn 0.8918514 0.2999614 -0.3385622
vn 0.7609141 0.5203804 -0.3875745
vn 0.7242761 0.5048516 -0.4696265
vn 0.7242761 0.5048516 -0.4696265
vn 0.8280576 0.2053302 -0.5216897
vn 0.8918514 0.2999614 -0.3385622
vn 0.8918514 0.2999614 -0.3385622
vn 0.8280576 0.2053302 -0.5216897
vn 0.9008428 -0.1157904 -0.4184196
vn -8.060601E-05 0.8994557 -0.4370119
vn 0.4508914 0.575304 -0.6824385
vn 0.2239584 0.8777894 -0.4234717
vn 0.7242761 0.5048516 -0.4696265
vn 0.4508914 0.575304 -0.6824385
vn 0.8280576 0.2053302 -0.5216897
vn -8.060601E-05 0.8994557 -0.4370119
vn 0.105704 0.6529223 -0.7500128
vn 0.4508914 0.575304 -0.6824385
vn -8.060601E-05 0.8994557 -0.4370119
vn -0.2454723 0.8335875 -0.4948488
vn -0.2809466 0.8430266 -0.4586667
vn 0.105704 0.6529223 -0.7500128
vn -0.0003947317 0.3410574 -0.9400424
vn 0.4508914 0.575304 -0.6824385
vn 0.105704 0.6529223 -0.7500128
vn -0.5202459 0.4303269 -0.7376741
vn -0.0003947317 0.3410574 -0.9400424
vn -0.5202459 0.4303269 -0.7376741
vn -0.5710844 0.08458109 -0.8165223
vn -0.0003947317 0.3410574 -0.9400424
vn 0.4508914 0.575304 -0.6824385
vn 0.5799533 0.08537555 -0.8101637
vn 0.8280576 0.2053302 -0.5216897
vn 0.4508914 0.575304 -0.6824385
vn -0.0003947317 0.3410574 -0.9400424
vn 0.5799533 0.08537555 -0.8101637
vn 0.5799533 0.08537555 -0.8101637
vn 0.9008428 -0.1157904 -0.4184196
vn 0.8280576 0.2053302 -0.5216897
vn -0.0003947317 0.3410574 -0.9400424
vn -0.5710844 0.08458109 -0.8165223
vn -0.324446 0.01431227 -0.945796
vn -0.0003947317 0.3410574 -0.9400424
vn 0.3137257 0.02932721 -0.9490607
vn 0.5799533 0.08537555 -0.8101637
vn 0.5799533 0.08537555 -0.8101637
vn 0.814941 -0.1993661 -0.5441731
vn 0.9008428 -0.1157904 -0.4184196
vn 0.3137257 0.02932721 -0.9490607
vn 0.3054052 -0.2155538 -0.9275043
vn 0.5799533 0.08537555 -0.8101637
vn 0.814941 -0.1993661 -0.5441731
vn 0.8510487 -0.26546 -0.4530421
vn 0.9008428 -0.1157904 -0.4184196
vn -0.5710844 0.08458109 -0.8165223
vn -0.01316683 -0.2909334 -0.9566528
vn -0.324446 0.01431227 -0.945796
vn -0.5710844 0.08458109 -0.8165223
vn -0.2826976 -0.2539307 -0.9249872
vn -0.01316683 -0.2909334 -0.9566528
vn 0.3137257 0.02932721 -0.9490607
vn -0.01316683 -0.2909334 -0.9566528
vn 0.3054052 -0.2155538 -0.9275043
vn -0.01316683 -0.2909334 -0.9566528
vn 0.2502484 -0.388234 -0.886933
vn 0.3054052 -0.2155538 -0.9275043
vn -0.01316683 -0.2909334 -0.9566528
vn -0.02805962 -0.6574421 -0.7529825
vn 0.2502484 -0.388234 -0.886933
vn -0.2826976 -0.2539307 -0.9249872
vn -0.02805962 -0.6574421 -0.7529825
vn -0.01316683 -0.2909334 -0.9566528
vn 0.3547876 -0.8336357 -0.4232935
vn 0.4919593 -0.7918208 -0.3619335
vn 0.2396207 -0.8704017 -0.4300962
vn -0.02805962 -0.6574421 -0.7529825
vn 0.3547876 -0.8336357 -0.4232935
vn 0.2396207 -0.8704017 -0.4300962
vn 0.5396345 -0.1621236 -0.826142
vn 0.8510487 -0.26546 -0.4530421
vn 0.4776808 -0.1042769 -0.872323
vn -0.004679054 -0.1129293 -0.993592
vn 0.5396345 -0.1621236 -0.826142
vn 0.4776808 -0.1042769 -0.872323
vn -0.2826976 -0.2539307 -0.9249872
vn -0.4624612 -0.6170257 -0.6367174
vn -0.02805962 -0.6574421 -0.7529825
vn -0.8103099 -0.2100202 -0.5470735
vn -0.8406535 -0.2969776 -0.4528864
vn -0.4624612 -0.6170257 -0.6367174
vn -0.02805962 -0.6574421 -0.7529825
vn 0.01891157 -0.8264791 -0.5626498
vn 0.3547876 -0.8336357 -0.4232935
vn -0.004679054 -0.1129293 -0.993592
vn 0.4776808 -0.1042769 -0.872323
vn 0.01052621 -0.1063914 -0.9942686
vn -0.4624612 -0.6170257 -0.6367174
vn 0.01891157 -0.8264791 -0.5626498
vn -0.02805962 -0.6574421 -0.7529825
vn -0.004679054 -0.1129293 -0.993592
vn 0.01052621 -0.1063914 -0.9942686
vn -0.4730307 -0.06248731 -0.8788273
vn -0.4624612 -0.6170257 -0.6367174
vn -0.3931518 -0.8018143 -0.4500283
vn 0.01891157 -0.8264791 -0.5626498
vn -0.8874163 0.3528752 0.2965998
vn -0.8836436 0.2332836 0.4058976
vn -0.8647834 0.1685946 0.4729964
vn -0.5566145 -0.3294233 0.7626668
vn -0.651486 -0.2564225 0.7140122
vn -0.6888109 -0.2238342 0.68952
vn -0.651486 -0.2564225 0.7140122
vn -0.7549497 -0.158939 0.6362306
vn -0.6888109 -0.2238342 0.68952
vn -0.804018 0.05323015 -0.5922176
vn -0.8333638 0.1107818 -0.5415092
vn -0.7946253 0.158058 -0.5861641
vn -0.06827405 -0.9962717 -0.0527392
vn -0.2280599 -0.7711779 -0.594368
vn -0.07611334 -0.9099727 -0.4076231
vn 0.8591929 0.1209743 -0.4971446
vn 0.7938079 0.03994178 -0.6068556
vn 0.8569347 0.1318841 -0.4982666
vn 0.8753969 0.1104126 -0.4706265
vn 0.8591929 0.1209743 -0.4971446
vn 0.8569347 0.1318841 -0.4982666
vn 0.8059045 -0.0509392 0.5898502
vn 0.8902546 0.2011249 0.4086508
vn 0.8403315 0.1186746 0.5289227
vn 0.8059045 -0.0509392 0.5898502
vn 0.8403315 0.1186746 0.5289227
vn 0.8418694 -0.09242279 0.5317086
vn 0.8740072 -0.0365281 0.484538
vn 0.8059045 -0.0509392 0.5898502
vn 0.8418694 -0.09242279 0.5317086
vn 0.05668735 -0.2951421 0.9537703
vn -0.05069747 -0.07491095 0.9959007
vn -0.03955453 -0.07667542 0.9962713
vn 0.1541773 -0.2768192 -0.9484727
vn 0.1717051 -0.6462953 -0.7435185
vn 0.1642343 -0.233814 -0.9583101
vn 0.05668735 -0.2951421 0.9537703
vn -0.03955453 -0.07667542 0.9962713
vn 0.04915741 -0.2706381 0.9614253
vn -0.7445593 0.1004354 0.6599577
vn -0.6860478 -0.07323644 0.7238611
vn -0.7297844 -0.120903 0.6729021
vn -0.7445593 0.1004354 0.6599577
vn -0.7943751 0.1775131 0.5809109
vn -0.6860478 -0.07323644 0.7238611
vn -0.6860478 -0.07323644 0.7238611
vn -0.7575835 -0.06960139 0.6490169
vn -0.7297844 -0.120903 0.6729021
vn 0.05239145 -0.4720402 0.8800188
vn 0.05668735 -0.2951421 0.9537703
vn 0.04915741 -0.2706381 0.9614253
vn 0.9097497 -0.1150594 0.3988945
vn 0.8740072 -0.0365281 0.484538
vn 0.8418694 -0.09242279 0.5317086
vn 0.8843886 0.01560795 0.4664905
vn 0.8740072 -0.0365281 0.484538
vn 0.9097497 -0.1150594 0.3988945
vn 0.05663506 -0.001295338 0.9983941
vn 0.05852809 0.01665727 0.9981468
vn 0.05906945 0.002021218 0.9982519
vn 0.8902382 0.01134132 0.4553541
vn 0.8740072 -0.0365281 0.484538
vn 0.8843886 0.01560795 0.4664905
vn 0.8902382 0.01134132 0.4553541
vn 0.8843886 0.01560795 0.4664905
vn 0.8890167 0.006007341 0.4578354
vn 0.1658194 -0.02507338 0.9858373
vn 0.05663506 -0.001295338 0.9983941
vn 0.05906945 0.002021218 0.9982519
vn 0.5123214 -0.09446856 0.8535821
vn 0.5121462 -0.09298245 0.8538504
vn 0.5104157 -0.07879606 0.8563102
vn 0.7901543 -0.09165164 -0.6060166
vn 0.8052431 -0.07318568 -0.5884109
vn 0.8510176 -0.01487272 -0.5249265
vn 0.06825075 -0.9962737 -0.05273091
vn -0.00161169 -0.970948 -0.2392854
vn 0.07608321 -0.9099764 -0.4076204
vn -0.1717073 -0.6463152 -0.7435006
vn -0.1541764 -0.2768275 -0.9484704
vn -0.1642378 -0.233851 -0.9583005
vn -0.220743 -0.5504259 0.8051732
vn -0.1885354 -0.4827941 0.8551984
vn -0.1980662 -0.4515459 0.8699863
vn -0.1658212 -0.0250768 0.985837
vn -0.1767914 -0.03049723 0.9837757
vn -0.05907445 0.001987536 0.9982516
vn -0.8902387 0.01132231 0.4553536
vn -0.8922051 -0.008218974 0.4515556
vn -0.8890173 0.005988732 0.4578344
vn -0.8754071 0.110416 -0.4706067
vn -0.805243 -0.07320247 -0.588409
vn -0.8510175 -0.01489053 -0.5249262
vn -0.7901543 -0.09166681 -0.6060143
vn -0.8826231 -0.008667964 -0.4700015
vn -0.8510175 -0.01489053 -0.5249262
vn -0.1658212 -0.0250768 0.985837
vn -0.05907445 0.001987536 0.9982516
vn -0.05661973 -0.001309627 0.998395
vn -0.8902387 0.01132231 0.4553536
vn -0.8890173 0.005988732 0.4578344
vn -0.8843853 0.0155733 0.4664978
vn 0.7576102 -0.06961466 0.6489843
vn 0.8065711 -0.1276028 0.5772007
vn 0.7860271 -0.004562784 0.6181752
vn -0.05661973 -0.001309627 0.998395
vn -0.05850236 0.01662168 0.9981489
vn -0.0661475 0.008913981 0.9977701
vn -0.05234267 -0.4720409 0.8800214
vn -0.0262713 -0.447028 0.8941342
vn -0.04910022 -0.2706381 0.9614282
vn 0.7445899 0.1004342 0.6599235
vn 0.7298226 -0.1209164 0.6728582
vn 0.6861051 -0.07327511 0.7238029
vn -0.05663141 -0.2951414 0.9537738
vn -0.04910022 -0.2706381 0.9614282
vn 0.03961456 -0.07667509 0.9962689
vn -0.05234267 -0.4720409 0.8800214
vn -0.04910022 -0.2706381 0.9614282
vn -0.05663141 -0.2951414 0.9537738
vn -0.05663141 -0.2951414 0.9537738
vn 0.03961456 -0.07667509 0.9962689
vn 0.05075722 -0.07491076 0.9958977
vn -0.8739909 -0.0365416 0.4845665
vn -0.8418344 -0.09241464 0.5317654
vn -0.8058627 -0.0509271 0.5899084
vn -0.8058627 -0.0509271 0.5899084
vn -0.8418344 -0.09241464 0.5317654
vn -0.8403031 0.1186876 0.5289651
vn 0.8039993 0.05324053 -0.592242
vn 0.7525622 0.101802 -0.6506047
vn 0.7945976 0.1580587 -0.5862015
vn 0.5863692 -0.7707945 0.2490927
vn 0.6996529 -0.7142333 -0.01888771
vn 0.5898272 -0.762724 0.2652468
vn 0.5863692 -0.7707945 0.2490927
vn 0.6629001 -0.7478781 0.03523724
vn 0.6996529 -0.7142333 -0.01888771
vn 0.6996529 -0.7142333 -0.01888771
vn 0.6629001 -0.7478781 0.03523724
vn 0.8328835 -0.5312225 -0.1552669
vn 0.3112482 -0.3149832 -0.8966104
vn 0.3168058 -0.3207654 -0.892605
vn 0.3783657 -0.3869299 -0.8409071
vn 0.6996529 -0.7142333 -0.01888771
vn 0.8328835 -0.5312225 -0.1552669
vn 0.8267838 -0.5285518 -0.1925139
vn 0.3112482 -0.3149832 -0.8966104
vn 0.3783657 -0.3869299 -0.8409071
vn 0.3641262 -0.3925445 -0.8445833
vn 0.8267838 -0.5285518 -0.1925139
vn 0.8328835 -0.5312225 -0.1552669
vn 0.8994607 -0.3838427 -0.2088905
vn 0.8267838 -0.5285518 -0.1925139
vn 0.8994607 -0.3838427 -0.2088905
vn 0.9013357 -0.3730882 -0.2199982
vn 0.6119472 0.2215282 -0.7592404
vn 0.6734309 0.01083413 -0.7391707
vn 0.6752862 0.0720069 -0.7340324
vn 0.9843374 -0.0629136 0.1646868
vn 0.9856744 -0.02189469 0.1672321
vn 0.9787685 -0.1280388 0.1600568
vn 0.9843374 -0.0629136 0.1646868
vn 0.9787685 -0.1280388 0.1600568
vn 0.9760298 -0.1492595 0.1583902
vn 0.4828848 0.08851571 0.8711987
vn 0.2556375 0.2987444 0.919457
vn 0.3911343 0.2214967 0.8932823
vn 0.08935488 0.5756925 0.8127693
vn 0.2292867 0.5273721 0.8181114
vn 0.05895607 0.5737404 0.8169126
vn 0.4539758 -0.5127743 0.7286759
vn 0.3880386 -0.5097954 0.7678116
vn 0.5348125 -0.6345571 0.5579542
vn 0.5581028 -0.6369702 0.5317802
vn 0.5348125 -0.6345571 0.5579542
vn 0.5863692 -0.7707945 0.2490927
vn 0.5581028 -0.6369702 0.5317802
vn 0.5863692 -0.7707945 0.2490927
vn 0.5898272 -0.762724 0.2652468
vn -0.2572414 -0.7116683 0.653724
vn -0.4315709 -0.7435842 0.5107145
vn -0.4156459 -0.7089426 0.5697709
vn 0.379549 -0.04861351 -0.9238936
vn 0.2806789 -0.02146985 -0.9595616
vn 0.2741997 -0.1720289 -0.946161
vn 0.2806789 -0.02146985 -0.9595616
vn 4.553824E-05 -0.1745865 -0.9846418
vn 0.2741997 -0.1720289 -0.946161
vn 0.2806789 -0.02146985 -0.9595616
vn 0.3596841 0.03951721 -0.932237
vn 0.2170725 0.156559 -0.963519
vn 3.875503E-05 0.01192706 -0.9999289
vn 0.2806789 -0.02146985 -0.9595616
vn 0.2170725 0.156559 -0.963519
vn 0.2806789 -0.02146985 -0.9595616
vn 3.875503E-05 0.01192706 -0.9999289
vn 4.553824E-05 -0.1745865 -0.9846418
vn 3.875503E-05 0.01192706 -0.9999289
vn 0.2170725 0.156559 -0.963519
vn -5.474075E-06 0.2192165 -0.9756762
vn -5.474075E-06 0.2192165 -0.9756762
vn 0.2170725 0.156559 -0.963519
vn 0.1799578 0.3896143 -0.9032254
vn -5.474075E-06 0.2192165 -0.9756762
vn 0.1799578 0.3896143 -0.9032254
vn -1.172379E-06 0.2583745 -0.9660448
vn -5.474075E-06 0.2192165 -0.9756762
vn -1.172379E-06 0.2583745 -0.9660448
vn -0.1799686 0.3895647 -0.9032446
vn -5.474075E-06 0.2192165 -0.9756762
vn -0.1799686 0.3895647 -0.9032446
vn -0.2170663 0.1565535 -0.9635213
vn 3.875503E-05 0.01192706 -0.9999289
vn -5.474075E-06 0.2192165 -0.9756762
vn -0.2170663 0.1565535 -0.9635213
vn -0.1799686 0.3895647 -0.9032446
vn -0.1822271 0.3314577 -0.9257047
vn -0.2170663 0.1565535 -0.9635213
vn -0.2806413 -0.02146675 -0.9595727
vn -0.2741581 -0.1720273 -0.9461734
vn 4.553824E-05 -0.1745865 -0.9846418
vn -0.3795499 -0.04861282 -0.9238933
vn -0.5742757 -0.1558687 -0.8036867
vn -0.2741581 -0.1720273 -0.9461734
vn -0.9921942 0.1246592 -0.003270166
vn -0.9837903 0.1389089 0.1134061
vn -0.9817107 0.1768835 0.07040141
vn -0.993964 0.107504 -0.02187809
vn -0.9837903 0.1389089 0.1134061
vn -0.9921942 0.1246592 -0.003270166
vn -5.055579E-05 -0.9999681 -0.007988895
vn -4.888966E-05 -0.9999681 -0.007985294
vn -4.442409E-05 -0.9999682 -0.007983291
vn -5.462131E-05 -0.9999681 -0.00798949
vn -4.888966E-05 -0.9999681 -0.007985294
vn -5.055579E-05 -0.9999681 -0.007988895
vn -5.462131E-05 -0.9999681 -0.00798949
vn -5.461343E-05 -0.9999681 -0.007985824
vn -4.888966E-05 -0.9999681 -0.007985294
vn -4.888966E-05 -0.9999681 -0.007985294
vn -4.433369E-05 -0.9999682 -0.007976635
vn -4.442409E-05 -0.9999682 -0.007983291
vn -5.461343E-05 -0.9999681 -0.007985824
vn -4.837341E-05 -0.9999682 -0.007977108
vn -4.888966E-05 -0.9999681 -0.007985294
vn -4.888966E-05 -0.9999681 -0.007985294
vn -4.837341E-05 -0.9999682 -0.007977108
vn -4.433369E-05 -0.9999682 -0.007976635
vn -5.461343E-05 -0.9999681 -0.007985824
vn -5.28087E-05 -0.9999682 -0.007977657
vn -4.837341E-05 -0.9999682 -0.007977108
vn -4.433369E-05 -0.9999682 -0.007976635
vn -4.837341E-05 -0.9999682 -0.007977108
vn -5.051238E-05 -0.9999682 -0.007973411
vn -4.433369E-05 -0.9999682 -0.007976635
vn -5.051238E-05 -0.9999682 -0.007973411
vn -5.986325E-05 -0.9999682 -0.007979157
vn -5.079897E-05 -0.9999682 -0.007972091
vn -5.051238E-05 -0.9999682 -0.007973411
vn -4.837341E-05 -0.9999682 -0.007977108
vn -5.079897E-05 -0.9999682 -0.007972091
vn -4.837341E-05 -0.9999682 -0.007977108
vn -5.28087E-05 -0.9999682 -0.007977657
vn -5.079897E-05 -0.9999682 -0.007972091
vn -5.28087E-05 -0.9999682 -0.007977657
vn -5.227406E-05 -0.9999682 -0.00797234
vn 0.9997332 -0.01009328 -0.02077874
vn 0.9997274 -0.0144329 0.01835457
vn 0.9972908 0.03279482 -0.06584638
vn 0.9997332 -0.01009328 -0.02077874
vn 0.9987457 -0.03107038 0.03926551
vn 0.9997274 -0.0144329 0.01835457
vn 0.3966441 -0.07211535 -0.9151354
vn 0.6636478 -0.116401 -0.7389333
vn 0.5574397 -0.03162643 -0.8296148
vn 0.3084434 -0.03559232 -0.9505766
vn 0.3966441 -0.07211535 -0.9151354
vn 0.5574397 -0.03162643 -0.8296148
vn 0.3084434 -0.03559232 -0.9505766
vn 0.06742787 -0.1310049 -0.9890861
vn 0.3966441 -0.07211535 -0.9151354
vn -0.5593512 -0.02759122 -0.8284715
vn -0.4487514 0.03979071 -0.8927703
vn -0.5362228 -0.01294129 -0.8439772
vn -0.6544945 -0.09171202 -0.7504838
vn -0.5593512 -0.02759122 -0.8284715
vn -0.5362228 -0.01294129 -0.8439772
vn -0.9856462 0.04407772 -0.1629687
vn -0.9975065 0.0180567 -0.06822649
vn -0.9840967 0.1457742 -0.1015064
vn -0.9978498 0.05568158 0.03457297
vn -0.979741 0.1592906 0.1213844
vn -0.9840967 0.1457742 -0.1015064
vn -0.3401995 0.05079893 0.9389802
vn -0.3450963 0.04361887 0.9375532
vn -0.3357169 0.05733453 0.9402164
vn -0.3302769 0.7528476 0.569331
vn -0.02362232 0.7703961 0.6371279
vn 0.01608943 0.7680265 0.640216
vn 0.3598899 0.09520073 0.928125
vn 0.3259672 0.04694672 0.9442147
vn 0.3444058 0.07298133 0.9359799
vn 0.1384113 0.9359194 -0.3238784
vn 0.03637006 0.9382937 -0.3439217
vn 0.1141842 0.976694 -0.181744
vn 0.1384113 0.9359194 -0.3238784
vn 0.1141842 0.976694 -0.181744
vn 0.1160301 0.976463 -0.1818161
vn 0.1384113 0.9359194 -0.3238784
vn 0.1160301 0.976463 -0.1818161
vn 0.1835419 0.9762442 -0.1151508
vn 0.8010753 0.2917713 0.5226355
vn 0.7020735 0.1773551 0.6896652
vn 0.7445899 0.1004342 0.6599235
vn 0.1755305 0.8015826 0.571537
vn 0.1755305 0.8015824 0.5715372
vn 0.1755305 0.8015824 0.5715372
vn -0.7529119 0.1458179 0.641764
vn -0.8346372 0.3094861 0.4556304
vn -0.8403031 0.1186876 0.5289651
vn -0.8346372 0.3094861 0.4556304
vn -0.8902318 0.2011311 0.4086976
vn -0.8403031 0.1186876 0.5289651
vn 0.1612391 -0.3892891 -0.9068936
vn 0.1612391 -0.3892891 -0.9068936
vn 0.1612392 -0.3892892 -0.9068936
vn 0.6531123 -0.6688338 0.3551139
vn 0.6641227 -0.6173528 0.421683
vn 0.6551452 -0.6337647 0.4112506
vn 0.48043 -0.08742442 0.8726649
vn 0.4504143 -0.03446785 0.8921541
vn 0.4500007 -0.03597344 0.8923033
vn -0.1410761 0.6172027 0.7740532
vn -0.2522465 0.3013793 0.9195337
vn -0.3876886 0.2237351 0.894226
vn -0.5945047 0.7999198 -0.08180749
vn -0.5651696 0.814627 -0.1302544
vn -0.5888442 0.8037092 -0.08552232
vn -0.4584932 0.2414794 -0.8552611
vn -0.4356422 0.1844998 -0.8810084
vn -0.4238482 0.1832029 -0.8870115
vn -0.05077439 -0.3522969 -0.93451
vn -0.01816749 -0.3349422 -0.9420635
vn -0.05423305 -0.3310899 -0.9420394
vn 0.4659946 -0.7890069 -0.4003963
vn 0.369314 -0.7846125 -0.4979864
vn 0.4127451 -0.7767744 -0.4756712
vn -0.5981846 0.1305496 -0.7906529
vn -0.5910578 0.1221754 -0.797323
vn -0.633445 0.1734919 -0.7540876
vn -0.5981846 0.1305496 -0.7906529
vn -0.5462734 0.0715408 -0.8345462
vn -0.5910578 0.1221754 -0.797323
vn 0.4120221 0.1243657 -0.9026467
vn 0.4463936 0.08642581 -0.8906533
vn 0.4727991 0.05613937 -0.8793802
vn 0.4727991 0.05613937 -0.8793802
vn 0.4463936 0.08642581 -0.8906533
vn 0.5052042 0.01746452 -0.8628231
vn 0.9678656 0.1930343 -0.1611644
vn 0.9678656 0.1930343 -0.1611644
vn 0.9678656 0.1930343 -0.1611644
vn 0.9280353 -0.1845266 0.3235744
vn 0.9268228 -0.1821332 0.3283702
vn 0.9499524 -0.2461589 0.1923444
vn 0.8647836 0.1685943 0.4729962
vn 0.7379939 -0.01909721 0.6745371
vn 0.8836435 0.2332836 0.4058978
vn 0.8874163 0.3528753 0.2965997
vn 0.8647836 0.1685943 0.4729962
vn 0.8836435 0.2332836 0.4058978
vn 0.8874163 0.3528753 0.2965997
vn 0.8408662 0.3137233 0.4410462
vn 0.8647836 0.1685943 0.4729962
vn 0.8647836 0.1685943 0.4729962
vn 0.8408662 0.3137233 0.4410462
vn 0.8448455 0.3028913 0.4410135
vn 0.8209865 0.5480828 0.1599578
vn 0.8874163 0.3528753 0.2965997
vn 0.8836435 0.2332836 0.4058978
vn -0.1092767 -0.9353607 -0.3363914
vn -0.0105944 -0.8004622 -0.5992897
vn -0.1082775 -0.905393 -0.4105358
vn -0.5835196 -0.7712094 0.2544426
vn -0.5869232 -0.7630899 0.2705827
vn -0.6981381 -0.7158407 -0.01324242
vn -0.5835196 -0.7712094 0.2544426
vn -0.6981381 -0.7158407 -0.01324242
vn -0.6610693 -0.7492127 0.04083776
vn -0.6981381 -0.7158407 -0.01324242
vn -0.8323817 -0.5336091 -0.1496732
vn -0.6610693 -0.7492127 0.04083776
vn -0.6981381 -0.7158407 -0.01324242
vn -0.8264581 -0.5310504 -0.1869559
vn -0.8323817 -0.5336091 -0.1496732
vn -0.3135094 -0.3180791 -0.8947276
vn -0.3670139 -0.3963067 -0.8415711
vn -0.38125 -0.3907107 -0.8378506
vn -0.8264581 -0.5310504 -0.1869559
vn -0.8995238 -0.386565 -0.2035301
vn -0.8323817 -0.5336091 -0.1496732
vn -0.8264581 -0.5310504 -0.1869559
vn -0.9014725 -0.3758509 -0.2146705
vn -0.8995238 -0.386565 -0.2035301
vn -0.6150491 0.2181717 -0.7577043
vn -0.678717 0.06790731 -0.7312536
vn -0.6767471 0.006726655 -0.7361848
vn -0.9834559 -0.06454913 0.169257
vn -0.9777594 -0.1296769 0.1648351
vn -0.9848751 -0.02352428 0.1716617
vn -0.6150491 0.2181717 -0.7577043
vn -0.5908371 0.2674063 -0.7611869
vn -0.678717 0.06790731 -0.7312536
vn -0.9834559 -0.06454913 0.169257
vn -0.9749797 -0.1508973 0.1632321
vn -0.9777594 -0.1296769 0.1648351
vn -0.641225 0.7572201 -0.1242908
vn -0.6295929 0.77691 0.004869945
vn -0.6319889 0.7488306 -0.1996066
vn -0.4792416 0.09046502 0.8730083
vn -0.3876886 0.2237351 0.894226
vn -0.2522465 0.3013793 0.9195337
vn -0.4792416 0.09046502 0.8730083
vn -0.6283584 -0.05163363 0.7762086
vn -0.3876886 0.2237351 0.894226
vn -0.4496809 -0.5113141 0.7323558
vn -0.5308849 -0.6337647 0.5625865
vn -0.3834572 -0.507937 0.771337
vn -0.4496809 -0.5113141 0.7323558
vn -0.5543569 -0.6364018 0.5363592
vn -0.5308849 -0.6337647 0.5625865
vn -0.5543569 -0.6364018 0.5363592
vn -0.5835196 -0.7712094 0.2544426
vn -0.5308849 -0.6337647 0.5625865
vn -0.5543569 -0.6364018 0.5363592
vn -0.5869232 -0.7630899 0.2705827
vn -0.5835196 -0.7712094 0.2544426
vn 0.260347 -0.7100649 0.6542379
vn 0.348708 -0.6806831 0.6442618
vn 0.419824 -0.7059286 0.5704494
vn 1.303894E-06 0.7428396 0.6694695
vn 0.0221203 0.62336 0.7816221
vn 2.387751E-06 0.5555432 0.8314877
vn 1.303894E-06 0.7428396 0.6694695
vn 2.387751E-06 0.5555432 0.8314877
vn -0.02211698 0.6233622 0.7816203
vn 0.09542008 0.4076245 0.9081505
vn 2.387751E-06 0.5555432 0.8314877
vn 0.0221203 0.62336 0.7816221
vn -0.09541313 0.4076271 0.90815
vn -0.02211698 0.6233622 0.7816203
vn 2.387751E-06 0.5555432 0.8314877
vn 4.951187E-06 0.4054045 0.9141374
vn -0.09541313 0.4076271 0.90815
vn 2.387751E-06 0.5555432 0.8314877
vn -0.2420503 0.4139744 0.8775175
vn -0.005799877 0.2013685 0.9794984
vn -0.2430076 0.4219775 0.8734314
vn 0.04569462 0.4889054 0.8711392
vn 0.1364868 0.4880449 0.8620809
vn 0.1310301 0.4896544 0.8620149
vn 0.04569462 0.4889054 0.8711392
vn 0.1310301 0.4896544 0.8620149
vn 0.03808742 0.4795012 0.8767143
vn 0.04569462 0.4889054 0.8711392
vn 0.03808742 0.4795012 0.8767143
vn 0.005968086 0.4844171 0.8748168
vn 0.00824351 0.4928241 0.8700899
vn 0.04569462 0.4889054 0.8711392
vn 0.005968086 0.4844171 0.8748168
vn 0.00824351 0.4928241 0.8700899
vn 0.005968086 0.4844171 0.8748168
vn -0.0344489 0.4649343 0.8846748
vn -0.0344489 0.4649343 0.8846748
vn 0.005968086 0.4844171 0.8748168
vn -0.03493315 0.4553223 0.8896411
vn -0.0344489 0.4649343 0.8846748
vn -0.03493315 0.4553223 0.8896411
vn -0.09048739 0.4568627 0.8849229
vn -0.1625959 0.4670905 0.8691312
vn -0.08916527 0.4485063 0.8893209
vn -0.09048739 0.4568627 0.8849229
vn -0.1927522 0.4747884 0.8587331
vn -0.1625959 0.4670905 0.8691312
vn -0.09048739 0.4568627 0.8849229
vn -0.04828394 0.359403 0.9319324
vn -0.1625959 0.4670905 0.8691312
vn -0.1927522 0.4747884 0.8587331
vn 0.2503635 0.4043547 0.8796678
vn 0.004659896 0.3974223 0.917624
vn -0.04828394 0.359403 0.9319324
vn 0.2412447 0.3904421 0.8884571
vn 0.005802749 0.2013689 0.9794983
vn -0.02885099 0.2043623 0.9784701
vn 0.2498451 -0.02078321 0.9680628
vn 0.2146959 -0.1031639 0.9712172
vn 0.2092946 0.01700065 0.9777048
vn -0.8275955 0.5399819 0.1533143
vn -0.774473 0.6164407 0.1421003
vn -0.7607459 0.630729 0.1531231
vn -0.857057 0.498651 -0.1296168
vn -0.840404 0.5071332 -0.1911467
vn -0.8491528 0.4996466 -0.1711517
vn -0.840404 0.5071332 -0.1911467
vn -0.8577557 0.4754123 -0.1955465
vn -0.8491528 0.4996466 -0.1711517
vn -0.8175378 0.03090104 -0.5750453
vn -0.8058231 0.1054036 -0.5826999
vn -0.8068455 0.09992857 -0.5822497
vn -0.6547874 0.7481044 -0.1076725
vn -0.5415053 0.8402556 0.02725103
vn -0.6151447 0.7882283 0.01711908
vn 0.5571493 -0.099095 0.8244786
vn 0.5535693 -0.05519266 0.8309723
vn 0.5563339 -0.09130484 0.8259274
vn -0.4743916 0.08122166 -0.876559
vn -0.427979 0.3315164 -0.8407919
vn -0.4597284 0.5060062 -0.7297996
vn -0.9795418 -0.1084844 0.1694964
vn -0.9485394 -0.1936394 0.2505531
vn -0.9778101 -0.03165932 0.2070874
vn -0.3485632 -0.9372519 0.007912043
vn -0.2706771 -0.961259 -0.05210548
vn -0.3555226 -0.926873 -0.1204579
vn -1.003987E-06 -0.9996718 -0.02561997
vn 0.2682485 -0.9621947 -0.04716057
vn -0.0006833644 -0.9958354 -0.09116661
vn -0.0006833644 -0.9958354 -0.09116661
vn 0.2682485 -0.9621947 -0.04716057
vn 0.3353645 -0.9353997 -0.1120636
vn -0.1805433 0.9772667 -0.1111484
vn -0.2175624 0.9740067 -0.06306809
vn -0.5234014 0.8484566 -0.07856499
vn 4.945142E-05 -0.9999681 -0.007988479
vn 4.391267E-05 -0.9999681 -0.007984928
vn 4.948463E-05 -0.9999681 -0.007985015
vn 0.9856457 0.04407969 -0.1629712
vn 0.9840966 0.1457757 -0.1015057
vn 0.9975065 0.01805408 -0.06822614
vn -0.8280626 0.3209775 0.4596584
vn -0.7943751 0.1775131 0.5809109
vn -0.8010774 0.2917812 0.5226268
vn -0.8010774 0.2917812 0.5226268
vn -0.7445593 0.1004354 0.6599577
vn -0.7020523 0.177362 0.689685
vn -0.4818516 -0.8695425 -0.108235
vn -0.3840263 -0.9171502 -0.1065804
vn -0.3663301 -0.9243613 -0.1065764
vn 0.8413483 0.505666 0.1908797
vn 0.8406603 0.5093701 0.183936
vn 0.7637746 0.6173766 0.1884
vn -0.02375546 -0.8214327 -0.5698105
vn 0.0919847 -0.975618 -0.1992698
vn 0.03399199 -0.8571213 -0.5139918
vn 0.5021676 0.8618227 -0.07133976
vn 0.4743071 0.879389 0.04132552
vn 0.3710256 0.92857 -0.009893928
vn 0.5913178 0.8005265 -0.09747113
vn 0.4743071 0.879389 0.04132552
vn 0.5021676 0.8618227 -0.07133976
vn 0.3874818 0.6535086 0.6502187
vn 0.4943097 0.498085 0.7124389
vn 0.3005424 0.6857501 0.6628885
vn 3.04736E-05 -0.1669574 0.9859642
vn -0.3371345 -0.3120169 0.8882487
vn -0.0005903752 -0.3306842 0.9437413
vn -0.5710593 -0.2636278 -0.7774264
vn -0.7911705 -0.1559586 -0.5913764
vn -0.7536318 -0.2890464 -0.5903316
vn 0.2741997 -0.1720289 -0.946161
vn 0.2733628 -0.266222 -0.9243369
vn 0.5710579 -0.2636296 -0.7774267
vn 0.9774995 -0.2092628 0.02653004
vn 0.9956139 -0.08881285 0.02941526
vn 0.9675788 -0.2525437 -0.003604104
vn -0.8935643 0.3037345 -0.3305875
vn -0.7236012 0.5111589 -0.4638081
vn -0.7637643 0.5257247 -0.3745366
vn 0.8918514 0.2999614 -0.3385622
vn 0.9038855 0.3367327 -0.2638223
vn 0.7609141 0.5203804 -0.3875745
vn -0.8383027 -0.05258182 -0.5426635
vn -0.8333638 0.1107818 -0.5415092
vn -0.804018 0.05323015 -0.5922176
vn -0.8383027 -0.05258182 -0.5426635
vn -0.8406217 -0.05233834 -0.539088
vn -0.8333638 0.1107818 -0.5415092
vn -0.06827405 -0.9962717 -0.0527392
vn -0.07611334 -0.9099727 -0.4076231
vn 0.001592384 -0.9709463 -0.2392925
vn 0.05239145 -0.4720402 0.8800188
vn 0.04915741 -0.2706381 0.9614253
vn 0.02632181 -0.4470272 0.8941331
vn -0.7575835 -0.06960139 0.6490169
vn -0.7860201 -0.004579343 0.6181841
vn -0.8065545 -0.1276062 0.5772231
vn 0.05663506 -0.001295338 0.9983941
vn 0.06621211 0.008910817 0.9977658
vn 0.05852809 0.01665727 0.9981468
vn -0.7297844 -0.120903 0.6729021
vn -0.7575835 -0.06960139 0.6490169
vn -0.8065545 -0.1276062 0.5772231
vn 0.8753969 0.1104126 -0.4706265
vn 0.8510176 -0.01487272 -0.5249265
vn 0.8052431 -0.07318568 -0.5884109
vn 0.8902382 0.01134132 0.4553541
vn 0.8890167 0.006007341 0.4578354
vn 0.8921009 -0.007965966 0.4517661
vn -0.5123489 -0.09471273 0.8535386
vn -0.5104163 -0.07880721 0.8563087
vn -0.5122942 -0.09424709 0.8536229
vn -0.8902387 0.01132231 0.4553536
vn -0.8945867 -0.0006608079 0.446894
vn -0.8922051 -0.008218974 0.4515556
vn -0.7901543 -0.09166681 -0.6060143
vn -0.8510175 -0.01489053 -0.5249262
vn -0.805243 -0.07320247 -0.588409
vn -0.8902387 0.01132231 0.4553536
vn -0.8843853 0.0155733 0.4664978
vn -0.8739909 -0.0365416 0.4845665
vn -0.05661973 -0.001309627 0.998395
vn -0.05907445 0.001987536 0.9982516
vn -0.05850236 0.01662168 0.9981489
vn -0.8843853 0.0155733 0.4664978
vn -0.9097304 -0.115079 0.3989329
vn -0.8739909 -0.0365416 0.4845665
vn 0.7298226 -0.1209164 0.6728582
vn 0.8065711 -0.1276028 0.5772007
vn 0.7576102 -0.06961466 0.6489843
vn 0.6861051 -0.07327511 0.7238029
vn 0.7298226 -0.1209164 0.6728582
vn 0.7576102 -0.06961466 0.6489843
vn -0.9097304 -0.115079 0.3989329
vn -0.8418344 -0.09241464 0.5317654
vn -0.8739909 -0.0365416 0.4845665
vn 0.6389118 0.7591556 -0.1243965
vn 0.6293626 0.7510133 -0.1997042
vn 0.6276508 0.7784792 0.004958846
vn 0.4828848 0.08851571 0.8711987
vn 0.3911343 0.2214967 0.8932823
vn 0.6317478 -0.05281315 0.7733728
vn 0.4539758 -0.5127743 0.7286759
vn 0.5348125 -0.6345571 0.5579542
vn 0.5581028 -0.6369702 0.5317802
vn -0.308675 -0.004535877 0.9511568
vn -0.3095005 -0.003087698 0.9508943
vn -0.1440751 -0.09477449 0.9850179
vn 0.2806789 -0.02146985 -0.9595616
vn 0.379549 -0.04861351 -0.9238936
vn 0.3596841 0.03951721 -0.932237
vn -0.2806413 -0.02146675 -0.9595727
vn 4.553824E-05 -0.1745865 -0.9846418
vn 3.875503E-05 0.01192706 -0.9999289
vn 3.875503E-05 0.01192706 -0.9999289
vn -0.2170663 0.1565535 -0.9635213
vn -0.2806413 -0.02146675 -0.9595727
vn -0.3795499 -0.04861282 -0.9238933
vn -0.2741581 -0.1720273 -0.9461734
vn -0.2806413 -0.02146675 -0.9595727
vn -0.9856462 0.04407772 -0.1629687
vn -0.9952723 -0.01612335 -0.09577642
vn -0.9975065 0.0180567 -0.06822649
vn -0.9978498 0.05568158 0.03457297
vn -0.9840967 0.1457742 -0.1015064
vn -0.9975065 0.0180567 -0.06822649
vn 0.48043 -0.08742442 0.8726649
vn 0.4500007 -0.03597344 0.8923033
vn 0.4800746 -0.08901811 0.8726994
vn -0.1410761 0.6172027 0.7740532
vn -0.3876886 0.2237351 0.894226
vn -0.07141081 0.593563 0.801613
vn -0.5945047 0.7999198 -0.08180749
vn -0.5888442 0.8037092 -0.08552232
vn -0.6158754 0.786482 -0.04630061
vn -0.4584932 0.2414794 -0.8552611
vn -0.4238482 0.1832029 -0.8870115
vn -0.4469723 0.2394093 -0.8619159
vn -0.05077439 -0.3522969 -0.93451
vn -0.05423305 -0.3310899 -0.9420394
vn -0.08839864 -0.3448288 -0.9344938
vn 0.4659946 -0.7890069 -0.4003963
vn 0.4127451 -0.7767744 -0.4756712
vn 0.5007437 -0.7786174 -0.3781677
vn -0.641225 0.7572201 -0.1242908
vn -0.6348776 0.7712036 0.0466436
vn -0.6295929 0.77691 0.004869945
vn -0.08722285 0.578242 0.8111895
vn -0.05663292 0.5764706 0.8151529
vn -0.2290604 0.5282446 0.8176118
vn 0.3127756 -0.0006383323 0.9498268
vn 0.1461831 -0.09297449 0.9848788
vn 0.3136154 0.000827009 0.9495497
vn 0.260347 -0.7100649 0.6542379
vn 0.419824 -0.7059286 0.5704494
vn 0.4355041 -0.7408012 0.5114193
vn 4.951187E-06 0.4054045 0.9141374
vn 2.387751E-06 0.5555432 0.8314877
vn 0.09542008 0.4076245 0.9081505
vn -0.0344489 0.4649343 0.8846748
vn -0.09048739 0.4568627 0.8849229
vn -0.08916527 0.4485063 0.8893209
vn -0.04828394 0.359403 0.9319324
vn 0.004659896 0.3974223 0.917624
vn -0.1625959 0.4670905 0.8691312
vn 0.2503635 0.4043547 0.8796678
vn 0.2412447 0.3904421 0.8884571
vn 0.004659896 0.3974223 0.917624
vn 0.865276 -0.4980785 0.05670255
vn 0.865276 -0.4980786 0.05670256
vn 0.865276 -0.4980786 0.05670255
vn -0.9821113 -0.08268832 -0.1691748
vn -0.9991033 0.04048443 -0.01239444
vn -0.9972079 -0.04707547 0.05796851
vn 0.9283897 -0.2041565 -0.310504
vn 0.9958441 -0.06977896 -0.05852697
vn 0.9978496 0.05568473 0.03457402
vn 0.9800735 0.1685622 0.1050848
vn 0.9750504 0.2138142 0.05966675
vn 0.9653668 0.2566299 0.04699061
vn 0.7100826 0.2972714 0.6382887
vn 0.7100826 0.2972714 0.6382887
vn 0.7100826 0.2972714 0.6382887
vn -0.8559324 -0.5142947 0.053672
vn -0.8559324 -0.5142948 0.053672
vn -0.8559324 -0.5142947 0.053672
vn -0.3110025 -0.5348498 0.7856292
vn -0.1833588 -0.4184578 0.8895351
vn -0.3032834 -0.5529758 0.7760392
vn -0.3110025 -0.5348498 0.7856292
vn -0.1147883 -0.4075625 0.905934
vn -0.1833588 -0.4184578 0.8895351
vn 0.05817439 -0.4109543 0.909798
vn -0.1833588 -0.4184578 0.8895351
vn -0.1147883 -0.4075625 0.905934
vn 0.05817439 -0.4109543 0.909798
vn -0.1147883 -0.4075625 0.905934
vn 0.0575356 -0.4175487 0.9068312
vn 0.05817439 -0.4109543 0.909798
vn 0.0575356 -0.4175487 0.9068312
vn 0.1700404 -0.397023 0.9019197
vn 0.05817439 -0.4109543 0.909798
vn 0.1700404 -0.397023 0.9019197
vn 0.2170779 -0.407723 0.8869268
vn 0.2930948 -0.5091962 0.8092062
vn 0.2170779 -0.407723 0.8869268
vn 0.1700404 -0.397023 0.9019197
vn 0.2930948 -0.5091962 0.8092062
vn 0.2860865 -0.5296837 0.7984922
vn 0.2170779 -0.407723 0.8869268
vn 0.9828076 0.02814594 0.1824748
vn 0.9828076 0.02814594 0.1824748
vn 0.9828076 0.02814594 0.1824748
vn 0.9821117 -0.08268837 -0.1691722
vn 0.9972081 -0.04707952 0.05796257
vn 0.9991032 0.04048699 -0.0123962
vn -0.9283885 -0.2041563 -0.3105075
vn -0.9978498 0.05568158 0.03457297
vn -0.9958444 -0.0697689 -0.05853449
vn -1.731316E-05 -1 -1.272525E-06
vn -1.731316E-05 -1 -1.281281E-06
vn -1.731316E-05 -1 -1.271753E-06
vn 3.838938E-05 -1 -4.838857E-06
vn 3.838938E-05 -1 -4.840731E-06
vn 3.838938E-05 -1 -4.839959E-06
vn 0.6624787 -0.7489875 0.01181931
vn 0.706551 -0.7043827 0.06805043
vn 0.6853274 -0.7267711 0.04615352
vn 0.706551 -0.7043827 0.06805043
vn 0.6611902 -0.7468451 0.07106357
vn 0.6853274 -0.7267711 0.04615352
vn 0.706551 -0.7043827 0.06805043
vn 0.6648808 -0.7421021 0.08495936
vn 0.6611902 -0.7468451 0.07106357
vn 0.6611902 -0.7468451 0.07106357
vn 0.5230674 -0.8478008 0.08737446
vn 0.5643326 -0.8211073 0.08550759
vn 0.6611902 -0.7468451 0.07106357
vn 0.6648808 -0.7421021 0.08495936
vn 0.5230674 -0.8478008 0.08737446
vn 0.4640498 -0.8825583 -0.07582007
vn 0.5452358 -0.8333222 -0.09106087
vn 0.5643326 -0.8211073 0.08550759
vn 0.5452358 -0.8333222 -0.09106087
vn 0.4640498 -0.8825583 -0.07582007
vn 0.4519111 -0.8893507 -0.06951051
vn 0.5643326 -0.8211073 0.08550759
vn 0.5230674 -0.8478008 0.08737446
vn 0.4640498 -0.8825583 -0.07582007
vn 0.7325729 -0.6566063 0.1794587
vn 0.5643326 -0.8211073 0.08550759
vn 0.6387427 -0.7560067 0.1430443
vn 0.7325729 -0.6566063 0.1794587
vn 0.6888454 -0.6971051 0.198838
vn 0.5643326 -0.8211073 0.08550759
vn 0.7559307 -0.6172546 0.2180953
vn 0.7636106 -0.6137475 0.2005316
vn 0.6888454 -0.6971051 0.198838
vn 0.7559307 -0.6172546 0.2180953
vn 0.6888454 -0.6971051 0.198838
vn 0.7325729 -0.6566063 0.1794587
vn 0.7622998 -0.6094177 0.2179662
vn 0.8125969 -0.5097029 0.2826469
vn 0.7559307 -0.6172546 0.2180953
vn 0.7622998 -0.6094177 0.2179662
vn 0.7559307 -0.6172546 0.2180953
vn 0.7325729 -0.6566063 0.1794587
vn 0.7267594 -0.6548945 0.2072052
vn 0.7622998 -0.6094177 0.2179662
vn 0.7325729 -0.6566063 0.1794587
vn 0.7267594 -0.6548945 0.2072052
vn 0.7325729 -0.6566063 0.1794587
vn 0.6387427 -0.7560067 0.1430443
vn 0.6245728 -0.779514 0.04761199
vn 0.7267594 -0.6548945 0.2072052
vn 0.6387427 -0.7560067 0.1430443
vn 0.6022948 -0.7943439 -0.07911307
vn 0.6113673 -0.7711567 -0.1776159
vn 0.4536757 -0.8903632 0.03784028
vn 0.5452358 -0.8333222 -0.09106087
vn 0.4519111 -0.8893507 -0.06951051
vn 0.5795577 -0.8146793 0.02026006
vn 0.6113673 -0.7711567 -0.1776159
vn 0.5795577 -0.8146793 0.02026006
vn 0.7489028 -0.6623366 0.0213277
vn 0.7489028 -0.6623366 0.0213277
vn 0.5795577 -0.8146793 0.02026006
vn 0.6224514 -0.7380851 0.2603551
vn 0.5059918 -0.8099654 0.2965273
vn 0.6224514 -0.7380851 0.2603551
vn 0.5795577 -0.8146793 0.02026006
vn 0.6682829 -0.6873727 -0.2844587
vn 0.5964024 -0.7634282 -0.2479547
vn 0.673524 -0.6766794 -0.2974399
vn 0.673524 -0.6766794 -0.2974399
vn 0.6261642 -0.719435 -0.3005524
vn 0.6682829 -0.6873727 -0.2844587
vn 0.2498451 -0.02078321 0.9680628
vn 0.2092946 0.01700065 0.9777048
vn 0.324579 -0.03477021 0.9452193
vn 0.2498451 -0.02078321 0.9680628
vn 0.324579 -0.03477021 0.9452193
vn 0.3721792 -0.04627564 0.9270066
vn -0.5114902 0.8410249 0.1762244
vn -0.543025 0.8288139 0.1348757
vn -0.6151447 0.7882283 0.01711908
vn 0.3721792 -0.04627564 0.9270066
vn 0.324579 -0.03477021 0.9452193
vn 0.3438489 -0.08553432 0.9351213
vn 0.4052529 -0.1505623 0.9017212
vn 0.3438489 -0.08553432 0.9351213
vn 0.4416366 -0.1569277 0.8833634
vn 0.3721792 -0.04627564 0.9270066
vn 0.3438489 -0.08553432 0.9351213
vn 0.4052529 -0.1505623 0.9017212
vn -0.6154339 0.7752617 0.1421635
vn -0.6065131 0.7796227 0.1559821
vn -0.7607459 0.630729 0.1531231
vn -0.543025 0.8288139 0.1348757
vn -0.6065131 0.7796227 0.1559821
vn -0.6154339 0.7752617 0.1421635
vn -0.543025 0.8288139 0.1348757
vn -0.6154339 0.7752617 0.1421635
vn -0.6151447 0.7882283 0.01711908
vn -0.6154339 0.7752617 0.1421635
vn -0.7607459 0.630729 0.1531231
vn -0.774473 0.6164407 0.1421003
vn -0.3573073 -0.07729773 -0.9307828
vn -0.3572495 -0.07128944 -0.9312844
vn -0.359367 -0.08575657 -0.9292477
vn -0.3573073 -0.07729773 -0.9307828
vn -0.359367 -0.08575657 -0.9292477
vn -0.3588484 -0.09019692 -0.9290277
vn -0.3530216 -0.06625478 -0.9332663
vn -0.3524768 -0.06180411 -0.9337775
vn -0.3572495 -0.07128944 -0.9312844
vn -0.3530216 -0.06625478 -0.9332663
vn -0.3572495 -0.07128944 -0.9312844
vn -0.3573073 -0.07729773 -0.9307828
vn 0.4052529 -0.1505623 0.9017212
vn 0.4416366 -0.1569277 0.8833634
vn 0.5415981 -0.3225794 0.7762822
vn -0.6437901 -0.6148094 0.4555698
vn -0.6349896 -0.5319158 0.5602266
vn -0.6414659 -0.5809699 0.5009944
vn 0.4052529 -0.1505623 0.9017212
vn 0.5415981 -0.3225794 0.7762822
vn 0.5920417 -0.4512455 0.6677306
vn -0.6414659 -0.5809699 0.5009944
vn -0.6349896 -0.5319158 0.5602266
vn -0.6290276 -0.4996766 0.5955231
vn 0.2213591 0.01696122 0.9750449
vn 0.2052721 0.02892672 0.9782774
vn 0.2176206 -0.02237006 0.9757771
vn 0.2213591 0.01696122 0.9750449
vn 0.2000677 0.07181276 0.9771468
vn 0.2052721 0.02892672 0.9782774
vn 0.2000677 0.07181276 0.9771468
vn 0.1628688 0.1118337 0.9802893
vn 0.2052721 0.02892672 0.9782774
vn 0.2000677 0.07181276 0.9771468
vn 0.1676259 0.133766 0.9767334
vn 0.1628688 0.1118337 0.9802893
vn 0.1676259 0.133766 0.9767334
vn 0.05107722 0.1471362 0.9877965
vn 0.1628688 0.1118337 0.9802893
vn -0.6547874 0.7481044 -0.1076725
vn -0.6151447 0.7882283 0.01711908
vn -0.7670466 0.6208408 -0.1618525
vn -0.7670466 0.6208408 -0.1618525
vn -0.6151447 0.7882283 0.01711908
vn -0.7561007 0.6387954 -0.1423103
vn -0.7670466 0.6208408 -0.1618525
vn -0.7561007 0.6387954 -0.1423103
vn -0.8491528 0.4996466 -0.1711517
vn -0.7670466 0.6208408 -0.1618525
vn -0.8491528 0.4996466 -0.1711517
vn -0.8577557 0.4754123 -0.1955465
vn -0.7756194 0.6049037 -0.1802944
vn -0.8577557 0.4754123 -0.1955465
vn -0.8537452 0.4852177 -0.1888995
vn -0.6547874 0.7481044 -0.1076725
vn -0.7670466 0.6208408 -0.1618525
vn -0.7756194 0.6049037 -0.1802944
vn -0.7756194 0.6049037 -0.1802944
vn -0.7670466 0.6208408 -0.1618525
vn -0.8577557 0.4754123 -0.1955465
vn -0.05493166 -0.4239494 -0.9040185
vn -0.09322641 -0.3723193 -0.9234107
vn 0.03080922 -0.8434798 -0.5362767
vn -0.05493166 -0.4239494 -0.9040185
vn 0.03080922 -0.8434798 -0.5362767
vn 0.08677781 -0.8011387 -0.592154
vn -0.08772707 -0.2992509 -0.9501331
vn -0.09322641 -0.3723193 -0.9234107
vn -0.05493166 -0.4239494 -0.9040185
vn -0.08772707 -0.2992509 -0.9501331
vn -0.09674157 -0.2515929 -0.9629861
vn -0.09322641 -0.3723193 -0.9234107
vn -0.1168857 -0.185195 -0.9757257
vn -0.09674157 -0.2515929 -0.9629861
vn -0.08772707 -0.2992509 -0.9501331
vn -0.1380215 -0.1450431 -0.9797513
vn -0.1189951 -0.1512188 -0.9813119
vn -0.1168857 -0.185195 -0.9757257
vn -0.1168857 -0.185195 -0.9757257
vn -0.1189951 -0.1512188 -0.9813119
vn -0.09674157 -0.2515929 -0.9629861
vn 0.2759068 0.2021073 -0.9396957
vn 0.2947224 0.1898689 -0.9365301
vn 0.2620429 0.2110225 -0.9417022
vn -0.553528 0.828733 -0.0825135
vn -0.2776569 0.9314904 -0.2350158
vn -0.4023268 0.9153895 -0.01397411
vn -0.5415053 0.8402556 0.02725103
vn -0.4592613 0.8603382 0.2211276
vn -0.5114902 0.8410249 0.1762244
vn -0.5415053 0.8402556 0.02725103
vn -0.4023268 0.9153895 -0.01397411
vn -0.4592613 0.8603382 0.2211276
vn 0.7138947 0.5187021 0.4704278
vn 0.7090842 0.48087 0.5157167
vn 0.6972939 0.6208667 0.358198
vn -0.5114902 0.8410249 0.1762244
vn -0.4592613 0.8603382 0.2211276
vn -0.4011788 0.7919188 0.460348
vn 0.7138947 0.5187021 0.4704278
vn 0.636247 0.1605237 0.7546005
vn 0.7090842 0.48087 0.5157167
vn -0.5171446 0.6653666 0.538376
vn -0.5929447 0.6328592 0.4979013
vn -0.4935349 0.7124015 0.4989063
vn 0.5571493 -0.099095 0.8244786
vn 0.5563339 -0.09130484 0.8259274
vn 0.6472151 0.1087525 0.7545101
vn 0.6472151 0.1087525 0.7545101
vn 0.5563339 -0.09130484 0.8259274
vn 0.636247 0.1605237 0.7546005
vn 0.6472151 0.1087525 0.7545101
vn 0.636247 0.1605237 0.7546005
vn 0.7138947 0.5187021 0.4704278
vn -0.8031489 -0.1200917 -0.5835493
vn -0.8031489 -0.1200917 -0.5835494
vn -0.8031489 -0.1200918 -0.5835493
vn -0.2728346 -0.2185675 0.9369043
vn -0.2745556 -0.145681 0.9504716
vn -0.2675999 -0.3231967 0.9077082
vn -0.2728346 -0.2185675 0.9369043
vn -0.2736001 -0.002837896 0.9618394
vn -0.2745556 -0.145681 0.9504716
vn -0.4935349 0.7124015 0.4989063
vn -0.5929447 0.6328592 0.4979013
vn -0.4974799 0.7169845 0.4883105
vn 0.3615426 -0.2809559 0.8890167
vn 0.328663 -0.2978115 0.8962639
vn 0.4309897 -0.243086 0.8689978
vn 0.9795418 -0.1084849 0.1694957
vn 0.9778153 -0.03129303 0.2071186
vn 0.9485395 -0.1936401 0.2505523
vn 0.9795418 -0.1084849 0.1694957
vn 0.9891573 -0.06769438 0.130328
vn 0.9778153 -0.03129303 0.2071186
vn 0.729925 0.2206705 0.6469265
vn 0.9198971 0.1714479 0.3526968
vn 0.9206874 0.119685 0.3714972
vn 0.729925 0.2206705 0.6469265
vn 0.6300951 0.2622626 0.7308889
vn 0.9198971 0.1714479 0.3526968
vn 0.3929341 0.3309213 0.8579592
vn 0.6300951 0.2622626 0.7308889
vn 0.729925 0.2206705 0.6469265
vn 0.3929341 0.3309213 0.8579592
vn 0.729925 0.2206705 0.6469265
vn 0.435786 0.3233942 0.8399445
vn 5.917834E-07 0.3670489 0.9302016
vn 0.3929341 0.3309213 0.8579592
vn 0.435786 0.3233942 0.8399445
vn 5.917834E-07 0.3670489 0.9302016
vn 2.588478E-06 0.3849404 0.9229414
vn 0.3929341 0.3309213 0.8579592
vn 5.917834E-07 0.3670489 0.9302016
vn -0.3933797 0.3302613 0.8580093
vn 2.588478E-06 0.3849404 0.9229414
vn 5.917834E-07 0.3670489 0.9302016
vn -0.4380485 0.3229831 0.8389252
vn -0.3933797 0.3302613 0.8580093
vn -0.3933797 0.3302613 0.8580093
vn -0.4380485 0.3229831 0.8389252
vn -0.7300818 0.2200842 0.6469494
vn -0.3933797 0.3302613 0.8580093
vn -0.7300818 0.2200842 0.6469494
vn -0.6297684 0.2608465 0.7316768
vn -0.7300818 0.2200842 0.6469494
vn -0.9196693 0.1710582 0.3534793
vn -0.6297684 0.2608465 0.7316768
vn -0.7300818 0.2200842 0.6469494
vn -0.9200043 0.1199949 0.3730863
vn -0.9196693 0.1710582 0.3534793
vn -0.2104032 -0.9756339 0.06220217
vn -0.2983189 -0.9501598 0.09056566
vn -0.3485632 -0.9372519 0.007912043
vn -0.4782933 -0.863687 -0.1589979
vn -0.3485632 -0.9372519 0.007912043
vn -0.3555226 -0.926873 -0.1204579
vn 0.4858994 -0.8593382 -0.1594981
vn 0.3353645 -0.9353997 -0.1120636
vn 0.3500228 -0.9366913 0.009662865
vn 0.5053943 0.8568324 0.1020535
vn 0.6130784 0.7883356 0.0515939
vn 0.7228105 0.6910458 0.0008650256
vn 0.6130784 0.7883356 0.0515939
vn 0.5053943 0.8568324 0.1020535
vn 0.3562673 0.9252805 0.1301143
vn 0.6130784 0.7883356 0.0515939
vn 0.3562673 0.9252805 0.1301143
vn 0.3502303 0.9295182 0.1154759
vn 0.3502303 0.9295182 0.1154759
vn 0.3562673 0.9252805 0.1301143
vn -0.005740783 0.9929698 0.1182285
vn 0.3502303 0.9295182 0.1154759
vn -0.005740783 0.9929698 0.1182285
vn -0.008354674 0.9942213 0.1070252
vn -0.008354674 0.9942213 0.1070252
vn -0.005740783 0.9929698 0.1182285
vn -0.3436242 0.9321773 0.1138766
vn -0.3436242 0.9321773 0.1138766
vn -0.3520793 0.9283467 0.1192168
vn -0.008354674 0.9942213 0.1070252
vn -0.005740783 0.9929698 0.1182285
vn -0.3419 0.9317887 0.1219597
vn -0.3436242 0.9321773 0.1138766
vn -0.6115145 0.7894524 0.05305637
vn -0.3436242 0.9321773 0.1138766
vn -0.3419 0.9317887 0.1219597
vn -0.6115145 0.7894524 0.05305637
vn -0.3520793 0.9283467 0.1192168
vn -0.3436242 0.9321773 0.1138766
vn -0.6115145 0.7894524 0.05305637
vn -0.3419 0.9317887 0.1219597
vn -0.5069739 0.8559747 0.1014139
vn -0.5069739 0.8559747 0.1014139
vn -0.715565 0.6985299 0.004770536
vn -0.6115145 0.7894524 0.05305637
vn 0.9921945 0.124657 -0.003277587
vn 0.9750504 0.2138142 0.05966675
vn 0.9800735 0.1685622 0.1050848
vn 0.993964 0.1075024 -0.02188269
vn 0.9921945 0.124657 -0.003277587
vn 0.9800735 0.1685622 0.1050848
vn 0.9198971 0.1714479 0.3526968
vn 0.993964 0.1075024 -0.02188269
vn 0.9800735 0.1685622 0.1050848
vn 0.9198971 0.1714479 0.3526968
vn 0.9800735 0.1685622 0.1050848
vn 0.9206874 0.119685 0.3714972
vn 0.1952634 0.9732239 -0.1212744
vn 0.3047381 0.9474331 -0.09749521
vn 0.3217936 0.9447263 -0.06277876
vn 0.6949001 0.713792 -0.08726311
vn 0.7533734 0.6543923 -0.06480288
vn 0.7455166 0.6620601 -0.07669049
vn 0.6949001 0.713792 -0.08726311
vn 0.7455166 0.6620601 -0.07669049
vn 0.6349126 0.7619265 -0.1278831
vn 0.3217936 0.9447263 -0.06277876
vn 0.2478394 0.9678916 -0.04197152
vn 0.1487619 0.9887311 0.01675266
vn 0.3217936 0.9447263 -0.06277876
vn 0.1487619 0.9887311 0.01675266
vn 0.2294309 0.9711729 -0.06468984
vn 0.1952634 0.9732239 -0.1212744
vn 0.3217936 0.9447263 -0.06277876
vn 0.2294309 0.9711729 -0.06468984
vn -0.006063985 0.9914805 -0.1301137
vn 0.1952634 0.9732239 -0.1212744
vn 0.2294309 0.9711729 -0.06468984
vn -0.005027811 0.9979147 -0.06435131
vn 0.2294309 0.9711729 -0.06468984
vn 0.1487619 0.9887311 0.01675266
vn -0.006063985 0.9914805 -0.1301137
vn 0.2294309 0.9711729 -0.06468984
vn -0.005027811 0.9979147 -0.06435131
vn -0.006063985 0.9914805 -0.1301137
vn -0.005027811 0.9979147 -0.06435131
vn -0.2175624 0.9740067 -0.06306809
vn -0.0003616782 0.9986112 0.05268415
vn -0.005027811 0.9979147 -0.06435131
vn 0.1487619 0.9887311 0.01675266
vn -0.0003616782 0.9986112 0.05268415
vn -0.1450424 0.9892718 0.01743882
vn -0.005027811 0.9979147 -0.06435131
vn -0.5234014 0.8484566 -0.07856499
vn -0.2175624 0.9740067 -0.06306809
vn -0.1450424 0.9892718 0.01743882
vn -0.2175624 0.9740067 -0.06306809
vn -0.005027811 0.9979147 -0.06435131
vn -0.1450424 0.9892718 0.01743882
vn -0.5234014 0.8484566 -0.07856499
vn -0.1450424 0.9892718 0.01743882
vn -0.4140204 0.9096741 -0.03286647
vn -0.5234014 0.8484566 -0.07856499
vn -0.4140204 0.9096741 -0.03286647
vn -0.6963702 0.714204 -0.07057919
vn -0.5234014 0.8484566 -0.07856499
vn -0.6963702 0.714204 -0.07057919
vn -0.7393734 0.6638787 -0.1122144
vn 0.7980751 0.5273164 0.2915709
vn 0.813911 0.5311127 0.2355171
vn 0.8022607 0.5284265 0.2777467
vn 0.7832999 0.5229387 0.3361198
vn 0.7980751 0.5273164 0.2915709
vn 0.8022607 0.5284265 0.2777467
vn -0.1599906 0.752246 0.6391628
vn 0.1099599 0.750249 0.6519474
vn 0.108426 0.7519633 0.650227
vn -0.1599906 0.752246 0.6391628
vn -0.2228118 0.7945418 0.5648525
vn 0.1099599 0.750249 0.6519474
vn -0.518383 0.7613731 0.3893459
vn -0.2228118 0.7945418 0.5648525
vn -0.1599906 0.752246 0.6391628
vn -0.518383 0.7613731 0.3893459
vn -0.5742894 0.7862371 0.2280852
vn -0.2228118 0.7945418 0.5648525
vn -0.9997337 -0.01009684 -0.02075095
vn -0.9768106 -0.01098314 -0.2138231
vn -0.9972079 -0.04707547 0.05796851
vn -0.9997337 -0.01009684 -0.02075095
vn -0.9695287 0.006579672 -0.2448893
vn -0.9768106 -0.01098314 -0.2138231
vn 0.987314 -0.153951 0.03886229
vn 0.9863297 -0.1573748 0.04885557
vn 0.9975065 0.01805408 -0.06822614
vn 0.987314 -0.153951 0.03886229
vn 0.9975065 0.01805408 -0.06822614
vn 0.9958441 -0.06977896 -0.05852697
vn 0.3722582 -0.248262 0.8943097
vn 0.6856133 -0.1964877 0.7009472
vn 0.5143209 -0.2559662 0.818508
vn 0.3722582 -0.248262 0.8943097
vn 0.5143209 -0.2559662 0.818508
vn 0.2678022 -0.3002928 0.9154814
vn -0.949226 0.09710444 0.2992338
vn -0.9991033 0.04048443 -0.01239444
vn -0.9525544 0.09028873 0.2906684
vn -0.9972909 0.03279374 -0.06584369
vn -0.9997337 -0.01009684 -0.02075095
vn -0.9991033 0.04048443 -0.01239444
vn -0.9997337 -0.01009684 -0.02075095
vn -0.9972079 -0.04707547 0.05796851
vn -0.9991033 0.04048443 -0.01239444
vn -0.9972909 0.03279374 -0.06584369
vn -0.9991033 0.04048443 -0.01239444
vn -0.9903309 0.1347558 0.03294737
vn -0.949226 0.09710444 0.2992338
vn -0.9903309 0.1347558 0.03294737
vn -0.9991033 0.04048443 -0.01239444
vn 0.9958441 -0.06977896 -0.05852697
vn 0.9975065 0.01805408 -0.06822614
vn 0.9978496 0.05568473 0.03457402
vn 0.9583754 0.09807953 0.2681364
vn 0.9645311 0.08245812 0.25076
vn 0.9978496 0.05568473 0.03457402
vn 0.3402015 0.05078544 0.9389802
vn 0.3450897 0.04361802 0.9375557
vn 0.349175 0.03759504 0.9363031
vn 0.3402015 0.05078544 0.9389802
vn 0.3357269 0.05730955 0.9402144
vn 0.3450897 0.04361802 0.9375557
vn 0.5557272 0.7253472 0.4062498
vn 0.330278 0.7528535 0.5693225
vn 0.3284846 0.7379217 0.5895503
vn 0.330278 0.7528535 0.5693225
vn -0.01608786 0.7680347 0.6402062
vn 0.02363514 0.7704064 0.6371149
vn 0.330278 0.7528535 0.5693225
vn 0.02363514 0.7704064 0.6371149
vn 0.3284846 0.7379217 0.5895503
vn -0.3361562 0.7104564 0.6182643
vn -0.4549368 0.7060623 0.5426863
vn -0.3261015 0.7332023 0.5967179
vn -0.01608786 0.7680347 0.6402062
vn -0.3361562 0.7104564 0.6182643
vn -0.3261015 0.7332023 0.5967179
vn -0.01608786 0.7680347 0.6402062
vn -0.3261015 0.7332023 0.5967179
vn 0.02363514 0.7704064 0.6371149
vn 0.673324 0.6144849 0.4111484
vn 0.7057222 0.6036394 0.370912
vn 0.6300637 0.6256611 0.4599651
vn 0.6019871 0.6311918 0.4890895
vn 0.673324 0.6144849 0.4111484
vn 0.6300637 0.6256611 0.4599651
vn 0.001536026 0.8256273 0.5642138
vn -0.3139001 0.8273647 0.4657623
vn -0.006754057 0.8223177 0.5689887
vn 0.001536026 0.8256273 0.5642138
vn -0.2583717 0.825282 0.5021492
vn -0.3139001 0.8273647 0.4657623
vn -0.5239311 0.7611254 0.3823406
vn -0.3139001 0.8273647 0.4657623
vn -0.2583717 0.825282 0.5021492
vn -0.5239311 0.7611254 0.3823406
vn -0.6026609 0.7393147 0.3003559
vn -0.3139001 0.8273647 0.4657623
vn 0.5513164 -0.1761457 0.8154894
vn 0.5567673 -0.2737111 0.7842783
vn 0.3696136 0.01382082 0.9290828
vn 0.5513164 -0.1761457 0.8154894
vn 0.3696136 0.01382082 0.9290828
vn 0.2691355 0.1001508 0.957881
vn 0.2691355 0.1001508 0.957881
vn 0.3696136 0.01382082 0.9290828
vn -0.02089948 0.1680027 0.985565
vn -0.02089948 0.1680027 0.985565
vn -0.2815171 0.05634481 0.9579005
vn 0.2691355 0.1001508 0.957881
vn -0.02089948 0.1680027 0.985565
vn -0.3157857 -0.01623353 0.9486917
vn -0.2815171 0.05634481 0.9579005
vn -0.3157857 -0.01623353 0.9486917
vn -0.4688883 -0.1147738 0.8757686
vn -0.2815171 0.05634481 0.9579005
vn -0.3157857 -0.01623353 0.9486917
vn -0.5042619 -0.190163 0.8423527
vn -0.4688883 -0.1147738 0.8757686
vn -0.1759712 0.8617033 -0.4759219
vn -0.3341489 0.9240544 -0.1856556
vn -0.1384127 0.9359207 -0.3238741
vn -0.5690023 0.8178962 -0.08533611
vn -0.3341489 0.9240544 -0.1856556
vn -0.1759712 0.8617033 -0.4759219
vn -0.1384127 0.9359207 -0.3238741
vn -0.03636695 0.9382968 -0.3439137
vn -0.1759712 0.8617033 -0.4759219
vn -0.1384127 0.9359207 -0.3238741
vn -0.1141813 0.9766948 -0.1817416
vn -0.03636695 0.9382968 -0.3439137
vn 0.7529342 0.1457901 0.6417441
vn 0.8403315 0.1186746 0.5289227
vn 0.8346547 0.3094763 0.4556052
vn 0.8346547 0.3094763 0.4556052
vn 0.8403315 0.1186746 0.5289227
vn 0.8902546 0.2011249 0.4086508
vn 0.8346547 0.3094763 0.4556052
vn 0.8902546 0.2011249 0.4086508
vn 0.8567758 0.3501608 0.3785798
vn 0.9948227 -0.1000132 -0.01803781
vn 0.9948226 -0.1000132 -0.01803784
vn 0.9948226 -0.1000132 -0.01803782
vn 0.5962937 0.06835202 -0.7998512
vn 0.7376162 -0.1157962 -0.665217
vn 0.6737554 -0.02487083 -0.7385359
vn 0.5962937 0.06835202 -0.7998512
vn 0.6737554 -0.02487083 -0.7385359
vn 0.5393915 0.1289416 -0.8321244
vn -0.1612593 -0.3892841 -0.9068922
vn -0.1612592 -0.3892841 -0.9068921
vn -0.1612593 -0.3892841 -0.9068922
vn 0.9379891 -0.3182649 -0.137419
vn 0.9488021 -0.3066196 -0.07588849
vn 0.9346359 -0.2395924 -0.2627758
vn 0.9379891 -0.3182649 -0.137419
vn 0.9356514 -0.3475961 0.06110168
vn 0.9488021 -0.3066196 -0.07588849
vn 0.9356514 -0.3475961 0.06110168
vn 0.940778 -0.3166375 0.1211506
vn 0.9488021 -0.3066196 -0.07588849
vn -0.6635343 -0.7479262 -0.01813152
vn -0.6024758 -0.7945058 -0.07604981
vn -0.684388 -0.7288706 0.018998
vn -0.6635343 -0.7479262 -0.01813152
vn -0.684388 -0.7288706 0.018998
vn -0.7093589 -0.7035946 0.04200925
vn -0.7093589 -0.7035946 0.04200925
vn -0.684388 -0.7288706 0.018998
vn -0.6562096 -0.7532427 0.04488293
vn -0.7093589 -0.7035946 0.04200925
vn -0.6562096 -0.7532427 0.04488293
vn -0.658877 -0.7498714 0.0597837
vn -0.5035016 -0.861545 0.06501061
vn -0.3663301 -0.9243613 -0.1065764
vn -0.4522729 -0.8890032 0.07157186
vn -0.6562096 -0.7532427 0.04488293
vn -0.5035016 -0.861545 0.06501061
vn -0.4522729 -0.8890032 0.07157186
vn -0.6562096 -0.7532427 0.04488293
vn -0.4522729 -0.8890032 0.07157186
vn -0.658877 -0.7498714 0.0597837
vn -0.5664896 -0.8127794 0.1359385
vn -0.4818516 -0.8695425 -0.108235
vn -0.5035016 -0.861545 0.06501061
vn -0.6614444 -0.727558 0.1820731
vn -0.5664896 -0.8127794 0.1359385
vn -0.5035016 -0.861545 0.06501061
vn -0.6614444 -0.727558 0.1820731
vn -0.5035016 -0.861545 0.06501061
vn -0.6110364 -0.7658643 0.2002164
vn -0.6785495 -0.6985247 0.227231
vn -0.6614444 -0.727558 0.1820731
vn -0.6110364 -0.7658643 0.2002164
vn -0.6785495 -0.6985247 0.227231
vn -0.6110364 -0.7658643 0.2002164
vn -0.6967087 -0.6869903 0.2064978
vn -0.6967087 -0.6869903 0.2064978
vn -0.688574 -0.6949568 0.2071252
vn -0.6785495 -0.6985247 0.227231
vn -0.6910604 -0.6948044 0.1992042
vn -0.688574 -0.6949568 0.2071252
vn -0.6967087 -0.6869903 0.2064978
vn -0.6785495 -0.6985247 0.227231
vn -0.6438969 -0.7145965 0.273402
vn -0.7537149 -0.5855882 0.2983292
vn -0.7015579 -0.6768154 0.2230188
vn -0.6785495 -0.6985247 0.227231
vn -0.7537149 -0.5855882 0.2983292
vn -0.7015579 -0.6768154 0.2230188
vn -0.6614444 -0.727558 0.1820731
vn -0.6785495 -0.6985247 0.227231
vn -0.6678115 -0.7150388 0.206754
vn -0.5664896 -0.8127794 0.1359385
vn -0.6614444 -0.727558 0.1820731
vn -0.6678115 -0.7150388 0.206754
vn -0.6614444 -0.727558 0.1820731
vn -0.7015579 -0.6768154 0.2230188
vn -0.5571104 -0.8296785 0.03551772
vn -0.5664896 -0.8127794 0.1359385
vn -0.6678115 -0.7150388 0.206754
vn -0.5571104 -0.8296785 0.03551772
vn -0.4818516 -0.8695425 -0.108235
vn -0.5664896 -0.8127794 0.1359385
vn -0.5531541 -0.8284826 -0.08739076
vn -0.4818516 -0.8695425 -0.108235
vn -0.5571104 -0.8296785 0.03551772
vn -0.4818516 -0.8695425 -0.108235
vn -0.5290133 -0.8482248 -0.02568436
vn -0.3840263 -0.9171502 -0.1065804
vn -0.4818516 -0.8695425 -0.108235
vn -0.5871353 -0.7906399 -0.1736687
vn -0.5290133 -0.8482248 -0.02568436
vn -0.5871353 -0.7906399 -0.1736687
vn -0.686815 -0.7268096 -0.005751388
vn -0.5290133 -0.8482248 -0.02568436
vn -0.5464476 -0.6561676 -0.520422
vn -0.5360723 -0.6494427 -0.5393057
vn -0.498386 -0.7510605 -0.4330354
vn -0.686815 -0.7268096 -0.005751388
vn -0.6151628 -0.7604756 0.2079699
vn -0.5290133 -0.8482248 -0.02568436
vn -0.5551199 -0.7982332 0.2338073
vn -0.5290133 -0.8482248 -0.02568436
vn -0.6151628 -0.7604756 0.2079699
vn -0.2320124 -0.005930448 0.9726948
vn -0.301406 -0.01348831 0.9534005
vn -0.1919822 0.02987022 0.9809438
vn -0.2320124 -0.005930448 0.9726948
vn -0.3484688 -0.01855849 0.9371367
vn -0.301406 -0.01348831 0.9534005
vn -0.3484688 -0.01855849 0.9371367
vn -0.3053446 -0.08203773 0.9487015
vn -0.301406 -0.01348831 0.9534005
vn -0.3484688 -0.01855849 0.9371367
vn -0.351994 -0.1530702 0.9234012
vn -0.3053446 -0.08203773 0.9487015
vn 0.4378523 0.8612113 0.2580707
vn 0.5579848 0.8291719 0.0335707
vn 0.4860689 0.8606862 0.1515137
vn 0.4378523 0.8612113 0.2580707
vn 0.4743071 0.879389 0.04132552
vn 0.5579848 0.8291719 0.0335707
vn -0.351994 -0.1530702 0.9234012
vn -0.3276802 -0.1157508 0.9376713
vn -0.3053446 -0.08203773 0.9487015
vn 0.4860689 0.8606862 0.1515137
vn 0.5579848 0.8291719 0.0335707
vn 0.5960851 0.7846557 0.1702884
vn 0.4860689 0.8606862 0.1515137
vn 0.5960851 0.7846557 0.1702884
vn 0.5869685 0.7884039 0.1840853
vn 0.5960851 0.7846557 0.1702884
vn 0.7637746 0.6173766 0.1884
vn 0.5869685 0.7884039 0.1840853
vn 0.3282158 -0.1304782 -0.9355479
vn 0.3261099 -0.1290147 -0.9364868
vn 0.3291926 -0.1247356 -0.9359879
vn 0.8413483 0.505666 0.1908797
vn 0.7637746 0.6173766 0.1884
vn 0.7768734 0.6044802 0.1762707
vn 0.5960851 0.7846557 0.1702884
vn 0.7768734 0.6044802 0.1762707
vn 0.7637746 0.6173766 0.1884
vn 0.3276837 -0.1154959 -0.9377015
vn 0.3282158 -0.1304782 -0.9355479
vn 0.3291926 -0.1247356 -0.9359879
vn 0.3276837 -0.1154959 -0.9377015
vn 0.3291926 -0.1247356 -0.9359879
vn 0.3283596 -0.10619 -0.9385647
vn 0.3255493 -0.09101637 -0.9411343
vn 0.3276837 -0.1154959 -0.9377015
vn 0.3283596 -0.10619 -0.9385647
vn 0.3255493 -0.09101637 -0.9411343
vn 0.3283596 -0.10619 -0.9385647
vn 0.3250667 -0.08518887 -0.9418463
vn -0.351994 -0.1530702 0.9234012
vn -0.4357344 -0.3328307 0.8362771
vn -0.3276802 -0.1157508 0.9376713
vn -0.351994 -0.1530702 0.9234012
vn -0.5086554 -0.5292007 0.6791291
vn -0.4357344 -0.3328307 0.8362771
vn 0.5199382 -0.4840947 0.7037874
vn 0.5680683 -0.5545541 0.6080857
vn 0.5530304 -0.5383872 0.6358432
vn 0.5680683 -0.5545541 0.6080857
vn 0.5684428 -0.5681355 0.5950586
vn 0.5530304 -0.5383872 0.6358432
vn 0.8287436 -0.232528 -0.5090334
vn 0.8707834 0.2384021 -0.4300007
vn 0.8565969 0.01839347 -0.5156582
vn 0.7539991 -0.422837 -0.502687
vn 0.8287436 -0.232528 -0.5090334
vn 0.8565969 0.01839347 -0.5156582
vn -0.1987038 0.03124709 0.9795613
vn -0.1938103 -0.01135514 0.9809733
vn -0.1775964 0.04560094 0.9830464
vn -0.1738954 0.0914014 0.9805133
vn -0.1775964 0.04560094 0.9830464
vn -0.1416059 0.133769 0.9808434
vn -0.1738954 0.0914014 0.9805133
vn -0.1416059 0.133769 0.9808434
vn -0.1469813 0.1570735 0.9765882
vn -0.1987038 0.03124709 0.9795613
vn -0.1775964 0.04560094 0.9830464
vn -0.1738954 0.0914014 0.9805133
vn 0.5913178 0.8005265 -0.09747113
vn 0.7123578 0.6829657 -0.1615684
vn 0.5579848 0.8291719 0.0335707
vn 0.7123578 0.6829657 -0.1615684
vn 0.8051584 0.5656101 -0.17834
vn 0.6944206 0.7053937 -0.1421256
vn 0.7123578 0.6829657 -0.1615684
vn 0.6944206 0.7053937 -0.1421256
vn 0.5579848 0.8291719 0.0335707
vn 0.7747958 0.5816627 -0.2477095
vn 0.7810239 0.5904365 -0.203437
vn 0.8196703 0.5353384 -0.2038465
vn 0.8153291 0.5447605 -0.1961489
vn 0.7747958 0.5816627 -0.2477095
vn 0.8196703 0.5353384 -0.2038465
vn 0.7810239 0.5904365 -0.203437
vn 0.8051584 0.5656101 -0.17834
vn 0.8196703 0.5353384 -0.2038465
vn 0.7123578 0.6829657 -0.1615684
vn 0.8196703 0.5353384 -0.2038465
vn 0.8051584 0.5656101 -0.17834
vn 0.7255834 0.6640299 -0.1805358
vn 0.8153291 0.5447605 -0.1961489
vn 0.8196703 0.5353384 -0.2038465
vn 0.7255834 0.6640299 -0.1805358
vn 0.8196703 0.5353384 -0.2038465
vn 0.7123578 0.6829657 -0.1615684
vn 0.5913178 0.8005265 -0.09747113
vn 0.7255834 0.6640299 -0.1805358
vn 0.7123578 0.6829657 -0.1615684
vn 0.06249537 -0.45371 -0.8889554
vn 0.03399199 -0.8571213 -0.5139918
vn 0.09358566 -0.4014631 -0.9110813
vn 0.06249537 -0.45371 -0.8889554
vn -0.02375546 -0.8214327 -0.5698105
vn 0.03399199 -0.8571213 -0.5139918
vn 0.08308158 -0.3266202 -0.9414971
vn 0.06249537 -0.45371 -0.8889554
vn 0.09358566 -0.4014631 -0.9110813
vn 0.08308158 -0.3266202 -0.9414971
vn 0.09358566 -0.4014631 -0.9110813
vn 0.08875314 -0.2775735 -0.956596
vn 0.1043951 -0.2077891 -0.972587
vn 0.08875314 -0.2775735 -0.956596
vn 0.1049029 -0.1721003 -0.9794779
vn 0.1267994 -0.1566036 -0.9794883
vn 0.1043951 -0.2077891 -0.972587
vn 0.1049029 -0.1721003 -0.9794779
vn 0.1043951 -0.2077891 -0.972587
vn 0.08308158 -0.3266202 -0.9414971
vn 0.08875314 -0.2775735 -0.956596
vn 0.1267994 -0.1566036 -0.9794883
vn 0.1340226 -0.1540664 -0.9789288
vn 0.1043951 -0.2077891 -0.972587
vn -0.284507 0.1999709 -0.9375859
vn -0.2979032 0.1997244 -0.9334688
vn -0.3075704 0.1944225 -0.9314507
vn 0.4743071 0.879389 0.04132552
vn 0.3902695 0.8905296 0.2337667
vn 0.3710256 0.92857 -0.009893928
vn 0.4743071 0.879389 0.04132552
vn 0.4378523 0.8612113 0.2580707
vn 0.3902695 0.8905296 0.2337667
vn -0.685822 0.5632785 0.4608315
vn -0.6974891 0.6202229 0.3589323
vn -0.6762685 0.5376579 0.5035723
vn -0.685822 0.5632785 0.4608315
vn -0.6961138 0.6199794 0.36201
vn -0.6974891 0.6202229 0.3589323
vn 0.3005424 0.6857501 0.6628885
vn 0.3319194 0.779841 0.5307331
vn 0.3874818 0.6535086 0.6502187
vn 0.4378523 0.8612113 0.2580707
vn 0.3319194 0.779841 0.5307331
vn 0.3902695 0.8905296 0.2337667
vn -0.685822 0.5632785 0.4608315
vn -0.6762685 0.5376579 0.5035723
vn -0.6984074 0.3198369 0.6402589
vn -0.7250458 0.2263967 0.6504254
vn -0.685822 0.5632785 0.4608315
vn -0.6984074 0.3198369 0.6402589
vn -0.7250458 0.2263967 0.6504254
vn -0.6984074 0.3198369 0.6402589
vn -0.8090487 0.1775009 0.5602978
vn -0.8278425 0.1285724 0.5460274
vn -0.7250458 0.2263967 0.6504254
vn -0.8090487 0.1775009 0.5602978
vn 0.4378523 0.8612113 0.2580707
vn 0.347772 0.6824995 0.6428446
vn 0.3319194 0.779841 0.5307331
vn 0.5199382 -0.4840947 0.7037874
vn 0.5530304 -0.5383872 0.6358432
vn 0.4893117 -0.4448612 0.7501151
vn 0.3319194 0.779841 0.5307331
vn 0.347772 0.6824995 0.6428446
vn 0.3874818 0.6535086 0.6502187
vn 0.8879477 -0.4461867 -0.1116527
vn 0.8879477 -0.4461868 -0.1116526
vn 0.8879477 -0.4461867 -0.1116528
vn -0.7039773 0.5904724 -0.3946622
vn -0.6773852 0.6564638 -0.3319709
vn -0.692839 0.7100394 -0.1257707
vn -0.008851694 0.913056 -0.407738
vn -0.08750498 0.9041111 -0.4182417
vn -0.03735128 0.8993579 -0.4356149
vn 0.02777006 0.9246898 -0.3797075
vn -0.008851694 0.913056 -0.407738
vn -0.03735128 0.8993579 -0.4356149
vn 0.03747408 0.9485137 -0.3145114
vn -0.008851694 0.913056 -0.407738
vn 0.02777006 0.9246898 -0.3797075
vn 0.5179077 0.5955213 0.6141058
vn 0.5179077 0.5955215 0.6141058
vn 0.5179077 0.5955213 0.6141059
vn 0.9822029 0.1570842 0.1029662
vn 0.9958866 0.09051885 0.004047081
vn 0.9550622 0.1567009 0.2515971
vn 0.9952322 0.03341272 -0.09163289
vn 0.9958866 0.09051885 0.004047081
vn 0.9822029 0.1570842 0.1029662
vn -0.9280293 -0.1845386 0.3235849
vn -0.9499487 -0.2461717 0.1923461
vn -0.9268154 -0.1821429 0.3283857
vn -0.8764741 -0.106709 0.4694746
vn -0.9280293 -0.1845386 0.3235849
vn -0.9268154 -0.1821429 0.3283857
vn 0.5520841 0.3924876 0.7356335
vn 0.5520841 0.3924876 0.7356335
vn 0.5520844 0.3924874 0.7356334
vn 0.6013969 0.7944584 0.084603
vn 0.5436618 0.8380402 0.04604967
vn 0.5683008 0.8204633 0.06224314
vn 0.6352012 0.4923484 -0.5950735
vn 0.6352013 0.4923484 -0.5950735
vn 0.6352013 0.4923484 -0.5950735
vn 0.2420474 0.05291485 0.9688205
vn 0.2481762 -0.06183156 0.9667396
vn 0.2921735 0.07697088 0.9532629
vn 1.278458E-05 0.1141206 0.9934669
vn 0.2420474 0.05291485 0.9688205
vn 0.2243861 -0.007499158 0.9744715
vn -0.0005903752 -0.3306842 0.9437413
vn -0.0001469274 0.03249506 0.9994719
vn 0.2243861 -0.007499158 0.9744715
vn -0.0001469274 0.03249506 0.9994719
vn 1.278458E-05 0.1141206 0.9934669
vn 0.2243861 -0.007499158 0.9744715
vn -0.0005903752 -0.3306842 0.9437413
vn -0.3371345 -0.3120169 0.8882487
vn -0.2246279 -0.007357357 0.9744169
vn -0.0005903752 -0.3306842 0.9437413
vn -0.2246279 -0.007357357 0.9744169
vn -0.0001469274 0.03249506 0.9994719
vn -0.0001469274 0.03249506 0.9994719
vn -0.2246279 -0.007357357 0.9744169
vn 1.278458E-05 0.1141206 0.9934669
vn -0.2420469 0.05291478 0.9688206
vn -0.2481756 -0.06183079 0.9667398
vn 1.278458E-05 0.1141206 0.9934669
vn 3.04736E-05 -0.1669574 0.9859642
vn 0.3364166 -0.3118067 0.8885946
vn 0.2200583 -0.07145934 0.9728658
vn 0.2200583 -0.07145934 0.9728658
vn 4.749418E-08 -0.002932402 0.9999957
vn 3.04736E-05 -0.1669574 0.9859642
vn -0.2200595 -0.07145984 0.9728655
vn 4.749418E-08 -0.002932402 0.9999957
vn -0.2592256 -0.002294379 0.9658141
vn 0.6003739 0.0007083546 0.7997192
vn 0.2592266 -0.002296039 0.9658138
vn 0.2200583 -0.07145934 0.9728658
vn -0.600375 0.0007026366 0.7997184
vn -0.2200595 -0.07145984 0.9728655
vn -0.2592256 -0.002294379 0.9658141
vn 0.6003739 0.0007083546 0.7997192
vn 0.5975037 -0.001762974 0.8018643
vn 0.2592266 -0.002296039 0.9658138
vn -0.600375 0.0007026366 0.7997184
vn -0.2592256 -0.002294379 0.9658141
vn -0.5975043 -0.001770262 0.8018638
vn 0.796733 -0.02655163 0.603748
vn 0.5975037 -0.001762974 0.8018643
vn 0.6003739 0.0007083546 0.7997192
vn -0.7967323 -0.02655926 0.6037486
vn -0.600375 0.0007026366 0.7997184
vn -0.5975043 -0.001770262 0.8018638
vn 0.796733 -0.02655163 0.603748
vn 0.7991224 -0.03486847 0.6001563
vn 0.5975037 -0.001762974 0.8018643
vn -0.7967323 -0.02655926 0.6037486
vn -0.5975043 -0.001770262 0.8018638
vn -0.799122 -0.03487742 0.6001564
vn 0.9978945 -0.0648399 0.001553456
vn 0.9980519 -0.06237428 0.001370341
vn 0.9978497 -0.06553002 0.001326442
vn -0.997894 -0.06484815 0.001552706
vn -0.9978492 -0.06553908 0.001325462
vn -0.9980513 -0.06238461 0.001369459
vn 0.9978945 -0.0648399 0.001553456
vn 0.9980686 -0.06210103 0.001613606
vn 0.9980519 -0.06237428 0.001370341
vn -0.997894 -0.06484815 0.001552706
vn -0.9980513 -0.06238461 0.001369459
vn -0.9980679 -0.06211105 0.001612988
vn 0.5646939 -0.06748296 -0.8225369
vn 0.7346088 -0.05788866 -0.6760169
vn 0.7375694 -0.05452136 -0.6730668
vn -0.5646946 -0.06748895 -0.8225359
vn -0.7375697 -0.05452758 -0.673066
vn -0.7346092 -0.05789636 -0.6760157
vn 0.5646939 -0.06748296 -0.8225369
vn 0.5638497 -0.05911193 -0.8237593
vn 0.7346088 -0.05788866 -0.6760169
vn -0.5646946 -0.06748895 -0.8225359
vn -0.7346092 -0.05789636 -0.6760157
vn -0.5638491 -0.05911833 -0.8237592
vn 0.2705929 -0.01166226 -0.9626232
vn 0.5638497 -0.05911193 -0.8237593
vn 0.5646939 -0.06748296 -0.8225369
vn -0.2705921 -0.01166232 -0.9626234
vn -0.5646946 -0.06748895 -0.8225359
vn -0.5638491 -0.05911833 -0.8237592
vn 0.2705929 -0.01166226 -0.9626232
vn 0.2742062 -0.002940471 -0.9616665
vn 0.5638497 -0.05911193 -0.8237593
vn -0.2705921 -0.01166232 -0.9626234
vn -0.5638491 -0.05911833 -0.8237592
vn -0.2741105 -0.0031232 -0.9616932
vn 5.768905E-06 -0.002298221 -0.9999974
vn -0.2705921 -0.01166232 -0.9626234
vn -0.2741105 -0.0031232 -0.9616932
vn 5.768905E-06 -0.002298221 -0.9999974
vn 0.2742062 -0.002940471 -0.9616665
vn 0.2705929 -0.01166226 -0.9626232
vn 5.768905E-06 -0.002298221 -0.9999974
vn -2.565584E-07 -0.002588951 -0.9999967
vn 0.2742062 -0.002940471 -0.9616665
vn 0.7975583 0.2862855 0.5309816
vn 0.7935038 0.3028113 0.5278798
vn 0.7935038 0.3028113 0.5278798
vn 0.8693449 0.4941207 -0.009177286
vn 0.8749954 0.483971 -0.01245867
vn 0.8365059 0.5478898 0.00863516
vn 0.8693449 0.4941207 -0.009177286
vn 0.8365059 0.5478898 0.00863516
vn 0.8280668 0.5604807 0.01291684
vn 0.4876627 0.5406502 -0.6854797
vn 0.1822264 0.3314572 -0.925705
vn 0.6766635 0.411235 -0.6107474
vn -0.5809019 -0.2129604 0.7856213
vn -0.6339289 -0.1273617 0.7628324
vn -0.5589452 -0.2229759 0.7986627
vn -0.6247434 -0.1451476 0.7672209
vn -0.3974287 0.05937944 0.9157099
vn -0.4223103 0.07631104 0.9032335
vn -0.5287817 0.3299288 0.7820083
vn -0.4223103 0.07631104 0.9032335
vn -0.3974287 0.05937944 0.9157099
vn -0.5287817 0.3299288 0.7820083
vn -0.5371481 0.3327334 0.7750874
vn -0.4223103 0.07631104 0.9032335
vn 0.07839345 0.6906766 0.7189022
vn 0.2872933 0.3925443 0.8737114
vn 0.2189045 0.3858846 0.8961997
vn 0.09450173 0.9951659 0.02672387
vn 0.09708137 0.9948638 0.02865689
vn 0.0776719 0.9968857 0.01364029
vn 0.4393205 0.04344651 0.8972791
vn 0.497022 0.01921723 0.8675252
vn 0.4070641 -0.01425941 0.9132884
vn 0.4393205 0.04344651 0.8972791
vn 0.4070641 -0.01425941 0.9132884
vn 0.3378392 -0.07816231 0.9379528
vn 0.8853077 -0.1037642 0.4532806
vn 0.9608185 0.001940862 0.2771717
vn 0.9536481 -0.1072104 0.2811781
vn 0.9536481 -0.1072104 0.2811781
vn 0.9608185 0.001940862 0.2771717
vn 0.9980881 0.0465829 0.04062432
vn 0.8853077 -0.1037642 0.4532806
vn 0.8887302 -0.1673522 0.4267926
vn 0.9608185 0.001940862 0.2771717
vn 0.09450173 0.9951659 0.02672387
vn 0.1077859 0.9934799 0.03714726
vn 0.09708137 0.9948638 0.02865689
vn 1.675227E-05 0.3062509 -0.9519508
vn 0.1799578 0.3896143 -0.9032254
vn 0.2780008 0.4647064 -0.8406923
vn -0.1799686 0.3895647 -0.9032446
vn -0.2468176 0.5662377 -0.7864197
vn -0.1822271 0.3314577 -0.9257047
vn -0.1822271 0.3314577 -0.9257047
vn -0.2468176 0.5662377 -0.7864197
vn -0.4876632 0.5406497 -0.6854799
vn -0.09452219 0.9951642 0.02671751
vn -0.07767268 0.9968856 0.0136384
vn -0.09707931 0.9948641 0.02865288
vn -0.07839678 0.6906724 0.7189058
vn -0.01839877 0.7210035 0.6926872
vn -0.2189085 0.3858824 0.8961997
vn -0.4389977 0.04535795 0.8973426
vn -0.289004 0.390724 0.8739631
vn -0.2189085 0.3858824 0.8961997
vn 0.5287775 0.3299292 0.7820109
vn 0.5371432 0.3327339 0.7750905
vn 0.5417243 0.3242815 0.7754846
vn 0.6247447 -0.1451502 0.7672194
vn 0.6339304 -0.1273657 0.7628304
vn 0.4223143 0.07631633 0.9032312
vn 0.6247447 -0.1451502 0.7672194
vn 0.4223143 0.07631633 0.9032312
vn 0.3974353 0.0593765 0.9157072
vn 0.5287775 0.3299292 0.7820109
vn 0.3974353 0.0593765 0.9157072
vn 0.4223143 0.07631633 0.9032312
vn -0.4389977 0.04535795 0.8973426
vn -0.337839 -0.07816119 0.9379529
vn -0.4050125 -0.01513292 0.9141859
vn -0.337839 -0.07816119 0.9379529
vn -0.2926481 -0.2410687 0.925334
vn -0.4050125 -0.01513292 0.9141859
vn -0.2444123 -0.2453898 0.938108
vn -0.2926481 -0.2410687 0.925334
vn -0.337839 -0.07816119 0.9379529
vn -0.2554573 -0.3028119 0.9181757
vn -0.2846949 -0.3552055 0.8903808
vn -0.2926481 -0.2410687 0.925334
vn -0.8425644 -0.1987593 0.5005797
vn -0.9536481 -0.1072095 0.2811785
vn -0.8845093 -0.1093554 0.4535248
vn -0.8138234 -0.279938 0.5092408
vn -0.8056094 -0.2133382 0.5527027
vn -0.9536481 -0.1072095 0.2811785
vn -0.8845093 -0.1093554 0.4535248
vn -0.9536481 -0.1072095 0.2811785
vn -0.9603951 -0.002121891 0.2786336
vn -0.8138234 -0.279938 0.5092408
vn -0.9536481 -0.1072095 0.2811785
vn -0.8425644 -0.1987593 0.5005797
vn -0.9775003 -0.209259 0.02653061
vn -0.9956141 -0.08881164 0.02941602
vn -0.9536481 -0.1072095 0.2811785
vn -0.9536481 -0.1072095 0.2811785
vn -0.9956141 -0.08881164 0.02941602
vn -0.9980879 0.04658431 0.040625
vn -0.9536481 -0.1072095 0.2811785
vn -0.9980879 0.04658431 0.040625
vn -0.9603951 -0.002121891 0.2786336
vn -0.7911705 -0.1559586 -0.5913764
vn -0.8168116 -0.09437882 -0.5691323
vn -0.8597707 0.006893442 -0.5106339
vn -0.8168116 -0.09437882 -0.5691323
vn -0.8118428 -0.1395646 -0.5669506
vn -0.8597707 0.006893442 -0.5106339
vn -0.3596826 0.0395159 -0.9322376
vn -0.1822271 0.3314577 -0.9257047
vn -0.2572819 0.04545958 -0.9652665
vn -0.2741581 -0.1720273 -0.9461734
vn -0.5742757 -0.1558687 -0.8036867
vn -0.5710593 -0.2636278 -0.7774264
vn 4.553824E-05 -0.1745865 -0.9846418
vn -0.2741581 -0.1720273 -0.9461734
vn -0.2733411 -0.2662032 -0.9243487
vn -0.2741581 -0.1720273 -0.9461734
vn -0.5710593 -0.2636278 -0.7774264
vn -0.2733411 -0.2662032 -0.9243487
vn 4.553824E-05 -0.1745865 -0.9846418
vn -3.725938E-05 -0.261363 -0.9652406
vn 0.2733628 -0.266222 -0.9243369
vn 0.2741997 -0.1720289 -0.946161
vn 0.5710579 -0.2636296 -0.7774267
vn 0.5742747 -0.1558685 -0.8036875
vn 0.5710579 -0.2636296 -0.7774267
vn 0.7911689 -0.1559596 -0.5913783
vn 0.5742747 -0.1558685 -0.8036875
vn 0.8138231 -0.2799397 0.5092403
vn 0.9536481 -0.1072104 0.2811781
vn 0.8056089 -0.2133428 0.5527017
vn 0.8168108 -0.09437869 -0.5691335
vn 0.8597692 0.00689174 -0.5106364
vn 0.8118423 -0.1395639 -0.5669516
vn 0.3596841 0.03951721 -0.932237
vn 0.379549 -0.04861351 -0.9238936
vn 0.2572853 0.04545899 -0.9652657
vn 0.3596841 0.03951721 -0.932237
vn 0.2572853 0.04545899 -0.9652657
vn 0.1822264 0.3314572 -0.925705
vn 0.8138231 -0.2799397 0.5092403
vn 0.8425641 -0.1987604 0.5005798
vn 0.9536481 -0.1072104 0.2811781
vn 0.8425641 -0.1987604 0.5005798
vn 0.8853077 -0.1037642 0.4532806
vn 0.9536481 -0.1072104 0.2811781
vn 0.3378392 -0.07816231 0.9379528
vn 0.4070641 -0.01425941 0.9132884
vn 0.2926481 -0.241069 0.9253339
vn 0.2554571 -0.3028089 0.9181767
vn 0.2926481 -0.241069 0.9253339
vn 0.2846954 -0.3552079 0.8903797
vn 0.2554571 -0.3028089 0.9181767
vn 0.2444117 -0.2453892 0.9381083
vn 0.2926481 -0.241069 0.9253339
vn 0.2444117 -0.2453892 0.9381083
vn 0.3378392 -0.07816231 0.9379528
vn 0.2926481 -0.241069 0.9253339
vn 0.2128786 -0.9212209 0.3256299
vn 0.09809469 -0.87902 0.4665847
vn 0.100068 -0.8725776 0.4781158
vn 0.2128786 -0.9212209 0.3256299
vn 0.1986594 -0.9209071 0.3353575
vn 0.09809469 -0.87902 0.4665847
vn 0.3484015 -0.9325945 0.09425445
vn 0.1986594 -0.9209071 0.3353575
vn 0.2128786 -0.9212209 0.3256299
vn 0.3484015 -0.9325945 0.09425445
vn 0.3624905 -0.9277498 0.08877592
vn 0.1986594 -0.9209071 0.3353575
vn 0.3605052 -0.9127942 -0.1919451
vn 0.3624905 -0.9277498 0.08877592
vn 0.3484015 -0.9325945 0.09425445
vn 0.3605052 -0.9127942 -0.1919451
vn 0.4241354 -0.8962491 -0.1297947
vn 0.3624905 -0.9277498 0.08877592
vn 0.2264014 -0.918825 -0.3232693
vn 0.4241354 -0.8962491 -0.1297947
vn 0.3605052 -0.9127942 -0.1919451
vn 0.2264014 -0.918825 -0.3232693
vn 0.2209318 -0.9153653 -0.3365939
vn 0.4241354 -0.8962491 -0.1297947
vn 0.1272117 -0.9258713 -0.3557804
vn 0.2209318 -0.9153653 -0.3365939
vn 0.2264014 -0.918825 -0.3232693
vn 0.1272117 -0.9258713 -0.3557804
vn 0.1240653 -0.9320065 -0.3405462
vn 0.2209318 -0.9153653 -0.3365939
vn -1.124266E-06 -0.9722101 -0.2341102
vn 0.1240653 -0.9320065 -0.3405462
vn 0.1272117 -0.9258713 -0.3557804
vn -1.124266E-06 -0.9722101 -0.2341102
vn 4.41333E-06 -0.9801506 -0.1982545
vn 0.1240653 -0.9320065 -0.3405462
vn -1.124266E-06 -0.9722101 -0.2341102
vn -0.1272225 -0.9258628 -0.3557984
vn -0.124076 -0.9319995 -0.3405615
vn -0.1272225 -0.9258628 -0.3557984
vn -0.2209328 -0.9153624 -0.3366013
vn -0.124076 -0.9319995 -0.3405615
vn -0.1272225 -0.9258628 -0.3557984
vn -0.2264014 -0.9188231 -0.3232748
vn -0.2209328 -0.9153624 -0.3366013
vn -0.2264014 -0.9188231 -0.3232748
vn -0.4241597 -0.8962373 -0.1297973
vn -0.2209328 -0.9153624 -0.3366013
vn -0.2264014 -0.9188231 -0.3232748
vn -0.3605205 -0.9127868 -0.1919515
vn -0.4241597 -0.8962373 -0.1297973
vn -0.3605205 -0.9127868 -0.1919515
vn -0.3624874 -0.9277513 0.08877198
vn -0.4241597 -0.8962373 -0.1297973
vn -0.3605205 -0.9127868 -0.1919515
vn -0.3483939 -0.9325978 0.09425012
vn -0.3624874 -0.9277513 0.08877198
vn -0.3483939 -0.9325978 0.09425012
vn -0.1986525 -0.9209123 0.3353472
vn -0.3624874 -0.9277513 0.08877198
vn -0.3483939 -0.9325978 0.09425012
vn -0.2128725 -0.9212248 0.3256227
vn -0.1986525 -0.9209123 0.3353472
vn -0.2128725 -0.9212248 0.3256227
vn -0.09809226 -0.8790218 0.4665819
vn -0.1986525 -0.9209123 0.3353472
vn -0.2128725 -0.9212248 0.3256227
vn -0.1000663 -0.8725771 0.478117
vn -0.09809226 -0.8790218 0.4665819
vn 0.646619 -0.7471979 -0.1535551
vn 0.5992031 -0.7902529 -0.1282809
vn 0.79953 -0.5767254 -0.167749
vn 0.7982229 -0.5541897 -0.2360383
vn 0.646619 -0.7471979 -0.1535551
vn 0.79953 -0.5767254 -0.167749
vn -0.0007714049 -0.8809482 -0.473212
vn 0.3246808 -0.8621624 -0.3889197
vn 0.2490534 -0.8750297 -0.4150849
vn 0.429705 -0.8280426 -0.3601376
vn 0.2490534 -0.8750297 -0.4150849
vn 0.3246808 -0.8621624 -0.3889197
vn 0.4785349 -0.3327391 -0.8125817
vn 0.7982129 -0.4102831 -0.4410487
vn 0.527793 -0.2977023 -0.7954922
vn 0.2700166 -0.2223483 -0.936831
vn 0.4785349 -0.3327391 -0.8125817
vn 0.527793 -0.2977023 -0.7954922
vn 0.2700166 -0.2223483 -0.936831
vn 0.527793 -0.2977023 -0.7954922
vn 0.269758 -0.2215563 -0.9370931
vn 0.9785475 0.009672381 -0.2057942
vn 0.9928339 -0.1168413 -0.02508038
vn 0.9840546 -0.04523297 -0.1720191
vn 0.8918514 0.2999614 -0.3385622
vn 0.9008428 -0.1157904 -0.4184196
vn 0.9785475 0.009672381 -0.2057942
vn 0.9840546 -0.04523297 -0.1720191
vn 0.8918514 0.2999614 -0.3385622
vn 0.9785475 0.009672381 -0.2057942
vn 0.9008428 -0.1157904 -0.4184196
vn 0.9809035 -0.1164502 -0.1557811
vn 0.9785475 0.009672381 -0.2057942
vn 0.9785475 0.009672381 -0.2057942
vn 0.9809035 -0.1164502 -0.1557811
vn 0.9928339 -0.1168413 -0.02508038
vn -0.2691441 -0.2229936 -0.9369287
vn -0.2687008 -0.2216372 -0.9373776
vn -0.527981 -0.3004493 -0.7943339
vn -0.2691441 -0.2229936 -0.9369287
vn -0.527981 -0.3004493 -0.7943339
vn -0.478278 -0.3350013 -0.8118031
vn -0.0007714049 -0.8809482 -0.473212
vn -0.01547588 -0.8771555 -0.4799571
vn -0.262152 -0.8616193 -0.4346131
vn -0.0007714049 -0.8809482 -0.473212
vn -0.262152 -0.8616193 -0.4346131
vn -0.3381332 -0.8452403 -0.4138053
vn -0.004679054 -0.1129293 -0.993592
vn -0.4730307 -0.06248731 -0.8788273
vn -0.5358506 -0.1261519 -0.8348352
vn -0.8386132 -0.4796474 -0.2581981
vn -0.8872442 -0.4495849 -0.1033018
vn -0.7995303 -0.5767257 -0.1677461
vn -0.7982273 -0.5541863 -0.2360317
vn -0.8386132 -0.4796474 -0.2581981
vn -0.7995303 -0.5767257 -0.1677461
vn -0.6466186 -0.7471992 -0.153551
vn -0.5992036 -0.7902533 -0.1282762
vn -0.4159576 -0.893408 -0.1697099
vn -0.9798819 0.01510674 -0.1990055
vn -0.9867215 -0.03401828 -0.1588193
vn -0.9930695 -0.1147918 -0.02521598
vn -0.9692067 -0.2460265 -0.010455
vn -0.9809061 -0.1164427 -0.1557704
vn -0.9930695 -0.1147918 -0.02521598
vn -0.8935643 0.3037345 -0.3305875
vn -0.7637643 0.5257247 -0.3745366
vn -0.9084416 0.3344659 -0.250732
vn -0.9867215 -0.03401828 -0.1588193
vn -0.8935643 0.3037345 -0.3305875
vn -0.9084416 0.3344659 -0.250732
vn 0.1637182 0.1005046 -0.9813741
vn 0.1637182 0.1005046 -0.9813741
vn 0.1637182 0.1005047 -0.9813741
vn 0.5355107 0.3834685 -0.7524495
vn 0.5355107 0.3834686 -0.7524495
vn 0.5355108 0.3834686 -0.7524495
vn -0.281533 0.32596 -0.9024906
vn -0.147865 0.2631184 -0.9533649
vn -0.2013348 0.1902538 -0.9608682
vn -0.281533 0.32596 -0.9024906
vn -0.2013348 0.1902538 -0.9608682
vn -0.2957482 0.2403401 -0.9245376
vn -0.2957482 0.2403401 -0.9245376
vn -0.2013348 0.1902538 -0.9608682
vn -0.1498302 0.03601855 -0.9880555
vn -0.1431868 -0.3542784 0.9241128
vn -0.2728133 -0.3707078 0.8877774
vn -0.4228216 -0.3661669 0.8289414
vn -0.3660115 -0.3910043 0.8444828
vn -0.1431868 -0.3542784 0.9241128
vn -0.4228216 -0.3661669 0.8289414
vn -0.1431868 -0.3542784 0.9241128
vn 0.3722582 -0.248262 0.8943097
vn 0.2678022 -0.3002928 0.9154814
vn -0.2728133 -0.3707078 0.8877774
vn -0.1431868 -0.3542784 0.9241128
vn 0.2678022 -0.3002928 0.9154814
vn -0.8647834 0.1685946 0.4729964
vn -0.8836436 0.2332836 0.4058976
vn -0.7379934 -0.0190968 0.6745377
vn -0.8836436 0.2332836 0.4058976
vn -0.820987 0.5480827 0.1599557
vn -0.8101504 0.5656755 0.1538428
vn -0.7487072 0.6478918 0.1402631
vn -0.8101504 0.5656755 0.1538428
vn -0.820987 0.5480827 0.1599557
vn -0.7270166 0.6684305 0.1569955
vn -0.8101504 0.5656755 0.1538428
vn -0.7487072 0.6478918 0.1402631
vn -0.7946253 0.158058 -0.5861641
vn -0.9499017 0.01007328 -0.3123866
vn -0.9326868 0.02222289 -0.3600021
vn -0.7946253 0.158058 -0.5861641
vn -0.9326868 0.02222289 -0.3600021
vn -0.7526041 0.1018133 -0.6505544
vn 0.02962358 0.1051228 -0.994018
vn 0.02614616 0.1794059 -0.9834276
vn 0.02628499 0.1741604 -0.9843664
vn -0.804018 0.05323015 -0.5922176
vn -0.7946253 0.158058 -0.5861641
vn -0.7526041 0.1018133 -0.6505544
vn 0.8591929 0.1209743 -0.4971446
vn 0.7866639 0.0392548 -0.6161323
vn 0.7938079 0.03994178 -0.6068556
vn 0.02614616 0.1794059 -0.9834276
vn -0.003224622 0.09968932 -0.9950134
vn 0.02628499 0.1741604 -0.9843664
vn 0.02614616 0.1794059 -0.9834276
vn -0.00607839 0.09942561 -0.9950265
vn -0.003224622 0.09968932 -0.9950134
vn 0.1642343 -0.233814 -0.9583101
vn 0.02962358 0.1051228 -0.994018
vn 0.03046108 0.1130571 -0.9931214
vn 0.8753969 0.1104126 -0.4706265
vn 0.8830788 0.09815555 -0.4588436
vn 0.8591929 0.1209743 -0.4971446
vn 0.1642343 -0.233814 -0.9583101
vn 0.03046108 0.1130571 -0.9931214
vn 0.1541773 -0.2768192 -0.9484727
vn 0.8753969 0.1104126 -0.4706265
vn 0.8052431 -0.07318568 -0.5884109
vn 0.8830788 0.09815555 -0.4588436
vn 0.02962358 0.1051228 -0.994018
vn 0.02628499 0.1741604 -0.9843664
vn 0.03046108 0.1130571 -0.9931214
vn -0.7860201 -0.004579343 0.6181841
vn -0.7575835 -0.06960139 0.6490169
vn -0.914018 -0.07218936 0.399199
vn -0.7860201 -0.004579343 0.6181841
vn -0.914018 -0.07218936 0.399199
vn -0.9263365 -0.08504643 0.3669712
vn 0.2208627 -0.5496563 0.805666
vn 0.1980679 -0.4515423 0.8699878
vn 0.1885378 -0.4827718 0.8552104
vn 0.1658194 -0.02507338 0.9858373
vn 0.05906945 0.002021218 0.9982519
vn 0.1767895 -0.03049049 0.9837763
vn 0.2000541 -0.621929 0.7570882
vn 0.2208627 -0.5496563 0.805666
vn 0.1885378 -0.4827718 0.8552104
vn -0.1014489 -0.9576616 0.2694299
vn -0.02346827 -0.976041 0.2163173
vn 0.02830712 -0.9507868 0.3085502
vn -0.1014489 -0.9576616 0.2694299
vn -0.06827405 -0.9962717 -0.0527392
vn -0.02346827 -0.976041 0.2163173
vn -0.06827405 -0.9962717 -0.0527392
vn -7.616926E-06 -0.9847623 0.1739058
vn -0.02346827 -0.976041 0.2163173
vn -2.828199E-06 -0.633745 0.7735421
vn 0.2049791 -0.6452672 0.7359442
vn 0.2000541 -0.621929 0.7570882
vn 0.2000541 -0.621929 0.7570882
vn 0.2049791 -0.6452672 0.7359442
vn 0.2208627 -0.5496563 0.805666
vn 0.8902382 0.01134132 0.4553541
vn 0.8921009 -0.007965966 0.4517661
vn 0.8946034 -0.0006661546 0.4468604
vn 0.7901543 -0.09165164 -0.6060166
vn 0.8510176 -0.01487272 -0.5249265
vn 0.8826418 -0.008637754 -0.4699668
vn 0.7102805 -0.116102 -0.6942781
vn 0.8052431 -0.07318568 -0.5884109
vn 0.7901543 -0.09165164 -0.6060166
vn 0.2290454 -0.6306841 -0.7414687
vn 0.1717051 -0.6462953 -0.7435185
vn 0.1541773 -0.2768192 -0.9484727
vn 0.1735605 -0.6717938 -0.720118
vn 0.1717051 -0.6462953 -0.7435185
vn 0.2290454 -0.6306841 -0.7414687
vn 0.06825075 -0.9962737 -0.05273091
vn -7.780337E-07 -0.9716281 -0.2365141
vn -0.00161169 -0.970948 -0.2392854
vn 1.490571E-06 -0.6708814 -0.7415648
vn 0.1717051 -0.6462953 -0.7435185
vn 0.1735605 -0.6717938 -0.720118
vn -2.828199E-06 -0.633745 0.7735421
vn -2.776597E-06 -0.5988514 0.8008602
vn 0.2049791 -0.6452672 0.7359442
vn -2.828199E-06 -0.633745 0.7735421
vn -0.2045847 -0.6471459 0.7344027
vn -2.776597E-06 -0.5988514 0.8008602
vn 1.490571E-06 -0.6708814 -0.7415648
vn -0.173255 -0.6735761 -0.7185248
vn -0.1717073 -0.6463152 -0.7435006
vn 1.490571E-06 -0.6708814 -0.7415648
vn -7.066979E-07 -0.6761661 -0.7367492
vn -0.173255 -0.6735761 -0.7185248
vn -2.828199E-06 -0.633745 0.7735421
vn -0.2000553 -0.6219466 0.7570735
vn -0.2045847 -0.6471459 0.7344027
vn -0.2000553 -0.6219466 0.7570735
vn -0.220743 -0.5504259 0.8051732
vn -0.2045847 -0.6471459 0.7344027
vn -0.2000553 -0.6219466 0.7570735
vn -0.1885354 -0.4827941 0.8551984
vn -0.220743 -0.5504259 0.8051732
vn 0.1014269 -0.9576683 0.2694144
vn 0.02345517 -0.9760432 0.2163089
vn 0.06825075 -0.9962737 -0.05273091
vn 0.7860271 -0.004562784 0.6181752
vn 0.9140176 -0.07217324 0.3992028
vn 0.7576102 -0.06961466 0.6489843
vn 0.7860271 -0.004562784 0.6181752
vn 0.9263362 -0.08503038 0.3669757
vn 0.9140176 -0.07217324 0.3992028
vn 0.1014269 -0.9576683 0.2694144
vn -0.02830447 -0.9507954 0.3085239
vn 0.02345517 -0.9760432 0.2163089
vn -0.2263615 -0.6442313 -0.7305659
vn -0.1541764 -0.2768275 -0.9484704
vn -0.1717073 -0.6463152 -0.7435006
vn -0.173255 -0.6735761 -0.7185248
vn -0.2263615 -0.6442313 -0.7305659
vn -0.1717073 -0.6463152 -0.7435006
vn -0.7107775 -0.1194276 -0.6932045
vn -0.7901543 -0.09166681 -0.6060143
vn -0.805243 -0.07320247 -0.588409
vn 0.06825075 -0.9962737 -0.05273091
vn 0.07608321 -0.9099764 -0.4076204
vn 0.2280311 -0.7712004 -0.5943499
vn 0.8039993 0.05324053 -0.592242
vn 0.7945976 0.1580587 -0.5862015
vn 0.8333569 0.1107946 -0.5415171
vn 0.8383036 -0.05256256 -0.5426641
vn 0.8333569 0.1107946 -0.5415171
vn 0.8406242 -0.05232041 -0.5390859
vn 0.8383036 -0.05256256 -0.5426641
vn 0.8039993 0.05324053 -0.592242
vn 0.8333569 0.1107946 -0.5415171
vn -0.1642378 -0.233851 -0.9583005
vn -0.03046801 0.1130643 -0.9931204
vn -0.02964366 0.105132 -0.9940164
vn -0.8754071 0.110416 -0.4706067
vn -0.8830802 0.09818094 -0.4588352
vn -0.805243 -0.07320247 -0.588409
vn -0.1642378 -0.233851 -0.9583005
vn -0.1541764 -0.2768275 -0.9484704
vn -0.03046801 0.1130643 -0.9931204
vn -0.02964366 0.105132 -0.9940164
vn -0.02633112 0.1741701 -0.9843635
vn -0.02620456 0.1794359 -0.9834206
vn -0.02964366 0.105132 -0.9940164
vn -0.03046801 0.1130643 -0.9931204
vn -0.02633112 0.1741701 -0.9843635
vn -0.8754071 0.110416 -0.4706067
vn -0.8569663 0.1318842 -0.4982121
vn -0.8592149 0.1209976 -0.4971009
vn -0.8754071 0.110416 -0.4706067
vn -0.8592149 0.1209976 -0.4971009
vn -0.8830802 0.09818094 -0.4588352
vn 0.7445899 0.1004342 0.6599235
vn 0.6861051 -0.07327511 0.7238029
vn 0.7944015 0.1775143 0.5808744
vn -0.8058627 -0.0509271 0.5899084
vn -0.8403031 0.1186876 0.5289651
vn -0.8902318 0.2011311 0.4086976
vn -0.8592149 0.1209976 -0.4971009
vn -0.8569663 0.1318842 -0.4982121
vn -0.7938384 0.039948 -0.6068153
vn -0.02620456 0.1794359 -0.9834206
vn -0.02633112 0.1741701 -0.9843635
vn 0.003184949 0.0996867 -0.9950138
vn -0.8592149 0.1209976 -0.4971009
vn -0.7938384 0.039948 -0.6068153
vn -0.7866936 0.03926084 -0.6160939
vn -0.02620456 0.1794359 -0.9834206
vn 0.003184949 0.0996867 -0.9950138
vn 0.006040795 0.09942279 -0.9950269
vn 0.7945976 0.1580587 -0.5862015
vn 0.7525622 0.101802 -0.6506047
vn 0.9326673 0.02221336 -0.3600533
vn 0.7945976 0.1580587 -0.5862015
vn 0.9326673 0.02221336 -0.3600533
vn 0.9498851 0.01006349 -0.3124374
vn 0.07954715 -0.767401 -0.6362138
vn 0.06210738 -0.7910175 -0.6086329
vn -0.2101264 -0.6592522 -0.721965
vn -0.2101264 -0.6592522 -0.721965
vn 0.02645365 -0.7888678 -0.6139933
vn -0.1530206 -0.6758938 -0.7209384
vn -0.1530206 -0.6758938 -0.7209384
vn 0.07954715 -0.767401 -0.6362138
vn -0.2101264 -0.6592522 -0.721965
vn 0.1474464 -0.1826998 -0.9720495
vn 0.3168058 -0.3207654 -0.892605
vn 0.3112482 -0.3149832 -0.8966104
vn 0.2572853 0.04545899 -0.9652657
vn 0.1474464 -0.1826998 -0.9720495
vn 0.1669417 -0.1731106 -0.970651
vn 0.1474464 -0.1826998 -0.9720495
vn 0.3112482 -0.3149832 -0.8966104
vn 0.1669417 -0.1731106 -0.970651
vn 0.2572853 0.04545899 -0.9652657
vn 0.1669417 -0.1731106 -0.970651
vn 0.1822264 0.3314572 -0.925705
vn 0.4679615 0.3817029 -0.7970665
vn -0.03419043 0.7955261 -0.6049539
vn -0.0196894 0.8132332 -0.5816048
vn 0.1098949 -0.9339139 -0.3401883
vn 0.1084956 -0.9036883 -0.4142176
vn 0.01074741 -0.7988762 -0.6013996
vn 0.1084956 -0.9036883 -0.4142176
vn 0.02645365 -0.7888678 -0.6139933
vn 0.01074741 -0.7988762 -0.6013996
vn -0.2101264 -0.6592522 -0.721965
vn 0.01074741 -0.7988762 -0.6013996
vn 0.02645365 -0.7888678 -0.6139933
vn 0.5878722 0.2705045 -0.7623868
vn 0.4679615 0.3817029 -0.7970665
vn 0.6119472 0.2215282 -0.7592404
vn 0.6389118 0.7591556 -0.1243965
vn 0.6276508 0.7784792 0.004958846
vn 0.6331314 0.7726344 0.04669781
vn 0.6119472 0.2215282 -0.7592404
vn 0.6752862 0.0720069 -0.7340324
vn 0.5878722 0.2705045 -0.7623868
vn 0.6276508 0.7784792 0.004958846
vn 0.5964586 0.8025737 0.01061138
vn 0.6331314 0.7726344 0.04669781
vn 0.5878722 0.2705045 -0.7623868
vn 0.4192292 0.402221 -0.8139197
vn 0.4679615 0.3817029 -0.7970665
vn 0.4679615 0.3817029 -0.7970665
vn 0.4192292 0.402221 -0.8139197
vn -0.03419043 0.7955261 -0.6049539
vn 0.6276508 0.7784792 0.004958846
vn 0.5407281 0.8410984 0.01291159
vn 0.5964586 0.8025737 0.01061138
vn 0.2619069 0.5385184 0.8008763
vn 0.2681428 0.5120074 0.8160563
vn 0.2292867 0.5273721 0.8181114
vn -0.04508582 0.9978298 0.04798885
vn 0.5407281 0.8410984 0.01291159
vn -0.04598896 0.9977155 0.04948553
vn 0.2619069 0.5385184 0.8008763
vn 0.1118618 0.7383879 0.6650341
vn 0.06150584 0.7099332 0.7015782
vn 0.2619069 0.5385184 0.8008763
vn 0.2292867 0.5273721 0.8181114
vn 0.2830673 0.4932576 0.8225387
vn 0.08935488 0.5756925 0.8127693
vn 0.2830673 0.4932576 0.8225387
vn 0.2292867 0.5273721 0.8181114
vn -0.308675 -0.004535877 0.9511568
vn -0.1440751 -0.09477449 0.9850179
vn -0.1502242 -0.1220912 0.9810843
vn -0.1440751 -0.09477449 0.9850179
vn 0.04113718 -0.143466 0.9887999
vn -0.1502242 -0.1220912 0.9810843
vn -0.2572414 -0.7116683 0.653724
vn -0.4156459 -0.7089426 0.5697709
vn -0.344969 -0.6830925 0.6437243
vn -0.218313 -0.7980518 0.5616518
vn -0.2572414 -0.7116683 0.653724
vn -0.344969 -0.6830925 0.6437243
vn -0.218313 -0.7980518 0.5616518
vn -0.344969 -0.6830925 0.6437243
vn -0.3283017 -0.7672789 0.5509094
vn 0.2409494 -0.8871614 0.3935584
vn -0.218313 -0.7980518 0.5616518
vn -0.3283017 -0.7672789 0.5509094
vn 0.2469254 -0.8820162 0.4013419
vn 0.2409494 -0.8871614 0.3935584
vn -0.3283017 -0.7672789 0.5509094
vn 0.379549 -0.04861351 -0.9238936
vn 0.2741997 -0.1720289 -0.946161
vn 0.5742747 -0.1558685 -0.8036875
vn 0.2170725 0.156559 -0.963519
vn 0.3596841 0.03951721 -0.932237
vn 0.1822264 0.3314572 -0.925705
vn 0.1799578 0.3896143 -0.9032254
vn 0.2170725 0.156559 -0.963519
vn 0.1822264 0.3314572 -0.925705
vn -0.2170663 0.1565535 -0.9635213
vn -0.1822271 0.3314577 -0.9257047
vn -0.3596826 0.0395159 -0.9322376
vn -0.2806413 -0.02146675 -0.9595727
vn -0.2170663 0.1565535 -0.9635213
vn -0.3596826 0.0395159 -0.9322376
vn -0.9196693 0.1710582 0.3534793
vn -0.9837903 0.1389089 0.1134061
vn -0.993964 0.107504 -0.02187809
vn -0.9196693 0.1710582 0.3534793
vn -0.9200043 0.1199949 0.3730863
vn -0.9837903 0.1389089 0.1134061
vn -0.7980654 0.5273242 0.2915835
vn -0.8022509 0.5284347 0.2777596
vn -0.8139 0.531121 0.2355363
vn -0.7832919 0.5229467 0.3361261
vn -0.8022509 0.5284347 0.2777596
vn -0.7980654 0.5273242 0.2915835
vn 0.1600115 0.7522489 0.639154
vn -0.1084006 0.7519646 0.6502297
vn -0.1099323 0.7502526 0.6519479
vn 0.1600115 0.7522489 0.639154
vn -0.1099323 0.7502526 0.6519479
vn 0.2228421 0.7945442 0.5648372
vn 0.5183969 0.7613714 0.3893305
vn 0.1600115 0.7522489 0.639154
vn 0.2228421 0.7945442 0.5648372
vn 0.5183969 0.7613714 0.3893305
vn 0.2228421 0.7945442 0.5648372
vn 0.5743013 0.7862343 0.2280653
vn 0.9997332 -0.01009328 -0.02077874
vn 0.9972081 -0.04707952 0.05796257
vn 0.9768056 -0.01098816 -0.2138462
vn 0.9997332 -0.01009328 -0.02077874
vn 0.9768056 -0.01098816 -0.2138462
vn 0.9695223 0.006576118 -0.2449149
vn -0.9873142 -0.1539445 0.03888052
vn -0.9975065 0.0180567 -0.06822649
vn -0.9863293 -0.1573703 0.04887908
vn -0.9873142 -0.1539445 0.03888052
vn -0.9958444 -0.0697689 -0.05853449
vn -0.9975065 0.0180567 -0.06822649
vn -0.3722389 -0.2482611 0.894318
vn -0.5143164 -0.2559635 0.8185117
vn -0.6855991 -0.196486 0.7009615
vn -0.3722389 -0.2482611 0.894318
vn -0.2677977 -0.3002898 0.9154838
vn -0.5143164 -0.2559635 0.8185117
vn -5.055579E-05 -0.9999681 -0.007988895
vn -4.442409E-05 -0.9999682 -0.007983291
vn -4.963511E-05 -0.9999681 -0.007984675
vn 0.9972908 0.03279482 -0.06584638
vn 0.9991032 0.04048699 -0.0123962
vn 0.9997332 -0.01009328 -0.02077874
vn 0.9997332 -0.01009328 -0.02077874
vn 0.9991032 0.04048699 -0.0123962
vn 0.9972081 -0.04707952 0.05796257
vn 0.9492252 0.09711199 0.2992337
vn 0.9991032 0.04048699 -0.0123962
vn 0.9903301 0.1347622 0.03294561
vn 0.9972908 0.03279482 -0.06584638
vn 0.9903301 0.1347622 0.03294561
vn 0.9991032 0.04048699 -0.0123962
vn -0.9958444 -0.0697689 -0.05853449
vn -0.9978498 0.05568158 0.03457297
vn -0.9975065 0.0180567 -0.06822649
vn -0.3401995 0.05079893 0.9389802
vn -0.3491888 0.03758531 0.9362984
vn -0.3450963 0.04361887 0.9375532
vn -0.9583759 0.09807365 0.2681364
vn -0.979741 0.1592906 0.1213844
vn -0.9978498 0.05568158 0.03457297
vn -0.9583759 0.09807365 0.2681364
vn -0.9978498 0.05568158 0.03457297
vn -0.9645315 0.08245233 0.2507601
vn -0.555732 0.7253423 0.406252
vn -0.328485 0.7379175 0.5895552
vn -0.3302769 0.7528476 0.569331
vn -0.3302769 0.7528476 0.569331
vn -0.328485 0.7379175 0.5895552
vn -0.02362232 0.7703961 0.6371279
vn 0.01608943 0.7680265 0.640216
vn -0.02362232 0.7703961 0.6371279
vn 0.3260956 0.7332036 0.5967195
vn 0.01608943 0.7680265 0.640216
vn 0.3260956 0.7332036 0.5967195
vn 0.3361418 0.7104635 0.6182641
vn 0.9492252 0.09711199 0.2992337
vn 0.9525539 0.09029587 0.2906677
vn 0.9991032 0.04048699 -0.0123962
vn 0.3598899 0.09520073 0.928125
vn 0.3444058 0.07298133 0.9359799
vn 0.3786044 0.1225173 0.9174139
vn 0.3361418 0.7104635 0.6182641
vn 0.3260956 0.7332036 0.5967195
vn 0.4549278 0.7060711 0.5426826
vn -0.673323 0.6144869 0.4111472
vn -0.6300654 0.6256618 0.4599618
vn -0.7057202 0.6036421 0.3709112
vn -0.6019891 0.6311923 0.4890864
vn -0.6300654 0.6256618 0.4599618
vn -0.673323 0.6144869 0.4111472
vn -0.001516831 0.8256271 0.5642141
vn 0.006779567 0.8223148 0.5689925
vn 0.3139159 0.8273613 0.4657575
vn -0.001516831 0.8256271 0.5642141
vn 0.3139159 0.8273613 0.4657575
vn 0.258367 0.8252811 0.502153
vn 0.5239226 0.7611278 0.3823476
vn 0.258367 0.8252811 0.502153
vn 0.3139159 0.8273613 0.4657575
vn 0.5239226 0.7611278 0.3823476
vn 0.3139159 0.8273613 0.4657575
vn 0.6026677 0.7393125 0.3003478
vn -0.5513098 -0.1761528 0.8154923
vn -0.36961 0.01380768 0.9290845
vn -0.5567598 -0.2737129 0.784283
vn -0.5513098 -0.1761528 0.8154923
vn -0.2691328 0.1001377 0.9578831
vn -0.36961 0.01380768 0.9290845
vn -0.2691328 0.1001377 0.9578831
vn 0.02090617 0.1679972 0.9855658
vn -0.36961 0.01380768 0.9290845
vn 0.02090617 0.1679972 0.9855658
vn -0.2691328 0.1001377 0.9578831
vn 0.2815165 0.0563363 0.9579012
vn 0.02090617 0.1679972 0.9855658
vn 0.2815165 0.0563363 0.9579012
vn 0.3157837 -0.01624192 0.9486922
vn 0.3157837 -0.01624192 0.9486922
vn 0.2815165 0.0563363 0.9579012
vn 0.4688788 -0.1147833 0.8757725
vn 0.3157837 -0.01624192 0.9486922
vn 0.4688788 -0.1147833 0.8757725
vn 0.5042507 -0.1901711 0.8423575
vn 0.1384113 0.9359194 -0.3238784
vn 0.1835419 0.9762442 -0.1151508
vn 0.3341497 0.9240531 -0.1856607
vn 0.1384113 0.9359194 -0.3238784
vn 0.1759713 0.8617015 -0.4759251
vn 0.03637006 0.9382937 -0.3439217
vn 0.1759713 0.8617015 -0.4759251
vn 0.1384113 0.9359194 -0.3238784
vn 0.3341497 0.9240531 -0.1856607
vn 0.5690181 0.8178855 -0.08533388
vn 0.1759713 0.8617015 -0.4759251
vn 0.3341497 0.9240531 -0.1856607
vn 0.8740669 -0.4578995 -0.1622809
vn 0.8740669 -0.4578995 -0.1622808
vn 0.8740669 -0.4578996 -0.1622809
vn 0.8280497 0.3209633 0.4596916
vn 0.8010753 0.2917713 0.5226355
vn 0.7944015 0.1775143 0.5808744
vn 0.8010753 0.2917713 0.5226355
vn 0.7445899 0.1004342 0.6599235
vn 0.7944015 0.1775143 0.5808744
vn -0.8346372 0.3094861 0.4556304
vn -0.8567707 0.3501666 0.378586
vn -0.8902318 0.2011311 0.4086976
vn -0.5963005 0.06834718 -0.7998465
vn -0.5394014 0.128936 -0.8321188
vn -0.6737617 -0.02487897 -0.7385299
vn -0.5963005 0.06834718 -0.7998465
vn -0.6737617 -0.02487897 -0.7385299
vn -0.7376166 -0.1158001 -0.6652158
vn -0.9948232 -0.1000108 -0.01801783
vn -0.9948232 -0.1000108 -0.01801782
vn -0.9948232 -0.1000108 -0.01801784
vn -0.937989 -0.3182653 -0.1374187
vn -0.9346362 -0.2395933 -0.2627744
vn -0.948286 -0.3080806 -0.07642052
vn -0.937989 -0.3182653 -0.1374187
vn -0.948286 -0.3080806 -0.07642052
vn -0.9349731 -0.3503286 0.05563542
vn 0.6531123 -0.6688338 0.3551139
vn 0.6551452 -0.6337647 0.4112506
vn 0.6447975 -0.6817309 0.3456576
vn 0.7092065 0.3946208 -0.5842094
vn 0.7039698 0.5904754 -0.3946712
vn 0.6802859 0.5237648 -0.5127197
vn 0.6802859 0.5237648 -0.5127197
vn 0.7039698 0.5904754 -0.3946712
vn 0.6773733 0.6564699 -0.3319828
vn 0.7039698 0.5904754 -0.3946712
vn 0.6928254 0.7100489 -0.1257917
vn 0.6773733 0.6564699 -0.3319828
vn 0.00884911 0.9130593 -0.4077308
vn 0.03734608 0.899362 -0.4356068
vn 0.08748947 0.9041149 -0.4182367
vn -0.02776447 0.924693 -0.3797
vn 0.03734608 0.899362 -0.4356068
vn 0.00884911 0.9130593 -0.4077308
vn -0.03746596 0.9485149 -0.3145087
vn -0.02776447 0.924693 -0.3797
vn 0.00884911 0.9130593 -0.4077308
vn -0.5178819 0.5955266 0.6141226
vn -0.5178819 0.5955265 0.6141226
vn -0.5178819 0.5955267 0.6141225
vn -0.9822021 0.1570873 0.1029702
vn -0.9550616 0.1567032 0.2515978
vn -0.9958864 0.09052031 0.004049562
vn -0.9952326 0.03341081 -0.09162839
vn -0.9822021 0.1570873 0.1029702
vn -0.9958864 0.09052031 0.004049562
vn -0.9896253 -0.03008187 -0.1404875
vn -0.9952326 0.03341081 -0.09162839
vn -0.9958864 0.09052031 0.004049562
vn 0.8764884 -0.1067021 0.4694494
vn 0.9268228 -0.1821332 0.3283702
vn 0.9280353 -0.1845266 0.3235744
vn -0.6014046 0.7944528 0.08460101
vn -0.6328832 0.7668751 0.1065903
vn -0.5683071 0.8204592 0.06223988
vn -0.6014046 0.7944528 0.08460101
vn -0.5683071 0.8204592 0.06223988
vn -0.5436665 0.8380374 0.04604519
vn -0.7975483 0.2862826 0.5309981
vn -0.793502 0.3028044 0.5278865
vn -0.793502 0.3028044 0.5278863
vn -0.8693476 0.4941161 -0.009177971
vn -0.8365086 0.5478859 0.008634605
vn -0.874998 0.4839662 -0.01245941
vn -0.8693476 0.4941161 -0.009177971
vn -0.8280693 0.560477 0.01291634
vn -0.8365086 0.5478859 0.008634605
vn -0.4876632 0.5406497 -0.6854799
vn -0.6766665 0.4112322 -0.610746
vn -0.1822271 0.3314577 -0.9257047
vn -0.163743 0.1005026 -0.9813702
vn -0.163743 0.1005027 -0.9813702
vn -0.163743 0.1005025 -0.9813702
vn -0.535529 0.3834642 -0.7524386
vn -0.535529 0.3834643 -0.7524387
vn -0.535529 0.3834643 -0.7524385
vn 0.2815101 0.3259632 -0.9024966
vn 0.2013126 0.19026 -0.9608717
vn 0.1478324 0.2631173 -0.9533703
vn 0.2815101 0.3259632 -0.9024966
vn 0.295729 0.2403442 -0.9245426
vn 0.2013126 0.19026 -0.9608717
vn 0.295729 0.2403442 -0.9245426
vn 0.1498132 0.03602626 -0.9880578
vn 0.2013126 0.19026 -0.9608717
vn 0.1432049 -0.3542745 0.9241115
vn 0.4228384 -0.3661634 0.8289343
vn 0.2728223 -0.3707038 0.8877763
vn 0.3660321 -0.3909989 0.8444764
vn 0.4228384 -0.3661634 0.8289343
vn 0.1432049 -0.3542745 0.9241115
vn -0.2677977 -0.3002898 0.9154838
vn -0.3722389 -0.2482611 0.894318
vn 0.1432049 -0.3542745 0.9241115
vn 0.2728223 -0.3707038 0.8877763
vn -0.2677977 -0.3002898 0.9154838
vn 0.1432049 -0.3542745 0.9241115
vn 0.8836435 0.2332836 0.4058978
vn 0.8101494 0.565676 0.1538468
vn 0.8209865 0.5480828 0.1599578
vn 0.7487085 0.6478892 0.1402688
vn 0.8209865 0.5480828 0.1599578
vn 0.8101494 0.565676 0.1538468
vn 0.7270188 0.6684268 0.1570008
vn 0.7487085 0.6478892 0.1402688
vn 0.8101494 0.565676 0.1538468
vn 0.5566204 -0.3294215 0.7626632
vn 0.7352038 -0.1794216 0.6536691
vn 0.6789534 -0.2326914 0.6963311
vn 0.6789534 -0.2326914 0.6963311
vn 0.7352038 -0.1794216 0.6536691
vn 0.8130614 -0.09146805 0.5749477
vn -0.07954555 -0.7674013 -0.6362137
vn 0.2112797 -0.6593203 -0.7215661
vn -0.06210641 -0.7910168 -0.6086339
vn 0.1537147 -0.6765234 -0.7201999
vn 0.2112797 -0.6593203 -0.7215661
vn -0.07954555 -0.7674013 -0.6362137
vn -0.2572819 0.04545958 -0.9652665
vn -0.1684825 -0.1751072 -0.9700264
vn -0.1485128 -0.1843263 -0.9715801
vn -0.5908371 0.2674063 -0.7611869
vn -0.6150491 0.2181717 -0.7577043
vn -0.4705988 0.3793363 -0.7966434
vn -0.1485128 -0.1843263 -0.9715801
vn -0.1684825 -0.1751072 -0.9700264
vn -0.3135094 -0.3180791 -0.8947276
vn -0.2572819 0.04545958 -0.9652665
vn -0.1822271 0.3314577 -0.9257047
vn -0.1684825 -0.1751072 -0.9700264
vn -0.4705988 0.3793363 -0.7966434
vn 0.01968547 0.8132336 -0.5816044
vn 0.03418665 0.7955263 -0.6049539
vn 0.2112797 -0.6593203 -0.7215661
vn 0.1537147 -0.6765234 -0.7201999
vn -0.0265283 -0.7906212 -0.6117308
vn 0.2112797 -0.6593203 -0.7215661
vn -0.0265283 -0.7906212 -0.6117308
vn -0.0105944 -0.8004622 -0.5992897
vn -0.1485128 -0.1843263 -0.9715801
vn -0.3135094 -0.3180791 -0.8947276
vn -0.3190403 -0.3238638 -0.8906882
vn -0.3135094 -0.3180791 -0.8947276
vn -0.38125 -0.3907107 -0.8378506
vn -0.3190403 -0.3238638 -0.8906882
vn -0.1082775 -0.905393 -0.4105358
vn -0.0105944 -0.8004622 -0.5992897
vn -0.0265283 -0.7906212 -0.6117308
vn -0.5908371 0.2674063 -0.7611869
vn -0.4705988 0.3793363 -0.7966434
vn -0.4214366 0.4003061 -0.8137237
vn -0.4705988 0.3793363 -0.7966434
vn 0.03418665 0.7955263 -0.6049539
vn -0.4214366 0.4003061 -0.8137237
vn -0.6295929 0.77691 0.004869945
vn -0.6348776 0.7712036 0.0466436
vn -0.598511 0.8010466 0.01044713
vn 0.04508017 0.9978301 0.04798996
vn -0.542649 0.8398622 0.01279145
vn -0.598511 0.8010466 0.01044713
vn -0.2625166 0.5382982 0.8008246
vn -0.2687552 0.5119354 0.8159
vn -0.06150349 0.7099295 0.701582
vn -0.2625166 0.5382982 0.8008246
vn -0.2836057 0.4933002 0.8223276
vn -0.2290604 0.5282446 0.8176118
vn 0.3127756 -0.0006383323 0.9498268
vn 0.1515432 -0.120902 0.9810287
vn 0.1461831 -0.09297449 0.9848788
vn -0.08722285 0.578242 0.8111895
vn -0.2290604 0.5282446 0.8176118
vn -0.2836057 0.4933002 0.8223276
vn 0.2121625 -0.7992494 0.5623055
vn 0.348708 -0.6806831 0.6442618
vn 0.260347 -0.7100649 0.6542379
vn 0.2121625 -0.7992494 0.5623055
vn 0.3280956 -0.7690814 0.5485135
vn 0.348708 -0.6806831 0.6442618
vn -0.6171439 0.0006809748 0.7868499
vn -0.6170707 0.0006679841 0.7869074
vn -0.6171517 0.0006823161 0.7868439
vn -0.06492651 -0.0002929701 -0.9978901
vn -0.06459304 -0.0002402425 -0.9979117
vn -0.0646301 -0.0002461049 -0.9979093
vn 0.8846383 -0.0003676274 0.4662778
vn 0.8849994 -0.000451196 0.4655921
vn 0.8846098 -0.0003610169 0.466332
vn -0.5818648 -0.0003256716 0.8132855
vn -0.5827876 -0.000189595 0.8126246
vn -0.5827111 -0.0002008654 0.8126794
vn -0.5818648 -0.0003256716 0.8132855
vn -0.5827111 -0.0002008654 0.8126794
vn -0.5817883 -0.0003369442 0.8133402
vn -0.1885829 -0.000389344 -0.9820572
vn -0.189092 -0.0004518284 -0.9819593
vn -0.1890503 -0.0004467166 -0.9819673
vn 0.9793572 0.0008848968 0.2021356
vn 0.9792489 0.0009355187 0.2026593
vn 0.9793646 0.0008814216 0.2020997
vn 0.02015429 -0.2189863 0.9755198
vn 0.003211453 -0.4904908 0.8714405
vn 0.01172429 -0.2917351 0.9564273
vn 0.02015429 -0.2189863 0.9755198
vn 0.01624656 -0.4853254 0.8741827
vn 0.003211453 -0.4904908 0.8714405
vn 0.01624656 -0.4853254 0.8741827
vn -0.01040805 -0.5248399 0.8511373
vn 0.003211453 -0.4904908 0.8714405
vn -0.2430076 0.4219775 0.8734314
vn 0.1010913 0.4037449 0.9092693
vn -0.2420503 0.4139744 0.8775175
vn -0.2430076 0.4219775 0.8734314
vn 0.1636335 0.3568203 0.9197301
vn 0.1010913 0.4037449 0.9092693
vn 0.1310301 0.4896544 0.8620149
vn 0.1364868 0.4880449 0.8620809
vn 0.2220066 0.4729147 0.8526809
vn 0.1636335 0.3568203 0.9197301
vn 0.2220066 0.4729147 0.8526809
vn 0.1010913 0.4037449 0.9092693
vn 0.1636335 0.3568203 0.9197301
vn 0.2463377 0.4755771 0.8444786
vn 0.2220066 0.4729147 0.8526809
vn 0.2463377 0.4755771 0.8444786
vn 0.1310301 0.4896544 0.8620149
vn 0.2220066 0.4729147 0.8526809
vn -0.02015278 -0.2189859 0.9755199
vn 0.02941556 0.002093309 0.9995651
vn -0.01172267 -0.2917346 0.9564275
vn -0.02015278 -0.2189859 0.9755199
vn -0.01172267 -0.2917346 0.9564275
vn -0.003211545 -0.4904914 0.8714402
vn -0.01624656 -0.4853261 0.8741823
vn -0.003211545 -0.4904914 0.8714402
vn 0.0104072 -0.5248399 0.8511373
vn 0.7728843 -0.5681821 0.2825227
vn 0.7784458 -0.6272401 0.02433338
vn 0.6009434 -0.7844067 0.1535359
vn 0.5929734 -0.7007368 0.3966744
vn 0.7728843 -0.5681821 0.2825227
vn 0.6009434 -0.7844067 0.1535359
vn 0.8890482 -0.4508031 0.07981232
vn 0.7784458 -0.6272401 0.02433338
vn 0.7728843 -0.5681821 0.2825227
vn 0.5929734 -0.7007368 0.3966744
vn 0.6540064 -0.5393862 0.5304133
vn 0.7728843 -0.5681821 0.2825227
vn 0.895013 -0.3512788 0.2748725
vn 0.8890482 -0.4508031 0.07981232
vn 0.7728843 -0.5681821 0.2825227
vn 0.7866209 -0.4035509 0.4673053
vn 0.7728843 -0.5681821 0.2825227
vn 0.6540064 -0.5393862 0.5304133
vn 0.895013 -0.3512788 0.2748725
vn 0.7728843 -0.5681821 0.2825227
vn 0.7866209 -0.4035509 0.4673053
vn -0.7768382 -0.5595734 0.2887906
vn -0.6222942 -0.7646957 0.1673034
vn -0.787499 -0.6155686 0.03034326
vn -0.5961751 -0.6917686 0.4074696
vn -0.6222942 -0.7646957 0.1673034
vn -0.7768382 -0.5595734 0.2887906
vn -0.8954541 -0.4371269 0.08415551
vn -0.7768382 -0.5595734 0.2887906
vn -0.787499 -0.6155686 0.03034326
vn -0.5961751 -0.6917686 0.4074696
vn -0.7768382 -0.5595734 0.2887906
vn -0.6569412 -0.5281217 0.5380667
vn -0.899214 -0.3386766 0.2769703
vn -0.7768382 -0.5595734 0.2887906
vn -0.8954541 -0.4371269 0.08415551
vn -0.7907006 -0.3915037 0.4706565
vn -0.6569412 -0.5281217 0.5380667
vn -0.7768382 -0.5595734 0.2887906
vn -0.899214 -0.3386766 0.2769703
vn -0.7907006 -0.3915037 0.4706565
vn -0.7768382 -0.5595734 0.2887906
vn -0.06307704 -0.9964908 0.05502253
vn -8.627101E-07 -0.999575 -0.02915421
vn -0.08862561 -0.9960375 -0.00739588
vn -0.02720291 -0.9911778 0.1297175
vn -8.627101E-07 -0.999575 -0.02915421
vn -0.06307704 -0.9964908 0.05502253
vn -0.08862561 -0.9960375 -0.00739588
vn -8.627101E-07 -0.999575 -0.02915421
vn -0.08485366 -0.9948215 -0.0559479
vn -1.902215E-06 -0.9933676 0.1149817
vn -8.627101E-07 -0.999575 -0.02915421
vn -0.02720291 -0.9911778 0.1297175
vn -0.08485366 -0.9948215 -0.0559479
vn -8.627101E-07 -0.999575 -0.02915421
vn -0.04939103 -0.9883063 -0.1442609
vn -0.04939103 -0.9883063 -0.1442609
vn -8.627101E-07 -0.999575 -0.02915421
vn -0.01035785 -0.9804876 -0.196308
vn 0.06307629 -0.9964911 0.05501701
vn -8.627101E-07 -0.999575 -0.02915421
vn 0.02736667 -0.9910904 0.1303496
vn 0.08862441 -0.9960377 -0.007397873
vn -8.627101E-07 -0.999575 -0.02915421
vn 0.06307629 -0.9964911 0.05501701
vn -5.874474E-06 -0.9817725 -0.1900599
vn -8.627101E-07 -0.999575 -0.02915421
vn 0.01035562 -0.9804892 -0.1963
vn 0.08485206 -0.9948215 -0.05594984
vn -8.627101E-07 -0.999575 -0.02915421
vn 0.08862441 -0.9960377 -0.007397873
vn 0.04939155 -0.9883063 -0.1442607
vn -8.627101E-07 -0.999575 -0.02915421
vn 0.08485206 -0.9948215 -0.05594984
vn 0.01035562 -0.9804892 -0.1963
vn -8.627101E-07 -0.999575 -0.02915421
vn 0.04939155 -0.9883063 -0.1442607
vn 0.814941 -0.1993661 -0.5441731
vn 0.7977374 -0.3109293 -0.5166606
vn 0.8510487 -0.26546 -0.4530421
vn -0.8103099 -0.2100202 -0.5470735
vn -0.9028937 -0.115188 -0.4141433
vn -0.8406535 -0.2969776 -0.4528864
vn -0.3931518 -0.8018143 -0.4500283
vn -0.4624612 -0.6170257 -0.6367174
vn -0.8406535 -0.2969776 -0.4528864
vn 0.2412447 0.3904421 0.8884571
vn 0.2503635 0.4043547 0.8796678
vn 0.005802749 0.2013689 0.9794983
vn 0.6022948 -0.7943439 -0.07911307
vn 0.5452358 -0.8333222 -0.09106087
vn 0.6113673 -0.7711567 -0.1776159
vn 0.5452358 -0.8333222 -0.09106087
vn 0.5795577 -0.8146793 0.02026006
vn 0.6113673 -0.7711567 -0.1776159
vn -0.1380215 -0.1450431 -0.9797513
vn -0.1168857 -0.185195 -0.9757257
vn -0.1459566 -0.1419565 -0.9790531
vn 0.2759068 0.2021073 -0.9396957
vn 0.3057043 0.1833567 -0.9343047
vn 0.2947224 0.1898689 -0.9365301
vn 0.6013969 0.7944584 0.084603
vn 0.5683008 0.8204633 0.06224314
vn 0.6328739 0.7668827 0.1065908
vn 0.2420474 0.05291485 0.9688205
vn 1.278458E-05 0.1141206 0.9934669
vn 0.2481762 -0.06183156 0.9667396
vn 1.278458E-05 0.1141206 0.9934669
vn -0.2246279 -0.007357357 0.9744169
vn -0.2420469 0.05291478 0.9688206
vn -0.2200595 -0.07145984 0.9728655
vn 3.04736E-05 -0.1669574 0.9859642
vn 4.749418E-08 -0.002932402 0.9999957
vn 0.2200583 -0.07145934 0.9728658
vn 0.2592266 -0.002296039 0.9658138
vn 4.749418E-08 -0.002932402 0.9999957
vn 5.768905E-06 -0.002298221 -0.9999974
vn -0.2741105 -0.0031232 -0.9616932
vn -2.565584E-07 -0.002588951 -0.9999967
vn -0.5287817 0.3299288 0.7820083
vn -0.541729 0.3242806 0.7754816
vn -0.5371481 0.3327334 0.7750874
vn 0.4393205 0.04344651 0.8972791
vn 0.2189045 0.3858846 0.8961997
vn 0.2872933 0.3925443 0.8737114
vn 0.07839345 0.6906766 0.7189022
vn 0.2189045 0.3858846 0.8961997
vn 0.01839987 0.7210055 0.692685
vn 0.2780008 0.4647064 -0.8406923
vn 0.1799578 0.3896143 -0.9032254
vn 0.2467682 0.5662776 -0.7864066
vn 0.1076546 0.9934936 0.03716198
vn 0.1077859 0.9934799 0.03714726
vn 0.09450173 0.9951659 0.02672387
vn -0.1077626 0.9934825 0.03714429
vn -0.09452219 0.9951642 0.02671751
vn -0.1078525 0.9934732 0.03713421
vn -0.09452219 0.9951642 0.02671751
vn -0.09707931 0.9948641 0.02865288
vn -0.1078525 0.9934732 0.03713421
vn -0.07839678 0.6906724 0.7189058
vn -0.2189085 0.3858824 0.8961997
vn -0.289004 0.390724 0.8739631
vn 0.5287775 0.3299292 0.7820109
vn 0.4223143 0.07631633 0.9032312
vn 0.5371432 0.3327339 0.7750905
vn -0.3596826 0.0395159 -0.9322376
vn -0.2572819 0.04545958 -0.9652665
vn -0.3795499 -0.04861282 -0.9238933
vn 4.553824E-05 -0.1745865 -0.9846418
vn -0.2733411 -0.2662032 -0.9243487
vn -3.725938E-05 -0.261363 -0.9652406
vn 0.7911689 -0.1559596 -0.5913783
vn 0.8597692 0.00689174 -0.5106364
vn 0.8168108 -0.09437869 -0.5691335
vn 0.5742747 -0.1558685 -0.8036875
vn 0.7911689 -0.1559596 -0.5913783
vn 0.8168108 -0.09437869 -0.5691335
vn -1.124266E-06 -0.9722101 -0.2341102
vn -0.124076 -0.9319995 -0.3405615
vn 4.41333E-06 -0.9801506 -0.1982545
vn 0.8510487 -0.26546 -0.4530421
vn 0.5396345 -0.1621236 -0.826142
vn 0.7982129 -0.4102831 -0.4410487
vn 0.9008428 -0.1157904 -0.4184196
vn 0.8510487 -0.26546 -0.4530421
vn 0.9809035 -0.1164502 -0.1557811
vn -0.5358506 -0.1261519 -0.8348352
vn -0.4730307 -0.06248731 -0.8788273
vn -0.8406535 -0.2969776 -0.4528864
vn -0.8872442 -0.4495849 -0.1033018
vn -0.8386132 -0.4796474 -0.2581981
vn -0.9404477 -0.2908886 -0.1759036
vn -0.6466186 -0.7471992 -0.153551
vn -0.7995303 -0.5767257 -0.1677461
vn -0.5992036 -0.7902533 -0.1282762
vn -0.7982273 -0.5541863 -0.2360317
vn -0.7995303 -0.5767257 -0.1677461
vn -0.6466186 -0.7471992 -0.153551
vn -0.9028937 -0.115188 -0.4141433
vn -0.9809061 -0.1164427 -0.1557704
vn -0.8406535 -0.2969776 -0.4528864
vn -0.9028937 -0.115188 -0.4141433
vn -0.9798819 0.01510674 -0.1990055
vn -0.9809061 -0.1164427 -0.1557704
vn -0.9798819 0.01510674 -0.1990055
vn -0.9930695 -0.1147918 -0.02521598
vn -0.9809061 -0.1164427 -0.1557704
vn -0.9404477 -0.2908886 -0.1759036
vn -0.8406535 -0.2969776 -0.4528864
vn -0.9809061 -0.1164427 -0.1557704
vn -0.9692067 -0.2460265 -0.010455
vn -0.9404477 -0.2908886 -0.1759036
vn -0.9809061 -0.1164427 -0.1557704
vn -0.820987 0.5480827 0.1599557
vn -0.8836436 0.2332836 0.4058976
vn -0.8874163 0.3528752 0.2965998
vn -0.06827405 -0.9962717 -0.0527392
vn 0.001592384 -0.9709463 -0.2392925
vn -7.780337E-07 -0.9716281 -0.2365141
vn 1.490571E-06 -0.6708814 -0.7415648
vn 0.1735605 -0.6717938 -0.720118
vn -7.066979E-07 -0.6761661 -0.7367492
vn 0.06825075 -0.9962737 -0.05273091
vn 0.02345517 -0.9760432 0.2163089
vn -7.616926E-06 -0.9847623 0.1739058
vn -0.04508582 0.9978298 0.04798885
vn 0.5964586 0.8025737 0.01061138
vn 0.5407281 0.8410984 0.01291159
vn 0.2619069 0.5385184 0.8008763
vn 0.06150584 0.7099332 0.7015782
vn 0.2681428 0.5120074 0.8160563
vn 0.04113718 -0.143466 0.9887999
vn 0.1715004 -0.113727 0.9785979
vn 0.102086 -0.0363087 0.9941128
vn -0.2806413 -0.02146675 -0.9595727
vn -0.3596826 0.0395159 -0.9322376
vn -0.3795499 -0.04861282 -0.9238933
vn -0.6295929 0.77691 0.004869945
vn -0.598511 0.8010466 0.01044713
vn -0.542649 0.8398622 0.01279145
vn 0.04508017 0.9978301 0.04798996
vn 0.04598133 0.997716 0.04948333
vn -0.542649 0.8398622 0.01279145
vn -0.2625166 0.5382982 0.8008246
vn -0.2290604 0.5282446 0.8176118
vn -0.2687552 0.5119354 0.8159
vn 0.1461831 -0.09297449 0.9848788
vn -0.05696649 -0.1397723 0.9885436
vn -0.0838329 -0.1811682 0.9798725
vn -0.02885099 0.2043623 0.9784701
vn 0.005802749 0.2013689 0.9794983
vn 0.02941556 0.002093309 0.9995651
vn -0.02015278 -0.2189859 0.9755199
vn -0.003211545 -0.4904914 0.8714402
vn -0.01624656 -0.4853261 0.8741823
vn 0.02736667 -0.9910904 0.1303496
vn -8.627101E-07 -0.999575 -0.02915421
vn -1.902215E-06 -0.9933676 0.1149817
vn -0.01035785 -0.9804876 -0.196308
vn -8.627101E-07 -0.999575 -0.02915421
vn -5.874474E-06 -0.9817725 -0.1900599
vn -0.5022891 0.1943619 -0.8425729
vn -0.5022891 0.1943619 -0.8425729
vn -0.5022891 0.1943619 -0.8425729
vn 0.7138947 0.5187021 0.4704278
vn 0.6972939 0.6208667 0.358198
vn 0.6843038 0.6279913 0.3706147
vn 0.980923 0.1942098 0.008527487
vn 0.9830431 0.1772845 -0.04686647
vn 0.9878623 0.1049191 -0.1145422
vn 0.9878623 0.1049191 -0.1145422
vn 0.9830431 0.1772845 -0.04686647
vn 0.9961007 -0.05259555 -0.0708318
vn 0.9878623 0.1049191 -0.1145422
vn 0.9961007 -0.05259555 -0.0708318
vn 0.9926145 -0.119424 -0.02131842
vn -0.5531541 -0.8284826 -0.08739076
vn -0.4121706 -0.9091197 0.06014045
vn -0.5871353 -0.7906399 -0.1736687
vn -0.284507 0.1999709 -0.9375859
vn -0.2721019 0.2072493 -0.9396852
vn -0.2979032 0.1997244 -0.9334688
vn -0.2420469 0.05291478 0.9688206
vn -0.2921735 0.07697118 0.9532629
vn -0.2481756 -0.06183079 0.9667398
vn 0.497022 0.01921723 0.8675252
vn 0.4393205 0.04344651 0.8972791
vn 0.4723753 -0.03564605 0.8806764
vn 0.4723753 -0.03564605 0.8806764
vn 0.4393205 0.04344651 0.8972791
vn 0.2872933 0.3925443 0.8737114
vn 0.1799578 0.3896143 -0.9032254
vn 0.1822264 0.3314572 -0.925705
vn 0.2467682 0.5662776 -0.7864066
vn 0.1822264 0.3314572 -0.925705
vn 0.4876627 0.5406502 -0.6854797
vn 0.2467682 0.5662776 -0.7864066
vn -0.4772513 -0.02659393 0.8783644
vn -0.289004 0.390724 0.8739631
vn -0.4389977 0.04535795 0.8973426
vn -0.9510737 -0.0924693 0.294802
vn -0.9532381 -0.07555527 0.2926236
vn -0.9532381 -0.07555524 0.2926236
vn -0.8845093 -0.1093554 0.4535248
vn -0.9603951 -0.002121891 0.2786336
vn -0.8863326 -0.1792804 0.4269346
vn -0.4389977 0.04535795 0.8973426
vn -0.4050125 -0.01513292 0.9141859
vn -0.4935806 0.02633074 0.8693014
vn -0.4935806 0.02633074 0.8693014
vn -0.4772513 -0.02659393 0.8783644
vn -0.4389977 0.04535795 0.8973426
vn 0.646619 -0.7471979 -0.1535551
vn 0.4159556 -0.8934079 -0.1697157
vn 0.5992031 -0.7902529 -0.1282809
vn 0.7982229 -0.5541897 -0.2360383
vn 0.79953 -0.5767254 -0.167749
vn 0.8386109 -0.4796495 -0.2582017
vn 0.8386109 -0.4796495 -0.2582017
vn 0.7982129 -0.4102831 -0.4410487
vn 0.6951874 -0.5705227 -0.4372853
vn 0.7982229 -0.5541897 -0.2360383
vn 0.8386109 -0.4796495 -0.2582017
vn 0.6951874 -0.5705227 -0.4372853
vn 0.4785349 -0.3327391 -0.8125817
vn 0.6951874 -0.5705227 -0.4372853
vn 0.7982129 -0.4102831 -0.4410487
vn 0.8386109 -0.4796495 -0.2582017
vn 0.79953 -0.5767254 -0.167749
vn 0.887244 -0.4495851 -0.103302
vn 0.8386109 -0.4796495 -0.2582017
vn 0.9404485 -0.2908813 -0.1759113
vn 0.7982129 -0.4102831 -0.4410487
vn 0.9404485 -0.2908813 -0.1759113
vn 0.9809035 -0.1164502 -0.1557811
vn 0.8510487 -0.26546 -0.4530421
vn 0.9404485 -0.2908813 -0.1759113
vn 0.8510487 -0.26546 -0.4530421
vn 0.7982129 -0.4102831 -0.4410487
vn 0.887244 -0.4495851 -0.103302
vn 0.9404485 -0.2908813 -0.1759113
vn 0.8386109 -0.4796495 -0.2582017
vn 0.969207 -0.2460255 -0.01045667
vn 0.9809035 -0.1164502 -0.1557811
vn 0.9404485 -0.2908813 -0.1759113
vn 0.969207 -0.2460255 -0.01045667
vn 0.9928339 -0.1168413 -0.02508038
vn 0.9809035 -0.1164502 -0.1557811
vn 0.887244 -0.4495851 -0.103302
vn 0.969207 -0.2460255 -0.01045667
vn 0.9404485 -0.2908813 -0.1759113
vn -0.9404477 -0.2908886 -0.1759036
vn -0.7990849 -0.410205 -0.4395398
vn -0.8406535 -0.2969776 -0.4528864
vn -0.5358506 -0.1261519 -0.8348352
vn -0.8406535 -0.2969776 -0.4528864
vn -0.7990849 -0.410205 -0.4395398
vn -0.478278 -0.3350013 -0.8118031
vn -0.527981 -0.3004493 -0.7943339
vn -0.7990849 -0.410205 -0.4395398
vn -0.3381332 -0.8452403 -0.4138053
vn -0.262152 -0.8616193 -0.4346131
vn -0.4487495 -0.8085534 -0.3806117
vn -0.8386132 -0.4796474 -0.2581981
vn -0.7990849 -0.410205 -0.4395398
vn -0.9404477 -0.2908886 -0.1759036
vn -0.8386132 -0.4796474 -0.2581981
vn -0.6951917 -0.5705226 -0.4372784
vn -0.7990849 -0.410205 -0.4395398
vn -0.7982273 -0.5541863 -0.2360317
vn -0.6951917 -0.5705226 -0.4372784
vn -0.8386132 -0.4796474 -0.2581981
vn -0.478278 -0.3350013 -0.8118031
vn -0.7990849 -0.410205 -0.4395398
vn -0.6951917 -0.5705226 -0.4372784
vn -0.8874163 0.3528752 0.2965998
vn -0.8647834 0.1685946 0.4729964
vn -0.8408672 0.313722 0.4410453
vn -0.8647834 0.1685946 0.4729964
vn -0.8448455 0.3028928 0.4410126
vn -0.8408672 0.313722 0.4410453
vn 0.06825075 -0.9962737 -0.05273091
vn -6.974036E-06 -0.9997717 -0.02136906
vn -7.780337E-07 -0.9716281 -0.2365141
vn -0.06827405 -0.9962717 -0.0527392
vn -7.780337E-07 -0.9716281 -0.2365141
vn -6.974036E-06 -0.9997717 -0.02136906
vn 0.06825075 -0.9962737 -0.05273091
vn -7.616926E-06 -0.9847623 0.1739058
vn -6.974036E-06 -0.9997717 -0.02136906
vn -0.06827405 -0.9962717 -0.0527392
vn -6.974036E-06 -0.9997717 -0.02136906
vn -7.616926E-06 -0.9847623 0.1739058
vn -0.9349731 -0.3503286 0.05563542
vn -0.948286 -0.3080806 -0.07642052
vn -0.9403434 -0.3208542 0.1131679
vn -0.9694574 0.2427542 -0.03496928
vn -0.9694574 0.2427542 -0.0349693
vn -0.9694574 0.2427542 -0.03496929
vn -0.5520879 0.3924858 0.7356316
vn -0.5520882 0.3924854 0.7356316
vn -0.552088 0.3924857 0.7356317
vn -0.6305119 0.4663876 -0.6204333
vn -0.6305119 0.4663876 -0.6204332
vn -0.630512 0.4663874 -0.6204332
vn -0.2625166 0.5382982 0.8008246
vn -0.06150349 0.7099295 0.701582
vn -0.1118551 0.7383821 0.6650416
vn 0.3280956 -0.7690814 0.5485135
vn 0.2121625 -0.7992494 0.5623055
vn -0.2441191 -0.8906837 0.3835212
vn -0.05696649 -0.1397723 0.9885436
vn -0.1049924 0.01416169 0.9943722
vn -0.1906643 -0.08157982 0.9782596
vn -0.0838329 -0.1811682 0.9798725
vn -0.05696649 -0.1397723 0.9885436
vn -0.1906643 -0.08157982 0.9782596
vn -0.2458309 -0.8893098 0.3856102
vn 0.3280956 -0.7690814 0.5485135
vn -0.2441191 -0.8906837 0.3835212
vn -0.6171439 0.0006809748 0.7868499
vn -0.617063 0.00066656 0.7869135
vn -0.6170707 0.0006679841 0.7869074
vn -0.06492651 -0.0002929701 -0.9978901
vn -0.0646301 -0.0002461049 -0.9979093
vn -0.06496359 -0.0002988078 -0.9978876
vn 0.8846383 -0.0003676274 0.4662778
vn 0.8850278 -0.0004578035 0.4655379
vn 0.8849994 -0.000451196 0.4655921
vn -0.1885829 -0.000389344 -0.9820572
vn -0.1890503 -0.0004467166 -0.9819673
vn -0.1885412 -0.0003842022 -0.9820652
vn 0.9793572 0.0008848968 0.2021356
vn 0.9792414 0.0009390319 0.2026952
vn 0.9792489 0.0009355187 0.2026593
vn 0.02015429 -0.2189863 0.9755198
vn -0.02941501 0.002092074 0.9995651
vn -0.03980827 0.0354302 0.998579
vn 0.02015429 -0.2189863 0.9755198
vn 0.01172429 -0.2917351 0.9564273
vn -0.02941501 0.002092074 0.9995651
vn 0.02885468 0.2043599 0.9784704
vn -0.03980827 0.0354302 0.998579
vn -0.02941501 0.002092074 0.9995651
vn 0.02885468 0.2043599 0.9784704
vn -0.02941501 0.002092074 0.9995651
vn -0.005799877 0.2013685 0.9794984
vn -0.2420503 0.4139744 0.8775175
vn 0.02885468 0.2043599 0.9784704
vn -0.005799877 0.2013685 0.9794984
vn -0.02015278 -0.2189859 0.9755199
vn 0.03980847 0.03543034 0.998579
vn 0.02941556 0.002093309 0.9995651
vn -0.02885099 0.2043623 0.9784701
vn 0.02941556 0.002093309 0.9995651
vn 0.03980847 0.03543034 0.998579
vn -0.1440751 -0.09477449 0.9850179
vn 0.06717656 -0.1732775 0.9825794
vn 0.04113718 -0.143466 0.9887999
vn 0.06717656 -0.1732775 0.9825794
vn 0.1715004 -0.113727 0.9785979
vn 0.04113718 -0.143466 0.9887999
vn 0.1461831 -0.09297449 0.9848788
vn 0.1515432 -0.120902 0.9810287
vn -0.05696649 -0.1397723 0.9885436
vt 0.1037598 0.609375
vt 0.1166382 0.6176758
vt 0.09979248 0.6147461
vt 0.1166382 0.6176758
vt 0.09710693 0.6088867
vt 0.09979248 0.6147461
vt 0.1166382 0.6176758
vt 0.09710693 0.6088867
vt 0.1037598 0.609375
vt 0.1166382 0.6176758
vt 0.09979248 0.6147461
vt 0.09710693 0.6088867
vt 0.09979248 0.6147461
vt 0.1166382 0.6176758
vt 0.09710693 0.6088867
vt 0.1166382 0.6176758
vt 0.1037598 0.609375
vt 0.09710693 0.6088867
vt 0.1037598 0.609375
vt 0.1166382 0.6176758
vt 0.09710693 0.6088867
vt 0.9194336 0.824707
vt 0.9394531 0.8535156
vt 0.9350586 0.8251953
vt 0.9672852 0.8969727
vt 0.9443359 0.8969727
vt 0.9521484 0.9526367
vt 0.9443359 0.8544922
vt 0.9692383 0.855957
vt 0.9594727 0.8413086
vt 0.9443359 0.840332
vt 0.9443359 0.8544922
vt 0.9594727 0.8413086
vt 0.9692383 0.855957
vt 0.9790039 0.8520508
vt 0.9594727 0.8413086
vt 0.9692383 0.855957
vt 0.9882813 0.8569336
vt 0.9790039 0.8520508
vt 0.9970703 0.9233398
vt 0.9672852 0.8969727
vt 0.9521484 0.9526367
vt 0.9936523 0.9575195
vt 0.9970703 0.9233398
vt 0.9521484 0.9526367
vt 0.9160156 0.921875
vt 0.9067383 0.9160156
vt 0.8867188 0.9335938
vt 0.9067383 0.9160156
vt 0.8735352 0.9155273
vt 0.8867188 0.9335938
vt 0.9067383 0.9160156
vt 0.8823242 0.9052734
vt 0.8735352 0.9155273
vt 0.8271484 0.8286133
vt 0.831543 0.8427734
vt 0.8203125 0.8466797
vt 0.8271484 0.8286133
vt 0.8203125 0.8466797
vt 0.8144531 0.8364258
vt 0.8203125 0.8466797
vt 0.7861328 0.8505859
vt 0.8144531 0.8364258
vt 0.7832031 0.8354492
vt 0.8168945 0.8256836
vt 0.8144531 0.8364258
vt 0.7963867 0.8793945
vt 0.7939453 0.8642578
vt 0.8203125 0.8466797
vt 0.7963867 0.8793945
vt 0.8203125 0.8466797
vt 0.8286133 0.8525391
vt 0.7958984 0.8974609
vt 0.8256836 0.8901367
vt 0.8325195 0.8964844
vt 0.847168 0.921875
vt 0.831543 0.9228516
vt 0.8325195 0.8964844
vt 0.847168 0.921875
vt 0.8325195 0.8964844
vt 0.8461914 0.8969727
vt 0.8466797 0.9536133
vt 0.831543 0.9228516
vt 0.847168 0.921875
vt 0.8466797 0.9536133
vt 0.8291016 0.9550781
vt 0.831543 0.9228516
vt 0.8291016 0.9550781
vt 0.7954102 0.9399414
vt 0.831543 0.9228516
vt 0.8466797 0.9667969
vt 0.8291016 0.9550781
vt 0.8466797 0.9536133
vt 0.8466797 0.9667969
vt 0.828125 0.96875
vt 0.8291016 0.9550781
vt 0.7949219 0.9741211
vt 0.7954102 0.9399414
vt 0.8291016 0.9550781
vt 0.7202148 0.878418
vt 0.7495117 0.887207
vt 0.7055664 0.9130859
vt 0.7397461 0.9746094
vt 0.706543 0.9716797
vt 0.7055664 0.9130859
vt 0.706543 0.9716797
vt 0.6577148 0.9375
vt 0.7055664 0.9130859
vt 0.7075195 0.8457031
vt 0.6865234 0.8500977
vt 0.6757813 0.8330078
vt 0.6704102 0.8476563
vt 0.6694336 0.8354492
vt 0.6757813 0.8330078
vt 0.6757813 0.8330078
vt 0.6694336 0.8354492
vt 0.6757813 0.8134766
vt 0.6757813 0.8330078
vt 0.6757813 0.8134766
vt 0.6865234 0.8139648
vt 0.7075195 0.8457031
vt 0.6757813 0.8330078
vt 0.7104492 0.8330078
vt 0.7104492 0.8330078
vt 0.6757813 0.8330078
vt 0.6865234 0.8139648
vt 0.7216797 0.8291016
vt 0.71875 0.8413086
vt 0.7104492 0.8330078
vt 0.7026367 0.8144531
vt 0.7216797 0.8291016
vt 0.7104492 0.8330078
vt 0.7104492 0.8330078
vt 0.6865234 0.8139648
vt 0.7026367 0.8144531
vt 0.7026367 0.8144531
vt 0.7119141 0.8100586
vt 0.7216797 0.8291016
vt 0.6855469 0.8037109
vt 0.7026367 0.8144531
vt 0.6865234 0.8139648
vt 0.6855469 0.8037109
vt 0.703125 0.8022461
vt 0.7026367 0.8144531
vt 0.1376953 0.6586914
vt 0.09356689 0.6074219
vt 0.09356689 0.6586914
vt 0.1959229 0.6586914
vt 0.1376953 0.6074219
vt 0.1376953 0.6586914
vt 0.1959229 0.6586914
vt 0.1959229 0.6074219
vt 0.1376953 0.6074219
vt 0.1959229 0.6586914
vt 0.1376953 0.6074219
vt 0.1959229 0.6074219
vt 0.06848145 0.1951904
vt 0.0925293 0.1479492
vt 0.06848145 0.1696777
vt 0.01236725 0.1479492
vt 0.01236725 0.1696777
vt 0.06848145 0.1696777
vt 0.06848145 0.1479492
vt 0.01236725 0.1479492
vt 0.06848145 0.1696777
vt 0.06848145 0.1951904
vt 0.01236725 0.1696777
vt 0.06848145 0.1696777
vt 0.06848145 0.1951904
vt 0.06848145 0.1696777
vt 0.0925293 0.1479492
vt 0.08410645 0.1951904
vt 0.06848145 0.1951904
vt 0.0925293 0.1479492
vt 0.01795959 0.3798828
vt 0.002485275 0.3620605
vt 0.00422287 0.395752
vt 0.01795959 0.3798828
vt 0.0177002 0.3620605
vt 0.002485275 0.3620605
vt 0.0005917549 0.3193359
vt 0.01774597 0.3395996
vt 0.001132965 0.3395996
vt 0.001132965 0.3395996
vt 0.0177002 0.3620605
vt 0.002485275 0.3620605
vt 0.0177002 0.3620605
vt 0.00422287 0.395752
vt 0.002485275 0.3620605
vt 0.0177002 0.3620605
vt 0.01795959 0.3798828
vt 0.00422287 0.395752
vt 0.9194336 0.7070313
vt 0.9521484 0.5981445
vt 0.9951172 0.5703125
vt 0.9194336 0.7070313
vt 0.9951172 0.5703125
vt 0.9951172 0.7192383
vt 0.9951172 0.5703125
vt 0.9951172 0.7192383
vt 0.9951172 0.5703125
vt 0.9951172 0.5703125
vt 0.9194336 0.7070313
vt 0.9951172 0.7192383
vt 0.9951172 0.5703125
vt 0.9521484 0.5981445
vt 0.9194336 0.7070313
vt 0.9194336 0.7597656
vt 0.9951172 0.7192383
vt 0.9194336 0.7070313
vt 0.9194336 0.7597656
vt 0.9951172 0.7631836
vt 0.9951172 0.7192383
vt 0.9951172 0.7631836
vt 0.9194336 0.7070313
vt 0.9951172 0.7192383
vt 0.9951172 0.7631836
vt 0.9194336 0.7597656
vt 0.9194336 0.7070313
vt 0.9951172 0.8457031
vt 0.9194336 0.7597656
vt 0.9951172 0.7631836
vt 0.9389648 0.824707
vt 0.9951172 0.8457031
vt 0.9951172 0.7631836
vt 0.9951172 0.8457031
vt 0.9389648 0.824707
vt 0.9194336 0.7597656
vt 0.6328125 0.494873
vt 0.5722656 0.5004883
vt 0.5722656 0.4279785
vt 0.6328125 0.494873
vt 0.5722656 0.4279785
vt 0.6040039 0.423584
vt 0.6040039 0.423584
vt 0.5722656 0.4279785
vt 0.5722656 0.4143066
vt 0.597168 0.4008789
vt 0.6040039 0.423584
vt 0.5722656 0.4143066
vt 0.597168 0.4008789
vt 0.5722656 0.4143066
vt 0.5722656 0.4143066
vt 0.6040039 0.423584
vt 0.597168 0.4008789
vt 0.5722656 0.4143066
vt 0.5722656 0.4279785
vt 0.6040039 0.423584
vt 0.5722656 0.4143066
vt 0.5722656 0.4279785
vt 0.6328125 0.494873
vt 0.6040039 0.423584
vt 0.6030273 0.5341797
vt 0.6328125 0.494873
vt 0.5722656 0.5004883
vt 0.6030273 0.5341797
vt 0.5722656 0.5004883
vt 0.5722656 0.5341797
vt 0.5717773 0.5698242
vt 0.6030273 0.5341797
vt 0.5722656 0.5341797
vt 0.5717773 0.5698242
vt 0.5942383 0.6030273
vt 0.5717773 0.6030273
vt 0.5717773 0.5698242
vt 0.5942383 0.5698242
vt 0.5942383 0.6030273
vt 0.04702759 0.4726563
vt 0.02215576 0.4714355
vt 0.01885986 0.4428711
vt 0.04702759 0.4726563
vt 0.04702759 0.4204102
vt 0.01885986 0.4428711
vt 0.04702759 0.4726563
vt 0.01885986 0.4428711
vt 0.04702759 0.4204102
vt 0.006084442 0.5698242
vt 0.006084442 0.5444336
vt 0.0242157 0.5395508
vt 0.006084442 0.5698242
vt 0.03659058 0.5732422
vt 0.006084442 0.6015625
vt 0.006084442 0.6015625
vt 0.006084442 0.6015625
vt 0.02275085 0.5864258
vt 0.0553894 0.6645508
vt 0.005695343 0.6645508
vt 0.005695343 0.7133789
vt 0.0553894 0.6645508
vt 0.005695343 0.7133789
vt 0.0553894 0.7133789
vt 0.1026001 0.6645508
vt 0.0553894 0.6645508
vt 0.0553894 0.7133789
vt 0.1026001 0.6645508
vt 0.0553894 0.7133789
vt 0.1026001 0.7133789
vt 0.1480713 0.6645508
vt 0.1026001 0.6645508
vt 0.1026001 0.7133789
vt 0.1480713 0.6645508
vt 0.1026001 0.7133789
vt 0.1480713 0.7133789
vt 0.1953125 0.6645508
vt 0.1480713 0.6645508
vt 0.1480713 0.7133789
vt 0.1953125 0.6645508
vt 0.1480713 0.7133789
vt 0.1953125 0.7133789
vt 0.2406006 0.6645508
vt 0.1953125 0.6645508
vt 0.1953125 0.7133789
vt 0.2406006 0.6645508
vt 0.1953125 0.7133789
vt 0.2406006 0.7133789
vt 0.2939453 0.6640625
vt 0.2406006 0.6645508
vt 0.2406006 0.7133789
vt 0.2939453 0.6640625
vt 0.2406006 0.7133789
vt 0.2915039 0.7138672
vt 0.3364258 0.6640625
vt 0.2939453 0.6640625
vt 0.2915039 0.7138672
vt 0.3364258 0.6640625
vt 0.2915039 0.7138672
vt 0.3388672 0.7133789
vt 0.9189453 0.921875
vt 0.9443359 0.8969727
vt 0.9521484 0.9526367
vt 0.9692383 0.855957
vt 0.9594727 0.8413086
vt 0.9790039 0.8520508
vt 0.9936523 0.9575195
vt 0.9472656 0.9946289
vt 0.9521484 0.9526367
vt 0.9160156 0.921875
vt 0.8935547 0.9423828
vt 0.8867188 0.9335938
vt 0.9160156 0.921875
vt 0.8867188 0.9335938
vt 0.9067383 0.9160156
vt 0.9067383 0.9160156
vt 0.8867188 0.9335938
vt 0.8735352 0.9155273
vt 0.9067383 0.9160156
vt 0.8735352 0.9155273
vt 0.8823242 0.9052734
vt 0.8271484 0.8286133
vt 0.8203125 0.8466797
vt 0.831543 0.8427734
vt 0.8271484 0.8286133
vt 0.8144531 0.8364258
vt 0.8203125 0.8466797
vt 0.7832031 0.8354492
vt 0.7861328 0.8505859
vt 0.8144531 0.8364258
vt 0.7832031 0.8354492
vt 0.8144531 0.8364258
vt 0.8168945 0.8256836
vt 0.7963867 0.8793945
vt 0.8286133 0.8525391
vt 0.8203125 0.8466797
vt 0.7983398 0.887207
vt 0.7958984 0.8974609
vt 0.8256836 0.8901367
vt 0.7958984 0.8974609
vt 0.8325195 0.8964844
vt 0.8256836 0.8901367
vt 0.8325195 0.8964844
vt 0.7958984 0.8974609
vt 0.831543 0.9228516
vt 0.847168 0.921875
vt 0.8325195 0.8964844
vt 0.831543 0.9228516
vt 0.847168 0.921875
vt 0.8461914 0.8969727
vt 0.8325195 0.8964844
vt 0.8466797 0.9536133
vt 0.847168 0.921875
vt 0.831543 0.9228516
vt 0.8466797 0.9536133
vt 0.831543 0.9228516
vt 0.8291016 0.9550781
vt 0.8466797 0.9667969
vt 0.8466797 0.9536133
vt 0.8291016 0.9550781
vt 0.7949219 0.9741211
vt 0.828125 0.96875
vt 0.8291016 0.9550781
vt 0.7397461 0.9746094
vt 0.7495117 0.887207
vt 0.7055664 0.9130859
vt 0.706543 0.9716797
vt 0.6577148 0.9375
vt 0.6665039 0.96875
vt 0.6704102 0.8476563
vt 0.6865234 0.8500977
vt 0.6757813 0.8330078
vt 0.6704102 0.8476563
vt 0.6757813 0.8330078
vt 0.6694336 0.8354492
vt 0.6757813 0.8330078
vt 0.6757813 0.8134766
vt 0.6694336 0.8354492
vt 0.6757813 0.8330078
vt 0.6865234 0.8139648
vt 0.6757813 0.8134766
vt 0.7104492 0.8330078
vt 0.6865234 0.8139648
vt 0.6757813 0.8330078
vt 0.7075195 0.8457031
vt 0.7104492 0.8330078
vt 0.6757813 0.8330078
vt 0.7026367 0.8144531
vt 0.7104492 0.8330078
vt 0.7216797 0.8291016
vt 0.7104492 0.8330078
vt 0.7026367 0.8144531
vt 0.6865234 0.8139648
vt 0.7026367 0.8144531
vt 0.7216797 0.8291016
vt 0.7119141 0.8100586
vt 0.6855469 0.8037109
vt 0.6865234 0.8139648
vt 0.7026367 0.8144531
vt 0.6855469 0.8037109
vt 0.7026367 0.8144531
vt 0.703125 0.8022461
vt 0.006084442 0.5444336
vt 0.02108765 0.5058594
vt 0.0242157 0.5395508
vt 0.02108765 0.5058594
vt 0.04241943 0.5273438
vt 0.0242157 0.5395508
vt 0.01927185 0.4135742
vt 0.001296997 0.4572754
vt 0.01885986 0.4428711
vt 0.01927185 0.4135742
vt 0.01885986 0.4428711
vt 0.04702759 0.4204102
vt 0.01927185 0.4135742
vt 0.04702759 0.4204102
vt 0.04702759 0.4018555
vt 0.04702759 0.4204102
vt 0.01885986 0.4428711
vt 0.04702759 0.4018555
vt 0.01885986 0.4428711
vt 0.01927185 0.4135742
vt 0.04702759 0.4018555
vt 0.02215576 0.4714355
vt 0.01927185 0.4135742
vt 0.01885986 0.4428711
vt 0.2641602 0.4072266
vt 0.3012695 0.458252
vt 0.302002 0.4025879
vt 0.2641602 0.359375
vt 0.2641602 0.4072266
vt 0.302002 0.4025879
vt 0.2641602 0.359375
vt 0.3061523 0.3552246
vt 0.302002 0.4025879
vt 0.3061523 0.3552246
vt 0.302002 0.4025879
vt 0.3144531 0.4072266
vt 0.302002 0.4025879
vt 0.3122559 0.4570313
vt 0.3144531 0.4072266
vt 0.6240234 0.6357422
vt 0.6240234 0.609375
vt 0.5571289 0.6069336
vt 0.6240234 0.6357422
vt 0.5571289 0.6069336
vt 0.6240234 0.609375
vt 0.6240234 0.6357422
vt 0.5483398 0.6411133
vt 0.5571289 0.6069336
vt 0.5483398 0.6411133
vt 0.4980469 0.6259766
vt 0.5571289 0.6069336
vt 0.3061523 0.3552246
vt 0.3144531 0.4072266
vt 0.302002 0.4025879
vt 0.3061523 0.3552246
vt 0.3149414 0.364502
vt 0.3144531 0.4072266
vt 0.3149414 0.364502
vt 0.3642578 0.4035645
vt 0.3144531 0.4072266
vt 0.4196777 0.3574219
vt 0.463623 0.3571777
vt 0.4694824 0.3918457
vt 0.5180664 0.394043
vt 0.5175781 0.458252
vt 0.4694824 0.3918457
vt 0.5146484 0.3518066
vt 0.5180664 0.394043
vt 0.4694824 0.3918457
vt 0.6225586 0.3959961
vt 0.5673828 0.3527832
vt 0.5717773 0.3947754
vt 0.5146484 0.3518066
vt 0.463623 0.3571777
vt 0.4694824 0.3918457
vt 0.4196777 0.3574219
vt 0.4194336 0.3935547
vt 0.4694824 0.3918457
vt 0.4194336 0.3935547
vt 0.4697266 0.435791
vt 0.4694824 0.3918457
vt 0.3640137 0.8276367
vt 0.3640137 0.8828125
vt 0.4360352 0.8950195
vt 0.5947266 0.7080078
vt 0.5541992 0.7373047
vt 0.6015625 0.7226563
vt 0.3640137 0.7001953
vt 0.4248047 0.7348633
vt 0.3640137 0.7353516
vt 0.4360352 0.8950195
vt 0.4306641 0.8452148
vt 0.5117188 0.8242188
vt 0.3640137 0.8276367
vt 0.4306641 0.8452148
vt 0.4360352 0.8950195
vt 0.3640137 0.9394531
vt 0.4448242 0.9536133
vt 0.4462891 0.9980469
vt 0.3640137 0.9394531
vt 0.4462891 0.9980469
vt 0.3640137 0.9682617
vt 0.4462891 0.9980469
vt 0.3640137 0.9985352
vt 0.3640137 0.9682617
vt 0.3640137 0.9682617
vt 0.3640137 0.9985352
vt 0.4462891 0.9980469
vt 0.3640137 0.9394531
vt 0.3640137 0.9682617
vt 0.4462891 0.9980469
vt 0.4360352 0.8950195
vt 0.5117188 0.8242188
vt 0.5185547 0.8769531
vt 0.4448242 0.9536133
vt 0.4360352 0.8950195
vt 0.5185547 0.8769531
vt 0.4462891 0.9980469
vt 0.4448242 0.9536133
vt 0.5356445 0.9257813
vt 0.4448242 0.9536133
vt 0.5185547 0.8769531
vt 0.5356445 0.9257813
vt 0.5356445 0.9257813
vt 0.5185547 0.8769531
vt 0.5776367 0.8574219
vt 0.5776367 0.8574219
vt 0.5185547 0.8769531
vt 0.5117188 0.8242188
vt 0.5776367 0.8574219
vt 0.5117188 0.8242188
vt 0.5825195 0.824707
vt 0.3640137 0.9394531
vt 0.4462891 0.9980469
vt 0.4448242 0.9536133
vt 0.4360352 0.8950195
vt 0.3640137 0.9394531
vt 0.4448242 0.9536133
vt 0.4448242 0.9536133
vt 0.5185547 0.8769531
vt 0.4360352 0.8950195
vt 0.4360352 0.8950195
vt 0.5185547 0.8769531
vt 0.5117188 0.8242188
vt 0.4462891 0.9980469
vt 0.5356445 0.9257813
vt 0.4448242 0.9536133
vt 0.4448242 0.9536133
vt 0.5356445 0.9257813
vt 0.5185547 0.8769531
vt 0.4462891 0.9980469
vt 0.5556641 0.965332
vt 0.5356445 0.9257813
vt 0.4462891 0.9980469
vt 0.5356445 0.9257813
vt 0.5556641 0.965332
vt 0.5556641 0.965332
vt 0.6201172 0.9150391
vt 0.5356445 0.9257813
vt 0.5556641 0.965332
vt 0.5356445 0.9257813
vt 0.6201172 0.9150391
vt 0.5356445 0.9257813
vt 0.5776367 0.8574219
vt 0.6201172 0.9150391
vt 0.5356445 0.9257813
vt 0.5776367 0.8574219
vt 0.5185547 0.8769531
vt 0.5356445 0.9257813
vt 0.6201172 0.9150391
vt 0.5776367 0.8574219
vt 0.5776367 0.8574219
vt 0.5117188 0.8242188
vt 0.5185547 0.8769531
vt 0.6201172 0.9150391
vt 0.5776367 0.8574219
vt 0.65625 0.8344727
vt 0.6201172 0.9150391
vt 0.65625 0.8344727
vt 0.5776367 0.8574219
vt 0.5776367 0.8574219
vt 0.5825195 0.824707
vt 0.5117188 0.8242188
vt 0.65625 0.8344727
vt 0.5825195 0.824707
vt 0.5776367 0.8574219
vt 0.5825195 0.824707
vt 0.5058594 0.7714844
vt 0.5117188 0.8242188
vt 0.5776367 0.8574219
vt 0.6518555 0.7753906
vt 0.65625 0.8344727
vt 0.5776367 0.8574219
vt 0.5825195 0.824707
vt 0.6518555 0.7753906
vt 0.65625 0.8344727
vt 0.6518555 0.7753906
vt 0.5825195 0.824707
vt 0.6518555 0.7753906
vt 0.5791016 0.7836914
vt 0.5825195 0.824707
vt 0.6518555 0.7753906
vt 0.6308594 0.7568359
vt 0.5791016 0.7836914
vt 0.5825195 0.824707
vt 0.6308594 0.7568359
vt 0.6518555 0.7753906
vt 0.559082 0.7514648
vt 0.5058594 0.7714844
vt 0.5791016 0.7836914
vt 0.6308594 0.7568359
vt 0.559082 0.7514648
vt 0.5791016 0.7836914
vt 0.5541992 0.7373047
vt 0.5058594 0.7714844
vt 0.559082 0.7514648
vt 0.6015625 0.7226563
vt 0.5541992 0.7373047
vt 0.559082 0.7514648
vt 0.5825195 0.824707
vt 0.5791016 0.7836914
vt 0.6308594 0.7568359
vt 0.5825195 0.824707
vt 0.5058594 0.7714844
vt 0.5791016 0.7836914
vt 0.6308594 0.7568359
vt 0.6098633 0.7333984
vt 0.559082 0.7514648
vt 0.6015625 0.7226563
vt 0.559082 0.7514648
vt 0.6098633 0.7333984
vt 0.5791016 0.7836914
vt 0.6098633 0.7333984
vt 0.6308594 0.7568359
vt 0.6015625 0.7226563
vt 0.6098633 0.7333984
vt 0.559082 0.7514648
vt 0.5791016 0.7836914
vt 0.559082 0.7514648
vt 0.6098633 0.7333984
vt 0.9931641 0.3703613
vt 0.9248047 0.3911133
vt 0.9580078 0.3500977
vt 0.09729004 0.6088867
vt 0.09979248 0.6147461
vt 0.1037598 0.609375
vt 0.09979248 0.6147461
vt 0.1166382 0.6176758
vt 0.1037598 0.609375
vt 0.2147217 0.3864746
vt 0.2486572 0.3864746
vt 0.2486572 0.3586426
vt 0.2636719 0.5913086
vt 0.2486572 0.5786133
vt 0.2147217 0.5786133
vt 0.1813965 0.3586426
vt 0.1474609 0.2176514
vt 0.1474609 0.3605957
vt 0.1474609 0.3845215
vt 0.1813965 0.3586426
vt 0.1474609 0.3605957
vt 0.1474609 0.3605957
vt 0.1474609 0.2176514
vt 0.114563 0.2176514
vt 0.1474609 0.3605957
vt 0.114563 0.2176514
vt 0.114563 0.3605957
vt 0.1474609 0.3845215
vt 0.1474609 0.3605957
vt 0.114563 0.3605957
vt 0.114563 0.3605957
vt 0.114563 0.2176514
vt 0.0847168 0.2176514
vt 0.1813965 0.5786133
vt 0.2387695 0.6083984
vt 0.2147217 0.5786133
vt 0.114563 0.3605957
vt 0.0847168 0.2176514
vt 0.0847168 0.3605957
vt 0.0847168 0.2176514
vt 0.05117798 0.3605957
vt 0.0847168 0.3605957
vt 0.0847168 0.2176514
vt 0.05117798 0.2176514
vt 0.05117798 0.3605957
vt 0.05117798 0.3605957
vt 0.05117798 0.3845215
vt 0.0847168 0.3605957
vt 0.114563 0.3845215
vt 0.114563 0.3605957
vt 0.0847168 0.3605957
vt 0.114563 0.3845215
vt 0.1474609 0.3845215
vt 0.114563 0.3605957
vt 0.114563 0.407959
vt 0.1474609 0.3845215
vt 0.114563 0.3845215
vt 0.114563 0.407959
vt 0.0847168 0.3845215
vt 0.0847168 0.407959
vt 0.1474609 0.5786133
vt 0.1474609 0.3845215
vt 0.114563 0.407959
vt 0.1474609 0.5786133
vt 0.114563 0.407959
vt 0.114563 0.5786133
vt 0.114563 0.5786133
vt 0.114563 0.407959
vt 0.0847168 0.407959
vt 0.09381104 0.605957
vt 0.114563 0.605957
vt 0.114563 0.5786133
vt 0.1813965 0.605957
vt 0.1813965 0.5786133
vt 0.1474609 0.5786133
vt 0.2636719 0.5913086
vt 0.2387695 0.6083984
vt 0.2147217 0.5786133
vt 0.2387695 0.6083984
vt 0.1813965 0.5786133
vt 0.2147217 0.5786133
vt 0.09381104 0.605957
vt 0.08514404 0.5786133
vt 0.114563 0.5786133
vt 0.114563 0.5786133
vt 0.08514404 0.5786133
vt 0.0847168 0.407959
vt 0.1474609 0.5786133
vt 0.114563 0.605957
vt 0.114563 0.5786133
vt 0.1474609 0.3845215
vt 0.1813965 0.5786133
vt 0.1474609 0.5786133
vt 0.1813965 0.605957
vt 0.1474609 0.605957
vt 0.1474609 0.5786133
vt 0.114563 0.5786133
vt 0.0847168 0.407959
vt 0.114563 0.407959
vt 0.1474609 0.5786133
vt 0.114563 0.5786133
vt 0.114563 0.407959
vt 0.05117798 0.3845215
vt 0.0847168 0.3845215
vt 0.0847168 0.407959
vt 0.114563 0.407959
vt 0.0847168 0.3845215
vt 0.114563 0.3845215
vt 0.114563 0.3845215
vt 0.0847168 0.3845215
vt 0.0847168 0.3605957
vt 0.0847168 0.2176514
vt 0.0847168 0.3605957
vt 0.05117798 0.3605957
vt 0.114563 0.3605957
vt 0.0847168 0.3605957
vt 0.0847168 0.2176514
vt 0.114563 0.3845215
vt 0.0847168 0.3605957
vt 0.114563 0.3605957
vt 0.114563 0.3605957
vt 0.0847168 0.2176514
vt 0.114563 0.2176514
vt 0.1474609 0.3845215
vt 0.114563 0.3605957
vt 0.1474609 0.3605957
vt 0.1474609 0.3605957
vt 0.114563 0.3605957
vt 0.114563 0.2176514
vt 0.2147217 0.3864746
vt 0.2147217 0.3586426
vt 0.2486572 0.3586426
vt 0.3388672 0.7133789
vt 0.2883301 0.7700195
vt 0.3388672 0.7700195
vt 0.3388672 0.7133789
vt 0.2915039 0.7138672
vt 0.2883301 0.7700195
vt 0.2883301 0.7700195
vt 0.2915039 0.7138672
vt 0.2406006 0.7133789
vt 0.2406006 0.8549805
vt 0.2883301 0.8549805
vt 0.2883301 0.7700195
vt 0.2883301 0.7700195
vt 0.2406006 0.7133789
vt 0.2406006 0.7700195
vt 0.2406006 0.8549805
vt 0.2883301 0.7700195
vt 0.2406006 0.7700195
vt 0.2406006 0.7700195
vt 0.2406006 0.7133789
vt 0.1953125 0.7133789
vt 0.2406006 0.7700195
vt 0.1953125 0.7133789
vt 0.1953125 0.7700195
vt 0.2406006 0.8549805
vt 0.2406006 0.7700195
vt 0.1953125 0.7700195
vt 0.1953125 0.7700195
vt 0.1953125 0.7133789
vt 0.1480713 0.7133789
vt 0.1953125 0.7700195
vt 0.1480713 0.7133789
vt 0.1480713 0.7700195
vt 0.1480713 0.7700195
vt 0.1480713 0.7133789
vt 0.1026001 0.7133789
vt 0.1026001 0.7700195
vt 0.1480713 0.8549805
vt 0.1480713 0.7700195
vt 0.1026001 0.7700195
vt 0.1026001 0.7133789
vt 0.0553894 0.7133789
vt 0.0553894 0.7700195
vt 0.0553894 0.7133789
vt 0.005695343 0.7133789
vt 0.0553894 0.7700195
vt 0.005695343 0.7133789
vt 0.005695343 0.7700195
vt 0.0553894 0.8549805
vt 0.0553894 0.7700195
vt 0.005695343 0.7700195
vt 0.3120117 0.08947754
vt 0.3911133 0.1013794
vt 0.394043 0.008155823
vt 0.3911133 0.1013794
vt 0.4663086 0.00994873
vt 0.394043 0.008155823
vt 0.3911133 0.1013794
vt 0.3122559 0.184082
vt 0.3847656 0.1923828
vt 0.4663086 0.1063843
vt 0.3911133 0.1013794
vt 0.3847656 0.1923828
vt 0.3911133 0.1013794
vt 0.4663086 0.1063843
vt 0.4663086 0.00994873
vt 0.4663086 0.1063843
vt 0.3847656 0.1923828
vt 0.4663086 0.2009277
vt 0.4663086 0.2009277
vt 0.3847656 0.1923828
vt 0.3776855 0.3005371
vt 0.4663086 0.2009277
vt 0.3776855 0.3005371
vt 0.4663086 0.3029785
vt 0.4663086 0.2009277
vt 0.4663086 0.3029785
vt 0.5551758 0.3005371
vt 0.4663086 0.2009277
vt 0.5551758 0.3005371
vt 0.5478516 0.1923828
vt 0.4663086 0.1063843
vt 0.4663086 0.2009277
vt 0.5478516 0.1923828
vt 0.5551758 0.3005371
vt 0.6450195 0.2807617
vt 0.5478516 0.1923828
vt 0.5415039 0.1013794
vt 0.5385742 0.008155823
vt 0.4663086 0.00994873
vt 0.6206055 0.08947754
vt 0.6206055 0.01106262
vt 0.5385742 0.008155823
vt 0.03359985 0.3078613
vt 0.02145386 0.2089844
vt 0.04122925 0.2089844
vt 0.02101135 0.3078613
vt 0.02145386 0.2089844
vt 0.03359985 0.3078613
vt 0.9951172 0.8457031
vt 0.9951172 0.7685547
vt 0.9194336 0.765625
vt 0.9389648 0.824707
vt 0.9951172 0.7685547
vt 0.9951172 0.8457031
vt 0.9389648 0.824707
vt 0.9194336 0.765625
vt 0.9951172 0.7685547
vt 0.9951172 0.7685547
vt 0.9194336 0.7006836
vt 0.9194336 0.765625
vt 0.9194336 0.765625
vt 0.9951172 0.7128906
vt 0.9951172 0.7685547
vt 0.9951172 0.7685547
vt 0.9951172 0.7128906
vt 0.9194336 0.7006836
vt 0.9194336 0.765625
vt 0.9194336 0.7006836
vt 0.9951172 0.7128906
vt 0.9194336 0.7006836
vt 0.9951172 0.7128906
vt 0.9951172 0.5703125
vt 0.9194336 0.7006836
vt 0.9951172 0.5703125
vt 0.9521484 0.5981445
vt 0.9951172 0.5703125
vt 0.9951172 0.5703125
vt 0.9951172 0.7128906
vt 0.9951172 0.5703125
vt 0.9951172 0.7128906
vt 0.9194336 0.7006836
vt 0.9951172 0.5703125
vt 0.9194336 0.7006836
vt 0.9521484 0.5981445
vt 0.6328125 0.494873
vt 0.5722656 0.4279785
vt 0.5722656 0.5004883
vt 0.6328125 0.494873
vt 0.6040039 0.423584
vt 0.5722656 0.4279785
vt 0.5722656 0.4143066
vt 0.5722656 0.4279785
vt 0.6040039 0.423584
vt 0.597168 0.4008789
vt 0.5722656 0.4143066
vt 0.6040039 0.423584
vt 0.597168 0.4008789
vt 0.5722656 0.4143066
vt 0.5722656 0.4143066
vt 0.5722656 0.4143066
vt 0.597168 0.4008789
vt 0.6040039 0.423584
vt 0.5722656 0.4279785
vt 0.5722656 0.4143066
vt 0.6040039 0.423584
vt 0.5722656 0.4279785
vt 0.6328125 0.494873
vt 0.5722656 0.5004883
vt 0.6030273 0.5341797
vt 0.5722656 0.5341797
vt 0.5722656 0.5004883
vt 0.5717773 0.6030273
vt 0.5942383 0.5698242
vt 0.5942383 0.6030273
vt 0.5942383 0.5698242
vt 0.6191406 0.6030273
vt 0.5942383 0.6030273
vt 0.5717773 0.5698242
vt 0.5717773 0.6030273
vt 0.5942383 0.6030273
vt 0.04702759 0.4726563
vt 0.02215576 0.4714355
vt 0.01885986 0.4428711
vt 0.04702759 0.4726563
vt 0.01885986 0.4428711
vt 0.04702759 0.4204102
vt 0.04702759 0.4726563
vt 0.04702759 0.4204102
vt 0.01885986 0.4428711
vt 0.006084442 0.5698242
vt 0.006084442 0.6015625
vt 0.006084442 0.6015625
vt 0.006084442 0.6015625
vt 0.02275085 0.5864258
vt 0.006084442 0.6015625
vt 0.006084442 0.6015625
vt 0.006084442 0.5698242
vt 0.02275085 0.5864258
vt 0.006084442 0.5698242
vt 0.03659058 0.5732422
vt 0.02275085 0.5864258
vt 0.006084442 0.5444336
vt 0.02108765 0.5058594
vt 0.006084442 0.5009766
vt 0.0553894 0.6645508
vt 0.0553894 0.7133789
vt 0.005695343 0.7133789
vt 0.1026001 0.6645508
vt 0.1026001 0.7133789
vt 0.0553894 0.7133789
vt 0.1480713 0.6645508
vt 0.1480713 0.7133789
vt 0.1026001 0.7133789
vt 0.1953125 0.6645508
vt 0.1953125 0.7133789
vt 0.1480713 0.7133789
vt 0.2406006 0.6645508
vt 0.2406006 0.7133789
vt 0.1953125 0.7133789
vt 0.2939453 0.6640625
vt 0.2915039 0.7138672
vt 0.2406006 0.7133789
vt 0.3364258 0.6640625
vt 0.3388672 0.7133789
vt 0.2915039 0.7138672
vt 0.01927185 0.4135742
vt 0.04702759 0.4204102
vt 0.01885986 0.4428711
vt 0.01927185 0.4135742
vt 0.04702759 0.4018555
vt 0.04702759 0.4204102
vt 0.04702759 0.4204102
vt 0.04702759 0.4018555
vt 0.01885986 0.4428711
vt 0.01885986 0.4428711
vt 0.04702759 0.4018555
vt 0.01927185 0.4135742
vt 0.02215576 0.4714355
vt 0.01885986 0.4428711
vt 0.01927185 0.4135742
vt 0.001296997 0.4572754
vt 0.02215576 0.4714355
vt 0.01927185 0.4135742
vt 0.9580078 0.3500977
vt 0.878418 0.3503418
vt 0.9248047 0.3911133
vt 0.9931641 0.3703613
vt 0.9580078 0.3500977
vt 0.9248047 0.3911133
vt 0.9931641 0.3703613
vt 0.9931641 0.3352051
vt 0.9580078 0.3500977
vt 0.9580078 0.3500977
vt 0.9931641 0.3352051
vt 0.9931641 0.2978516
vt 0.9931641 0.4099121
vt 0.9931641 0.3703613
vt 0.9248047 0.3911133
vt 0.3388672 0.7700195
vt 0.3388672 0.8549805
vt 0.2883301 0.7700195
vt 0.3388672 0.7133789
vt 0.3388672 0.7700195
vt 0.2883301 0.7700195
vt 0.3388672 0.7133789
vt 0.2883301 0.7700195
vt 0.2915039 0.7138672
vt 0.2883301 0.7700195
vt 0.2406006 0.7133789
vt 0.2915039 0.7138672
vt 0.2883301 0.7700195
vt 0.2406006 0.7700195
vt 0.2406006 0.7133789
vt 0.2406006 0.8549805
vt 0.2406006 0.7700195
vt 0.2883301 0.7700195
vt 0.2406006 0.7700195
vt 0.1953125 0.7133789
vt 0.2406006 0.7133789
vt 0.2406006 0.7700195
vt 0.1953125 0.7700195
vt 0.1953125 0.7133789
vt 0.2406006 0.8549805
vt 0.1953125 0.7700195
vt 0.2406006 0.7700195
vt 0.1953125 0.7700195
vt 0.1480713 0.7133789
vt 0.1953125 0.7133789
vt 0.2406006 0.8549805
vt 0.1953125 0.8549805
vt 0.1953125 0.7700195
vt 0.1953125 0.7700195
vt 0.1480713 0.7700195
vt 0.1480713 0.7133789
vt 0.1953125 0.7700195
vt 0.1480713 0.8549805
vt 0.1480713 0.7700195
vt 0.1480713 0.7700195
vt 0.1026001 0.7133789
vt 0.1480713 0.7133789
vt 0.1480713 0.7700195
vt 0.1026001 0.7700195
vt 0.1026001 0.7133789
vt 0.1026001 0.7700195
vt 0.0553894 0.7133789
vt 0.1026001 0.7133789
vt 0.1026001 0.7700195
vt 0.0553894 0.7700195
vt 0.0553894 0.7133789
vt 0.0553894 0.7700195
vt 0.005695343 0.7133789
vt 0.0553894 0.7133789
vt 0.0553894 0.7700195
vt 0.005695343 0.7700195
vt 0.005695343 0.7133789
vt 0.0553894 0.8549805
vt 0.005695343 0.8549805
vt 0.005695343 0.7700195
vt 0.4660645 0.6474609
vt 0.5444336 0.6914063
vt 0.5581055 0.6459961
vt 0.4660645 0.6474609
vt 0.5581055 0.6459961
vt 0.5444336 0.6914063
vt 0.5883789 0.6787109
vt 0.5581055 0.6459961
vt 0.5444336 0.6914063
vt 0.5883789 0.6787109
vt 0.5444336 0.6914063
vt 0.5581055 0.6459961
vt 0.6289063 0.6445313
vt 0.5883789 0.6787109
vt 0.5581055 0.6459961
vt 0.3640137 0.7744141
vt 0.345459 0.7387695
vt 0.345459 0.7714844
vt 0.3640137 0.9682617
vt 0.3640137 0.9394531
vt 0.3410645 0.9355469
vt 0.3640137 0.9682617
vt 0.3410645 0.9355469
vt 0.3337402 0.9658203
vt 0.3640137 0.9682617
vt 0.3337402 0.9658203
vt 0.3337402 0.9985352
vt 0.3640137 0.9985352
vt 0.3640137 0.9682617
vt 0.3337402 0.9985352
vt 0.3640137 0.9985352
vt 0.3337402 0.9985352
vt 0.3640137 0.9682617
vt 0.3640137 0.9682617
vt 0.3337402 0.9985352
vt 0.3337402 0.9658203
vt 0.3640137 0.9682617
vt 0.3337402 0.9658203
vt 0.3410645 0.9355469
vt 0.3640137 0.8828125
vt 0.3640137 0.9394531
vt 0.3410645 0.9355469
vt 0.345459 0.8798828
vt 0.3640137 0.8828125
vt 0.3410645 0.9355469
vt 0.345459 0.8212891
vt 0.3640137 0.8828125
vt 0.345459 0.8798828
vt 0.345459 0.7714844
vt 0.3640137 0.8276367
vt 0.345459 0.8212891
vt 0.3640137 0.7744141
vt 0.345459 0.7387695
vt 0.3640137 0.7353516
vt 0.7832031 0.8354492
vt 0.8144531 0.8364258
vt 0.7861328 0.8505859
vt 0.8203125 0.8466797
vt 0.7939453 0.8642578
vt 0.7861328 0.8505859
vt 0.8325195 0.8964844
vt 0.831543 0.9228516
vt 0.7958984 0.8974609
vt 0.831543 0.9228516
vt 0.7954102 0.9399414
vt 0.7958984 0.8974609
vt 0.7949219 0.9741211
vt 0.8291016 0.9550781
vt 0.828125 0.96875
vt 0.7397461 0.9746094
vt 0.7055664 0.9130859
vt 0.7495117 0.887207
vt 0.6704102 0.8476563
vt 0.6757813 0.8330078
vt 0.6865234 0.8500977
vt 0.7104492 0.8330078
vt 0.71875 0.8413086
vt 0.7075195 0.8457031
vt 0.1376953 0.6586914
vt 0.1376953 0.6074219
vt 0.09356689 0.6074219
vt 0.06848145 0.1951904
vt 0.06848145 0.1696777
vt 0.01236725 0.1696777
vt 0.06848145 0.1479492
vt 0.06848145 0.1696777
vt 0.01236725 0.1479492
vt 0.01236725 0.1479492
vt 0.06848145 0.1696777
vt 0.01236725 0.1696777
vt 0.001132965 0.3395996
vt 0.01774597 0.3395996
vt 0.0177002 0.3620605
vt 0.9389648 0.824707
vt 0.9951172 0.7631836
vt 0.9194336 0.7597656
vt 0.5722656 0.4279785
vt 0.5722656 0.5004883
vt 0.6328125 0.494873
vt 0.0242157 0.5395508
vt 0.03659058 0.5732422
vt 0.006084442 0.5698242
vt 0.006084442 0.5698242
vt 0.006084442 0.6015625
vt 0.006084442 0.6015625
vt 0.9521484 0.9526367
vt 0.9160156 0.921875
vt 0.9189453 0.921875
vt 0.8203125 0.8466797
vt 0.8144531 0.8364258
vt 0.7861328 0.8505859
vt 0.8466797 0.9667969
vt 0.8291016 0.9550781
vt 0.828125 0.96875
vt 0.706543 0.9716797
vt 0.7055664 0.9130859
vt 0.6577148 0.9375
vt 0.7397461 0.9746094
vt 0.7055664 0.9130859
vt 0.706543 0.9716797
vt 0.7075195 0.8457031
vt 0.6757813 0.8330078
vt 0.6865234 0.8500977
vt 0.2641602 0.359375
vt 0.302002 0.4025879
vt 0.2641602 0.4072266
vt 0.5146484 0.3518066
vt 0.4694824 0.3918457
vt 0.463623 0.3571777
vt 0.5717773 0.3947754
vt 0.5673828 0.3527832
vt 0.5146484 0.3518066
vt 0.4196777 0.3574219
vt 0.4694824 0.3918457
vt 0.463623 0.3571777
vt 0.4360352 0.8950195
vt 0.4448242 0.9536133
vt 0.3640137 0.9394531
vt 0.4360352 0.8950195
vt 0.3640137 0.8828125
vt 0.3640137 0.9394531
vt 0.2147217 0.5786133
vt 0.2486572 0.3864746
vt 0.2147217 0.3864746
vt 0.2147217 0.5786133
vt 0.2486572 0.5786133
vt 0.2486572 0.3864746
vt 0.2636719 0.5913086
vt 0.2147217 0.5786133
vt 0.2387695 0.6083984
vt 0.114563 0.3845215
vt 0.0847168 0.3605957
vt 0.0847168 0.3845215
vt 0.05117798 0.3845215
vt 0.0847168 0.407959
vt 0.0847168 0.3845215
vt 0.114563 0.407959
vt 0.114563 0.3845215
vt 0.0847168 0.3845215
vt 0.0847168 0.3605957
vt 0.05117798 0.3845215
vt 0.0847168 0.3845215
vt 0.1474609 0.3845215
vt 0.1474609 0.5786133
vt 0.1813965 0.5786133
vt 0.1474609 0.5786133
vt 0.114563 0.5786133
vt 0.114563 0.605957
vt 0.09381104 0.605957
vt 0.114563 0.5786133
vt 0.114563 0.605957
vt 0.1474609 0.5786133
vt 0.1474609 0.605957
vt 0.114563 0.605957
vt 0.1813965 0.605957
vt 0.1474609 0.5786133
vt 0.1813965 0.5786133
vt 0.1474609 0.5786133
vt 0.114563 0.407959
vt 0.1474609 0.3845215
vt 0.114563 0.407959
vt 0.0847168 0.407959
vt 0.0847168 0.3845215
vt 0.114563 0.407959
vt 0.114563 0.3845215
vt 0.1474609 0.3845215
vt 0.0847168 0.3605957
vt 0.0847168 0.3845215
vt 0.05117798 0.3845215
vt 0.05117798 0.3605957
vt 0.0847168 0.3605957
vt 0.05117798 0.3845215
vt 0.114563 0.3845215
vt 0.114563 0.3605957
vt 0.1474609 0.3845215
vt 0.1953125 0.7700195
vt 0.1480713 0.7700195
vt 0.1480713 0.8549805
vt 0.1480713 0.7700195
vt 0.1026001 0.7133789
vt 0.1026001 0.7700195
vt 0.1026001 0.7700195
vt 0.0553894 0.7133789
vt 0.0553894 0.7700195
vt 0.1026001 0.7700195
vt 0.0553894 0.7700195
vt 0.0553894 0.8549805
vt 0.3911133 0.1013794
vt 0.3120117 0.08947754
vt 0.3122559 0.184082
vt 0.5415039 0.1013794
vt 0.4663086 0.00994873
vt 0.4663086 0.1063843
vt 0.4663086 0.1063843
vt 0.5478516 0.1923828
vt 0.5415039 0.1013794
vt 0.6206055 0.08947754
vt 0.5385742 0.008155823
vt 0.5415039 0.1013794
vt 0.5722656 0.4279785
vt 0.6040039 0.423584
vt 0.6328125 0.494873
vt 0.6030273 0.5341797
vt 0.5722656 0.5004883
vt 0.6328125 0.494873
vt 0.1026001 0.6645508
vt 0.0553894 0.7133789
vt 0.0553894 0.6645508
vt 0.1480713 0.6645508
vt 0.1026001 0.7133789
vt 0.1026001 0.6645508
vt 0.1953125 0.6645508
vt 0.1480713 0.7133789
vt 0.1480713 0.6645508
vt 0.2406006 0.6645508
vt 0.1953125 0.7133789
vt 0.1953125 0.6645508
vt 0.2939453 0.6640625
vt 0.2406006 0.7133789
vt 0.2406006 0.6645508
vt 0.3364258 0.6640625
vt 0.2915039 0.7138672
vt 0.2939453 0.6640625
vt 0.1953125 0.7700195
vt 0.1953125 0.8549805
vt 0.1480713 0.8549805
vt 0.1026001 0.7700195
vt 0.1480713 0.7700195
vt 0.1480713 0.8549805
vt 0.1026001 0.7700195
vt 0.0553894 0.8549805
vt 0.0553894 0.7700195
vt 0.0553894 0.8549805
vt 0.005695343 0.7700195
vt 0.0553894 0.7700195
vt 0.6289063 0.6445313
vt 0.5581055 0.6459961
vt 0.5883789 0.6787109
vt 0.3640137 0.9682617
vt 0.3410645 0.9355469
vt 0.3640137 0.9394531
vt 0.345459 0.8212891
vt 0.3640137 0.8276367
vt 0.3640137 0.8828125
vt 0.345459 0.7714844
vt 0.3640137 0.7744141
vt 0.3640137 0.8276367
vt 0.130249 0.007606506
vt 0.02435303 0.007606506
vt 0.02435303 0.02244568
vt 0.8530273 0.8144531
vt 0.8354492 0.796875
vt 0.8579102 0.894043
vt 0.8530273 0.8144531
vt 0.8579102 0.894043
vt 0.8354492 0.796875
vt 0.09979248 0.6147461
vt 0.09710693 0.6088867
vt 0.1166382 0.6176758
vt 0.1037598 0.609375
vt 0.09710693 0.6088867
vt 0.1166382 0.6176758
vt 0.130249 0.007606506
vt 0.02435303 0.02244568
vt 0.02435303 0.007606506
vt 0.02435303 0.02244568
vt 0.009262085 0.07861328
vt 0.009262085 0.02244568
vt 0.02435303 0.02244568
vt 0.02435303 0.07861328
vt 0.009262085 0.07861328
vt 0.009262085 0.1368408
vt 0.009262085 0.07861328
vt 0.02435303 0.07861328
vt 0.009262085 0.1368408
vt 0.02435303 0.07861328
vt 0.02435303 0.1368408
vt 0.009262085 0.1368408
vt 0.02435303 0.1368408
vt 0.02435303 0.07861328
vt 0.009262085 0.1368408
vt 0.02435303 0.07861328
vt 0.009262085 0.07861328
vt 0.02435303 0.02244568
vt 0.009262085 0.07861328
vt 0.02435303 0.07861328
vt 0.02435303 0.02244568
vt 0.009262085 0.02244568
vt 0.009262085 0.07861328
vt 0.1037598 0.609375
vt 0.09979248 0.6147461
vt 0.1166382 0.6176758
vt 0.8530273 0.8144531
vt 0.8579102 0.894043
vt 0.8354492 0.796875
vt 0.8530273 0.8144531
vt 0.8354492 0.796875
vt 0.8579102 0.894043
vt 0.984375 0.4760742
vt 0.9760742 0.4680176
vt 0.9677734 0.4760742
vt 0.984375 0.4760742
vt 0.9760742 0.4680176
vt 0.9677734 0.4760742
vt 0.9194336 0.824707
vt 0.9174805 0.8554688
vt 0.9394531 0.8535156
vt 0.9174805 0.8554688
vt 0.9394531 0.8793945
vt 0.9394531 0.8535156
vt 0.9174805 0.8554688
vt 0.9179688 0.8769531
vt 0.9394531 0.8793945
vt 0.9394531 0.8793945
vt 0.9174805 0.894043
vt 0.9443359 0.8969727
vt 0.9394531 0.8793945
vt 0.9179688 0.8769531
vt 0.9174805 0.894043
vt 0.9189453 0.921875
vt 0.9521484 0.9526367
vt 0.9443359 0.8969727
vt 0.9521484 0.9526367
vt 0.9189453 0.921875
vt 0.9160156 0.921875
vt 0.9443359 0.8969727
vt 0.9174805 0.894043
vt 0.9189453 0.921875
vt 0.9692383 0.8779297
vt 0.9443359 0.8969727
vt 0.9672852 0.8969727
vt 0.9692383 0.8779297
vt 0.9443359 0.8789063
vt 0.9443359 0.8969727
vt 0.9692383 0.855957
vt 0.9443359 0.8544922
vt 0.9443359 0.8789063
vt 0.9692383 0.855957
vt 0.9443359 0.8789063
vt 0.9692383 0.8779297
vt 0.9941406 0.8764648
vt 0.9882813 0.8569336
vt 0.9692383 0.855957
vt 0.9941406 0.8764648
vt 0.9692383 0.855957
vt 0.9692383 0.8779297
vt 0.9946289 0.8969727
vt 0.9941406 0.8764648
vt 0.9692383 0.8779297
vt 0.9946289 0.8969727
vt 0.9692383 0.8779297
vt 0.9672852 0.8969727
vt 0.9970703 0.9233398
vt 0.9946289 0.8969727
vt 0.9672852 0.8969727
vt 0.9936523 0.9575195
vt 0.9472656 0.9946289
vt 0.9770508 0.9902344
vt 0.9521484 0.9526367
vt 0.9160156 0.921875
vt 0.9243164 0.9604492
vt 0.9472656 0.9946289
vt 0.9243164 0.9604492
vt 0.918457 0.9785156
vt 0.918457 0.9785156
vt 0.9243164 0.9604492
vt 0.9082031 0.9648438
vt 0.9160156 0.921875
vt 0.9082031 0.9648438
vt 0.9243164 0.9604492
vt 0.8935547 0.9423828
vt 0.9082031 0.9648438
vt 0.9160156 0.921875
vt 0.9160156 0.921875
vt 0.8867188 0.9335938
vt 0.8935547 0.9423828
vt 0.7832031 0.8354492
vt 0.7861328 0.8505859
vt 0.7680664 0.8588867
vt 0.7832031 0.8354492
vt 0.7680664 0.8588867
vt 0.7695313 0.8378906
vt 0.7202148 0.878418
vt 0.7495117 0.8652344
vt 0.7495117 0.887207
vt 0.7695313 0.8378906
vt 0.7680664 0.8588867
vt 0.7495117 0.8652344
vt 0.7519531 0.8422852
vt 0.7495117 0.8652344
vt 0.7202148 0.878418
vt 0.7695313 0.8378906
vt 0.7495117 0.8652344
vt 0.7519531 0.8422852
vt 0.7758789 0.8740234
vt 0.7680664 0.8588867
vt 0.7861328 0.8505859
vt 0.7495117 0.8652344
vt 0.7680664 0.8588867
vt 0.7758789 0.8740234
vt 0.7495117 0.8652344
vt 0.7758789 0.8740234
vt 0.7495117 0.887207
vt 0.7758789 0.8740234
vt 0.7861328 0.8505859
vt 0.7939453 0.8642578
vt 0.7856445 0.8823242
vt 0.7758789 0.8740234
vt 0.7939453 0.8642578
vt 0.7856445 0.8823242
vt 0.7939453 0.8642578
vt 0.7963867 0.8793945
vt 0.7758789 0.8847656
vt 0.7495117 0.887207
vt 0.7758789 0.8740234
vt 0.7758789 0.8847656
vt 0.7758789 0.8740234
vt 0.7856445 0.8823242
vt 0.7519531 0.8422852
vt 0.7202148 0.878418
vt 0.7255859 0.8564453
vt 0.7202148 0.878418
vt 0.71875 0.8413086
vt 0.7255859 0.8564453
vt 0.7519531 0.8422852
vt 0.7255859 0.8564453
vt 0.7319336 0.8432617
vt 0.7255859 0.8564453
vt 0.71875 0.8413086
vt 0.7319336 0.8432617
vt 0.7758789 0.8847656
vt 0.7675781 0.8964844
vt 0.7495117 0.887207
vt 0.7758789 0.8847656
vt 0.7836914 0.8867188
vt 0.7675781 0.8964844
vt 0.7836914 0.8867188
vt 0.7958984 0.8974609
vt 0.7675781 0.8964844
vt 0.7836914 0.8867188
vt 0.7983398 0.887207
vt 0.7958984 0.8974609
vt 0.7983398 0.887207
vt 0.8256836 0.8901367
vt 0.7958984 0.8974609
vt 0.7397461 0.9746094
vt 0.7495117 0.887207
vt 0.765625 0.9360352
vt 0.765625 0.9360352
vt 0.7495117 0.887207
vt 0.7675781 0.8964844
vt 0.765625 0.9360352
vt 0.7675781 0.8964844
vt 0.7958984 0.8974609
vt 0.765625 0.9360352
vt 0.7958984 0.8974609
vt 0.7954102 0.9399414
vt 0.7636719 0.9755859
vt 0.7954102 0.9399414
vt 0.7949219 0.9741211
vt 0.7397461 0.9746094
vt 0.765625 0.9360352
vt 0.7636719 0.9755859
vt 0.7636719 0.9755859
vt 0.765625 0.9360352
vt 0.7954102 0.9399414
vt 0.7915039 0.9892578
vt 0.7949219 0.9741211
vt 0.828125 0.96875
vt 0.7915039 0.9892578
vt 0.828125 0.96875
vt 0.8276367 0.9887695
vt 0.7685547 0.9912109
vt 0.7949219 0.9741211
vt 0.7915039 0.9892578
vt 0.7685547 0.9912109
vt 0.7636719 0.9755859
vt 0.7949219 0.9741211
vt 0.746582 0.9921875
vt 0.7636719 0.9755859
vt 0.7685547 0.9912109
vt 0.706543 0.9716797
vt 0.7397461 0.9746094
vt 0.746582 0.9921875
vt 0.746582 0.9921875
vt 0.7397461 0.9746094
vt 0.7636719 0.9755859
vt 0.6665039 0.96875
vt 0.7050781 0.9912109
vt 0.6650391 0.9892578
vt 0.706543 0.9716797
vt 0.6665039 0.96875
vt 0.6577148 0.9375
vt 0.7055664 0.9130859
vt 0.675293 0.8955078
vt 0.7202148 0.878418
vt 0.7055664 0.9130859
vt 0.6577148 0.9375
vt 0.675293 0.8955078
vt 0.6499023 0.8891602
vt 0.675293 0.8955078
vt 0.6577148 0.9375
vt 0.7202148 0.878418
vt 0.675293 0.8955078
vt 0.6801758 0.875
vt 0.6499023 0.8891602
vt 0.6801758 0.875
vt 0.675293 0.8955078
vt 0.6865234 0.8500977
vt 0.7075195 0.8457031
vt 0.6801758 0.875
vt 0.6704102 0.8476563
vt 0.6865234 0.8500977
vt 0.6625977 0.8662109
vt 0.6625977 0.8662109
vt 0.6865234 0.8500977
vt 0.6801758 0.875
vt 0.6625977 0.8662109
vt 0.6801758 0.875
vt 0.6499023 0.8891602
vt 0.71875 0.8413086
vt 0.7133789 0.8652344
vt 0.7075195 0.8457031
vt 0.7202148 0.878418
vt 0.7133789 0.8652344
vt 0.71875 0.8413086
vt 0.7202148 0.878418
vt 0.6801758 0.875
vt 0.7133789 0.8652344
vt 0.6801758 0.875
vt 0.7075195 0.8457031
vt 0.7133789 0.8652344
vt 0.1959229 0.6586914
vt 0.1376953 0.6586914
vt 0.1376953 0.6074219
vt 0.1376953 0.6586914
vt 0.09356689 0.6074219
vt 0.1376953 0.6074219
vt 0.1376953 0.6586914
vt 0.09356689 0.6586914
vt 0.09356689 0.6074219
vt 0.6240234 0.04180908
vt 0.6601563 0.2486572
vt 0.6591797 0.03662109
vt 0.6240234 0.04180908
vt 0.640625 0.277832
vt 0.6601563 0.2486572
vt 0.5551758 0.284668
vt 0.640625 0.277832
vt 0.6240234 0.04180908
vt 0.5551758 0.284668
vt 0.6240234 0.04180908
vt 0.5522461 0.0559082
vt 0.4658203 0.06433105
vt 0.5551758 0.284668
vt 0.5522461 0.0559082
vt 0.4658203 0.06433105
vt 0.4658203 0.2792969
vt 0.5551758 0.284668
vt 0.4658203 0.06433105
vt 0.3764648 0.284668
vt 0.4658203 0.2792969
vt 0.4658203 0.06433105
vt 0.3796387 0.0559082
vt 0.3764648 0.284668
vt 0.3764648 0.284668
vt 0.3796387 0.0559082
vt 0.3076172 0.04180908
vt 0.3764648 0.284668
vt 0.3076172 0.04180908
vt 0.2912598 0.277832
vt 0.3076172 0.04180908
vt 0.2717285 0.2486572
vt 0.2912598 0.277832
vt 0.3076172 0.04180908
vt 0.2727051 0.03662109
vt 0.2717285 0.2486572
vt 0.08410645 0.1951904
vt 0.0925293 0.1479492
vt 0.06848145 0.1951904
vt 0.01236725 0.1951904
vt 0.06848145 0.1951904
vt 0.01236725 0.1696777
vt 0.01236725 0.1951904
vt 0.01236725 0.1696777
vt 0.06848145 0.1951904
vt 0.02435303 0.02244568
vt 0.130249 0.02244568
vt 0.130249 0.007606506
vt 0.130249 0.02244568
vt 0.02435303 0.02244568
vt 0.02435303 0.07861328
vt 0.130249 0.02244568
vt 0.02435303 0.07861328
vt 0.130249 0.07861328
vt 0.130249 0.07861328
vt 0.02435303 0.07861328
vt 0.02435303 0.1368408
vt 0.130249 0.07861328
vt 0.02435303 0.1368408
vt 0.130249 0.1368408
vt 0.130249 0.1368408
vt 0.02435303 0.1368408
vt 0.06500244 0.07861328
vt 0.06500244 0.07861328
vt 0.130249 0.07861328
vt 0.130249 0.1368408
vt 0.02435303 0.1368408
vt 0.02435303 0.07861328
vt 0.06500244 0.07861328
vt 0.130249 0.02244568
vt 0.06500244 0.07861328
vt 0.02435303 0.07861328
vt 0.130249 0.02244568
vt 0.130249 0.07861328
vt 0.06500244 0.07861328
vt 0.130249 0.02244568
vt 0.02435303 0.07861328
vt 0.02435303 0.02244568
vt 0.02435303 0.02244568
vt 0.130249 0.007606506
vt 0.130249 0.02244568
vt 0.03359985 0.3078613
vt 0.04122925 0.2089844
vt 0.02145386 0.2089844
vt 0.02101135 0.3078613
vt 0.03359985 0.3078613
vt 0.02145386 0.2089844
vt 0.008415222 0.3078613
vt 0.02101135 0.3078613
vt 0.02145386 0.2089844
vt 0.008415222 0.3078613
vt 0.02145386 0.2089844
vt 0.01933289 0.2089844
vt 0.001132965 0.3395996
vt 0.002485275 0.3620605
vt 0.0177002 0.3620605
vt 0.04052734 0.3620605
vt 0.0177002 0.3620605
vt 0.01795959 0.3798828
vt 0.04052734 0.3620605
vt 0.01795959 0.3798828
vt 0.04052734 0.3811035
vt 0.0177002 0.3620605
vt 0.04052734 0.3620605
vt 0.04180908 0.3395996
vt 0.0177002 0.3620605
vt 0.04180908 0.3395996
vt 0.01776123 0.3395996
vt 0.001132965 0.3395996
vt 0.0177002 0.3620605
vt 0.01776123 0.3395996
vt 0.0005917549 0.3193359
vt 0.001132965 0.3395996
vt 0.01776123 0.3395996
vt 0.01780701 0.3193359
vt 0.01776123 0.3395996
vt 0.04180908 0.3395996
vt 0.0005917549 0.3193359
vt 0.01776123 0.3395996
vt 0.01780701 0.3193359
vt 0.0005917549 0.3193359
vt 0.01780701 0.3193359
vt 0.01774597 0.3395996
vt 0.04330444 0.3193359
vt 0.01780701 0.3193359
vt 0.04180908 0.3395996
vt 0.04330444 0.3193359
vt 0.04180908 0.3395996
vt 0.01780701 0.3193359
vt 0.0177002 0.3620605
vt 0.01774597 0.3395996
vt 0.04180908 0.3395996
vt 0.01774597 0.3395996
vt 0.01780701 0.3193359
vt 0.04180908 0.3395996
vt 0.0177002 0.3620605
vt 0.04180908 0.3395996
vt 0.04052734 0.3620605
vt 0.0177002 0.3620605
vt 0.04052734 0.3620605
vt 0.04052734 0.3811035
vt 0.0177002 0.3620605
vt 0.04052734 0.3811035
vt 0.01795959 0.3798828
vt 0.2218018 0.210083
vt 0.2218018 0.1845703
vt 0.2218018 0.1578369
vt 0.2218018 0.1381836
vt 0.2218018 0.210083
vt 0.2218018 0.1578369
vt 0.2218018 0.1381836
vt 0.2218018 0.210083
vt 0.2218018 0.1381836
vt 0.2218018 0.1381836
vt 0.2218018 0.210083
vt 0.2218018 0.210083
vt 0.2218018 0.1578369
vt 0.2218018 0.210083
vt 0.2218018 0.1381836
vt 0.2218018 0.1578369
vt 0.2218018 0.1845703
vt 0.2218018 0.210083
vt 0.1403809 0.1861572
vt 0.2218018 0.1578369
vt 0.1403809 0.1699219
vt 0.1403809 0.1861572
vt 0.2218018 0.1845703
vt 0.2218018 0.1578369
vt 0.2218018 0.1578369
vt 0.2218018 0.1845703
vt 0.1403809 0.1861572
vt 0.2218018 0.1578369
vt 0.1403809 0.1861572
vt 0.1403809 0.1699219
vt 0.2218018 0.1381836
vt 0.2218018 0.1578369
vt 0.1403809 0.1699219
vt 0.2218018 0.1381836
vt 0.1403809 0.1699219
vt 0.1403809 0.131958
vt 0.5717773 0.5698242
vt 0.6030273 0.5341797
vt 0.5942383 0.5698242
vt 0.5722656 0.5004883
vt 0.6328125 0.494873
vt 0.6030273 0.5341797
vt 0.6328125 0.494873
vt 0.6367188 0.5073242
vt 0.6030273 0.5341797
vt 0.5722656 0.5004883
vt 0.6030273 0.5341797
vt 0.5722656 0.5341797
vt 0.5717773 0.5698242
vt 0.5722656 0.5341797
vt 0.6030273 0.5341797
vt 0.6367188 0.5073242
vt 0.6328125 0.494873
vt 0.6030273 0.5341797
vt 0.5717773 0.5698242
vt 0.5942383 0.5698242
vt 0.6030273 0.5341797
vt 0.5717773 0.6030273
vt 0.5942383 0.5698242
vt 0.5717773 0.5698242
vt 0.5717773 0.6030273
vt 0.5942383 0.6030273
vt 0.5942383 0.5698242
vt 0.6030273 0.5341797
vt 0.5942383 0.5698242
vt 0.6181641 0.5698242
vt 0.5942383 0.5698242
vt 0.5942383 0.6030273
vt 0.6191406 0.6030273
vt 0.5942383 0.5698242
vt 0.6191406 0.6030273
vt 0.6181641 0.5698242
vt 0.5942383 0.5698242
vt 0.6030273 0.5341797
vt 0.6181641 0.5698242
vt 0.5942383 0.6030273
vt 0.5942383 0.5698242
vt 0.6181641 0.5698242
vt 0.5942383 0.6030273
vt 0.6181641 0.5698242
vt 0.6191406 0.6030273
vt 0.8955078 0.894043
vt 0.8579102 0.894043
vt 0.8530273 0.8144531
vt 0.8955078 0.8144531
vt 0.8955078 0.894043
vt 0.8530273 0.8144531
vt 0.8955078 0.8144531
vt 0.8955078 0.894043
vt 0.8955078 0.894043
vt 0.8955078 0.8144531
vt 0.8955078 0.8144531
vt 0.8955078 0.894043
vt 0.8530273 0.8144531
vt 0.8955078 0.894043
vt 0.8955078 0.8144531
vt 0.8530273 0.8144531
vt 0.8579102 0.894043
vt 0.8955078 0.894043
vt 0.8530273 0.8144531
vt 0.8354492 0.796875
vt 0.8955078 0.796875
vt 0.8530273 0.8144531
vt 0.8955078 0.796875
vt 0.8955078 0.8144531
vt 0.8955078 0.8144531
vt 0.8955078 0.796875
vt 0.8955078 0.796875
vt 0.8955078 0.796875
vt 0.8955078 0.8144531
vt 0.8955078 0.8144531
vt 0.8955078 0.796875
vt 0.8955078 0.796875
vt 0.8955078 0.8144531
vt 0.8955078 0.796875
vt 0.8530273 0.8144531
vt 0.8955078 0.8144531
vt 0.8955078 0.796875
vt 0.8354492 0.796875
vt 0.8530273 0.8144531
vt 0.04702759 0.5053711
vt 0.02215576 0.4714355
vt 0.04702759 0.4726563
vt 0.01052856 0.4892578
vt 0.02215576 0.4714355
vt 0.04702759 0.5053711
vt 0.04702759 0.4726563
vt 0.02215576 0.4714355
vt 0.04702759 0.5053711
vt 0.04702759 0.4726563
vt 0.01885986 0.4428711
vt 0.02215576 0.4714355
vt 0.006084442 0.6015625
vt 0.02275085 0.5864258
vt 0.006084442 0.5698242
vt 0.006084442 0.5698242
vt 0.02275085 0.5864258
vt 0.03659058 0.5732422
vt 0.006084442 0.5698242
vt 0.03659058 0.5732422
vt 0.0242157 0.5395508
vt 0.006084442 0.5444336
vt 0.006084442 0.5698242
vt 0.0242157 0.5395508
vt 0.006084442 0.5009766
vt 0.006084442 0.5444336
vt 0.0242157 0.5395508
vt 0.006084442 0.5009766
vt 0.0242157 0.5395508
vt 0.02108765 0.5058594
vt 0.006084442 0.5444336
vt 0.006084442 0.5009766
vt 0.02108765 0.5058594
vt 0.4597168 0.4619141
vt 0.4401855 0.4978027
vt 0.4924316 0.5131836
vt 0.4597168 0.4619141
vt 0.4248047 0.4599609
vt 0.4401855 0.4978027
vt 0.4248047 0.4599609
vt 0.369873 0.5205078
vt 0.4401855 0.4978027
vt 0.9194336 0.824707
vt 0.9350586 0.8251953
vt 0.9394531 0.8535156
vt 0.9194336 0.824707
vt 0.9394531 0.8535156
vt 0.9174805 0.8554688
vt 0.9174805 0.8554688
vt 0.9394531 0.8535156
vt 0.9394531 0.8793945
vt 0.9174805 0.8554688
vt 0.9394531 0.8793945
vt 0.9179688 0.8769531
vt 0.9443359 0.8969727
vt 0.9189453 0.921875
vt 0.9174805 0.894043
vt 0.9394531 0.8793945
vt 0.9443359 0.8969727
vt 0.9174805 0.894043
vt 0.9394531 0.8793945
vt 0.9174805 0.894043
vt 0.9179688 0.8769531
vt 0.9672852 0.8969727
vt 0.9521484 0.9526367
vt 0.9443359 0.8969727
vt 0.9692383 0.8779297
vt 0.9672852 0.8969727
vt 0.9443359 0.8969727
vt 0.9692383 0.8779297
vt 0.9443359 0.8969727
vt 0.9443359 0.8789063
vt 0.9692383 0.855957
vt 0.9692383 0.8779297
vt 0.9443359 0.8789063
vt 0.9692383 0.855957
vt 0.9443359 0.8789063
vt 0.9443359 0.8544922
vt 0.9443359 0.8544922
vt 0.9594727 0.8413086
vt 0.9692383 0.855957
vt 0.9443359 0.840332
vt 0.9594727 0.8413086
vt 0.9443359 0.8544922
vt 0.9692383 0.855957
vt 0.9790039 0.8520508
vt 0.9882813 0.8569336
vt 0.9941406 0.8764648
vt 0.9692383 0.855957
vt 0.9882813 0.8569336
vt 0.9941406 0.8764648
vt 0.9692383 0.8779297
vt 0.9692383 0.855957
vt 0.9946289 0.8969727
vt 0.9672852 0.8969727
vt 0.9692383 0.8779297
vt 0.9946289 0.8969727
vt 0.9692383 0.8779297
vt 0.9941406 0.8764648
vt 0.9970703 0.9233398
vt 0.9672852 0.8969727
vt 0.9946289 0.8969727
vt 0.9970703 0.9233398
vt 0.9521484 0.9526367
vt 0.9672852 0.8969727
vt 0.9936523 0.9575195
vt 0.9521484 0.9526367
vt 0.9970703 0.9233398
vt 0.9521484 0.9526367
vt 0.9243164 0.9604492
vt 0.9160156 0.921875
vt 0.9521484 0.9526367
vt 0.9472656 0.9946289
vt 0.9243164 0.9604492
vt 0.9472656 0.9946289
vt 0.918457 0.9785156
vt 0.9243164 0.9604492
vt 0.8935547 0.9423828
vt 0.9160156 0.921875
vt 0.9082031 0.9648438
vt 0.918457 0.9785156
vt 0.9082031 0.9648438
vt 0.9243164 0.9604492
vt 0.9160156 0.921875
vt 0.9243164 0.9604492
vt 0.9082031 0.9648438
vt 0.7832031 0.8354492
vt 0.7680664 0.8588867
vt 0.7861328 0.8505859
vt 0.7832031 0.8354492
vt 0.7695313 0.8378906
vt 0.7680664 0.8588867
vt 0.7695313 0.8378906
vt 0.7495117 0.8652344
vt 0.7680664 0.8588867
vt 0.7695313 0.8378906
vt 0.7519531 0.8422852
vt 0.7495117 0.8652344
vt 0.7202148 0.878418
vt 0.7495117 0.887207
vt 0.7495117 0.8652344
vt 0.7202148 0.878418
vt 0.7055664 0.9130859
vt 0.7495117 0.887207
vt 0.7519531 0.8422852
vt 0.7202148 0.878418
vt 0.7495117 0.8652344
vt 0.7495117 0.8652344
vt 0.7495117 0.887207
vt 0.7758789 0.8740234
vt 0.7495117 0.8652344
vt 0.7758789 0.8740234
vt 0.7680664 0.8588867
vt 0.7758789 0.8740234
vt 0.7861328 0.8505859
vt 0.7680664 0.8588867
vt 0.7963867 0.8793945
vt 0.8203125 0.8466797
vt 0.7939453 0.8642578
vt 0.8203125 0.8466797
vt 0.7861328 0.8505859
vt 0.7939453 0.8642578
vt 0.7758789 0.8740234
vt 0.7939453 0.8642578
vt 0.7861328 0.8505859
vt 0.7856445 0.8823242
vt 0.7963867 0.8793945
vt 0.7939453 0.8642578
vt 0.7856445 0.8823242
vt 0.7939453 0.8642578
vt 0.7758789 0.8740234
vt 0.7758789 0.8847656
vt 0.7856445 0.8823242
vt 0.7758789 0.8740234
vt 0.7758789 0.8847656
vt 0.7758789 0.8740234
vt 0.7495117 0.887207
vt 0.7519531 0.8422852
vt 0.7255859 0.8564453
vt 0.7202148 0.878418
vt 0.7519531 0.8422852
vt 0.7319336 0.8432617
vt 0.7255859 0.8564453
vt 0.7202148 0.878418
vt 0.7255859 0.8564453
vt 0.71875 0.8413086
vt 0.7255859 0.8564453
vt 0.7319336 0.8432617
vt 0.71875 0.8413086
vt 0.7104492 0.8330078
vt 0.7075195 0.8457031
vt 0.71875 0.8413086
vt 0.7216797 0.8291016
vt 0.7104492 0.8330078
vt 0.71875 0.8413086
vt 0.7758789 0.8847656
vt 0.7495117 0.887207
vt 0.7675781 0.8964844
vt 0.7836914 0.8867188
vt 0.7675781 0.8964844
vt 0.7958984 0.8974609
vt 0.7836914 0.8867188
vt 0.7958984 0.8974609
vt 0.7983398 0.887207
vt 0.7758789 0.8847656
vt 0.7675781 0.8964844
vt 0.7836914 0.8867188
vt 0.7397461 0.9746094
vt 0.765625 0.9360352
vt 0.7495117 0.887207
vt 0.765625 0.9360352
vt 0.7958984 0.8974609
vt 0.7675781 0.8964844
vt 0.765625 0.9360352
vt 0.7675781 0.8964844
vt 0.7495117 0.887207
vt 0.8291016 0.9550781
vt 0.831543 0.9228516
vt 0.7954102 0.9399414
vt 0.7949219 0.9741211
vt 0.8291016 0.9550781
vt 0.7954102 0.9399414
vt 0.831543 0.9228516
vt 0.7958984 0.8974609
vt 0.7954102 0.9399414
vt 0.765625 0.9360352
vt 0.7954102 0.9399414
vt 0.7958984 0.8974609
vt 0.7636719 0.9755859
vt 0.7949219 0.9741211
vt 0.7954102 0.9399414
vt 0.7636719 0.9755859
vt 0.7954102 0.9399414
vt 0.765625 0.9360352
vt 0.7397461 0.9746094
vt 0.7636719 0.9755859
vt 0.765625 0.9360352
vt 0.7915039 0.9892578
vt 0.828125 0.96875
vt 0.7949219 0.9741211
vt 0.7915039 0.9892578
vt 0.8276367 0.9887695
vt 0.828125 0.96875
vt 0.7685547 0.9912109
vt 0.7915039 0.9892578
vt 0.7949219 0.9741211
vt 0.7685547 0.9912109
vt 0.7949219 0.9741211
vt 0.7636719 0.9755859
vt 0.746582 0.9921875
vt 0.7636719 0.9755859
vt 0.7397461 0.9746094
vt 0.706543 0.9716797
vt 0.746582 0.9921875
vt 0.7397461 0.9746094
vt 0.746582 0.9921875
vt 0.7685547 0.9912109
vt 0.7636719 0.9755859
vt 0.706543 0.9716797
vt 0.7050781 0.9912109
vt 0.746582 0.9921875
vt 0.6665039 0.96875
vt 0.7050781 0.9912109
vt 0.706543 0.9716797
vt 0.7055664 0.9130859
vt 0.675293 0.8955078
vt 0.6577148 0.9375
vt 0.7055664 0.9130859
vt 0.7202148 0.878418
vt 0.675293 0.8955078
vt 0.6499023 0.8891602
vt 0.6577148 0.9375
vt 0.675293 0.8955078
vt 0.6499023 0.8891602
vt 0.6391602 0.9262695
vt 0.6577148 0.9375
vt 0.6865234 0.8500977
vt 0.6801758 0.875
vt 0.7075195 0.8457031
vt 0.7202148 0.878418
vt 0.6801758 0.875
vt 0.675293 0.8955078
vt 0.6499023 0.8891602
vt 0.675293 0.8955078
vt 0.6801758 0.875
vt 0.6625977 0.8662109
vt 0.6499023 0.8891602
vt 0.6801758 0.875
vt 0.6625977 0.8662109
vt 0.6801758 0.875
vt 0.6865234 0.8500977
vt 0.6704102 0.8476563
vt 0.6625977 0.8662109
vt 0.6865234 0.8500977
vt 0.7202148 0.878418
vt 0.7133789 0.8652344
vt 0.6801758 0.875
vt 0.7202148 0.878418
vt 0.71875 0.8413086
vt 0.7133789 0.8652344
vt 0.6801758 0.875
vt 0.7133789 0.8652344
vt 0.7075195 0.8457031
vt 0.71875 0.8413086
vt 0.7075195 0.8457031
vt 0.7133789 0.8652344
vt 0.0242157 0.5395508
vt 0.04241943 0.5273438
vt 0.03659058 0.5732422
vt 0.04241943 0.5273438
vt 0.04241943 0.5273438
vt 0.02108765 0.5058594
vt 0.0242157 0.5395508
vt 0.04241943 0.5273438
vt 0.02108765 0.5058594
vt 0.03659058 0.5732422
vt 0.04241943 0.5273438
vt 0.0242157 0.5395508
vt 0.02215576 0.4714355
vt 0.01052856 0.4892578
vt 0.04702759 0.5053711
vt 0.02215576 0.4714355
vt 0.001296997 0.4572754
vt 0.01052856 0.4892578
vt 0.01885986 0.4428711
vt 0.001296997 0.4572754
vt 0.02215576 0.4714355
vt 0.001296997 0.4572754
vt 0.01927185 0.4135742
vt 0.02215576 0.4714355
vt 0.01052856 0.4892578
vt 0.001296997 0.4572754
vt 0.02215576 0.4714355
vt 0.4697266 0.435791
vt 0.4597168 0.4619141
vt 0.4924316 0.5131836
vt 0.4697266 0.435791
vt 0.4226074 0.435791
vt 0.4248047 0.4599609
vt 0.4226074 0.435791
vt 0.369873 0.5205078
vt 0.4248047 0.4599609
vt 0.3103027 0.5375977
vt 0.3017578 0.5600586
vt 0.3615723 0.6108398
vt 0.2641602 0.5170898
vt 0.3103027 0.5375977
vt 0.3012695 0.458252
vt 0.2641602 0.4072266
vt 0.2641602 0.458252
vt 0.3012695 0.458252
vt 0.2641602 0.458252
vt 0.2641602 0.5170898
vt 0.3012695 0.458252
vt 0.2641602 0.4072266
vt 0.302002 0.4025879
vt 0.3012695 0.458252
vt 0.2641602 0.4072266
vt 0.3012695 0.458252
vt 0.2641602 0.458252
vt 0.2641602 0.458252
vt 0.3012695 0.458252
vt 0.2641602 0.5170898
vt 0.3103027 0.5375977
vt 0.3017578 0.5600586
vt 0.2641602 0.5170898
vt 0.2641602 0.359375
vt 0.302002 0.4025879
vt 0.3061523 0.3552246
vt 0.3061523 0.3552246
vt 0.2641602 0.3212891
vt 0.2641602 0.359375
vt 0.3061523 0.3552246
vt 0.2641602 0.3212891
vt 0.3081055 0.3212891
vt 0.3662109 0.3466797
vt 0.3081055 0.3212891
vt 0.3061523 0.3552246
vt 0.3662109 0.3466797
vt 0.3061523 0.3552246
vt 0.3081055 0.3212891
vt 0.3662109 0.3466797
vt 0.3662109 0.3212891
vt 0.3081055 0.3212891
vt 0.3662109 0.3466797
vt 0.3081055 0.3212891
vt 0.3662109 0.3212891
vt 0.4204102 0.3457031
vt 0.3662109 0.3212891
vt 0.3662109 0.3466797
vt 0.4204102 0.3457031
vt 0.3662109 0.3466797
vt 0.3662109 0.3212891
vt 0.4204102 0.3457031
vt 0.4169922 0.3212891
vt 0.3662109 0.3212891
vt 0.4204102 0.3457031
vt 0.3662109 0.3212891
vt 0.4169922 0.3212891
vt 0.4609375 0.342041
vt 0.4169922 0.3212891
vt 0.4204102 0.3457031
vt 0.4609375 0.342041
vt 0.4204102 0.3457031
vt 0.4169922 0.3212891
vt 0.4609375 0.342041
vt 0.4624023 0.3212891
vt 0.4169922 0.3212891
vt 0.4609375 0.342041
vt 0.4169922 0.3212891
vt 0.4624023 0.3212891
vt 0.512207 0.3395996
vt 0.4624023 0.3212891
vt 0.4609375 0.342041
vt 0.512207 0.3395996
vt 0.4609375 0.342041
vt 0.4624023 0.3212891
vt 0.512207 0.3395996
vt 0.5087891 0.3212891
vt 0.4624023 0.3212891
vt 0.512207 0.3395996
vt 0.4624023 0.3212891
vt 0.5087891 0.3212891
vt 0.565918 0.3383789
vt 0.5087891 0.3212891
vt 0.512207 0.3395996
vt 0.565918 0.3383789
vt 0.512207 0.3395996
vt 0.5087891 0.3212891
vt 0.565918 0.3383789
vt 0.5664063 0.3212891
vt 0.5087891 0.3212891
vt 0.565918 0.3383789
vt 0.5087891 0.3212891
vt 0.5664063 0.3212891
vt 0.6225586 0.3408203
vt 0.565918 0.3383789
vt 0.5664063 0.3212891
vt 0.6225586 0.3408203
vt 0.5664063 0.3212891
vt 0.565918 0.3383789
vt 0.6225586 0.3408203
vt 0.6225586 0.3212891
vt 0.5664063 0.3212891
vt 0.1026001 0.9975586
vt 0.1480713 0.9975586
vt 0.1480713 0.9794922
vt 0.1480713 0.9794922
vt 0.1480713 0.9975586
vt 0.1953125 0.9975586
vt 0.1480713 0.9794922
vt 0.1953125 0.9975586
vt 0.1953125 0.9794922
vt 0.1953125 0.9975586
vt 0.2406006 0.9975586
vt 0.1953125 0.9794922
vt 0.3061523 0.3552246
vt 0.3144531 0.4072266
vt 0.3149414 0.364502
vt 0.302002 0.4025879
vt 0.3012695 0.458252
vt 0.3122559 0.4570313
vt 0.3103027 0.5375977
vt 0.3122559 0.4570313
vt 0.3012695 0.458252
vt 0.3103027 0.5375977
vt 0.3173828 0.53125
vt 0.3122559 0.4570313
vt 0.4250488 0.6015625
vt 0.3798828 0.5708008
vt 0.3615723 0.6108398
vt 0.4335938 0.6411133
vt 0.4648438 0.5966797
vt 0.4250488 0.6015625
vt 0.3173828 0.53125
vt 0.369873 0.5205078
vt 0.3637695 0.4533691
vt 0.3173828 0.53125
vt 0.3637695 0.4533691
vt 0.3122559 0.4570313
vt 0.3637695 0.4533691
vt 0.4226074 0.435791
vt 0.4194336 0.3935547
vt 0.4194336 0.3935547
vt 0.4226074 0.435791
vt 0.4697266 0.435791
vt 0.3637695 0.4533691
vt 0.369873 0.5205078
vt 0.4226074 0.435791
vt 0.4335938 0.6411133
vt 0.4980469 0.6259766
vt 0.4648438 0.5966797
vt 0.6240234 0.6357422
vt 0.5571289 0.6069336
vt 0.5483398 0.6411133
vt 0.5571289 0.6069336
vt 0.4980469 0.6259766
vt 0.5014648 0.5668945
vt 0.5014648 0.5668945
vt 0.4980469 0.6259766
vt 0.4648438 0.5966797
vt 0.4335938 0.6411133
vt 0.4250488 0.6015625
vt 0.4648438 0.5966797
vt 0.4250488 0.6015625
vt 0.4335938 0.6411133
vt 0.3615723 0.6108398
vt 0.3173828 0.53125
vt 0.3798828 0.5708008
vt 0.3615723 0.6108398
vt 0.3103027 0.5375977
vt 0.3173828 0.53125
vt 0.3615723 0.6108398
vt 0.302002 0.4025879
vt 0.3144531 0.4072266
vt 0.3122559 0.4570313
vt 0.302002 0.4025879
vt 0.3122559 0.4570313
vt 0.3012695 0.458252
vt 0.3103027 0.5375977
vt 0.3012695 0.458252
vt 0.3122559 0.4570313
vt 0.3173828 0.53125
vt 0.3122559 0.4570313
vt 0.3637695 0.4533691
vt 0.3122559 0.4570313
vt 0.3642578 0.4035645
vt 0.3637695 0.4533691
vt 0.3144531 0.4072266
vt 0.3642578 0.4035645
vt 0.3122559 0.4570313
vt 0.3149414 0.364502
vt 0.3657227 0.3623047
vt 0.3642578 0.4035645
vt 0.3642578 0.4035645
vt 0.4194336 0.3935547
vt 0.3637695 0.4533691
vt 0.3657227 0.3623047
vt 0.4196777 0.3574219
vt 0.4194336 0.3935547
vt 0.3637695 0.4533691
vt 0.4194336 0.3935547
vt 0.4226074 0.435791
vt 0.3657227 0.3623047
vt 0.4194336 0.3935547
vt 0.3642578 0.4035645
vt 0.4196777 0.3574219
vt 0.4694824 0.3918457
vt 0.4194336 0.3935547
vt 0.4194336 0.3935547
vt 0.4694824 0.3918457
vt 0.4697266 0.435791
vt 0.4194336 0.3935547
vt 0.4697266 0.435791
vt 0.4226074 0.435791
vt 0.4694824 0.3918457
vt 0.5175781 0.458252
vt 0.4697266 0.435791
vt 0.5175781 0.458252
vt 0.4924316 0.5131836
vt 0.4697266 0.435791
vt 0.4973145 0.5136719
vt 0.4924316 0.5131836
vt 0.4924316 0.5131836
vt 0.5717773 0.3947754
vt 0.5180664 0.394043
vt 0.5146484 0.3518066
vt 0.6225586 0.3959961
vt 0.5717773 0.3947754
vt 0.5673828 0.3527832
vt 0.5717773 0.3947754
vt 0.5146484 0.3518066
vt 0.5673828 0.3527832
vt 0.6225586 0.3959961
vt 0.6225586 0.3569336
vt 0.5673828 0.3527832
vt 0.5717773 0.3947754
vt 0.5146484 0.3518066
vt 0.5180664 0.394043
vt 0.5146484 0.3518066
vt 0.4694824 0.3918457
vt 0.5180664 0.394043
vt 0.3657227 0.3623047
vt 0.4194336 0.3935547
vt 0.4196777 0.3574219
vt 0.5175781 0.458252
vt 0.4697266 0.435791
vt 0.4924316 0.5131836
vt 0.4973145 0.5136719
vt 0.5175781 0.458252
vt 0.4924316 0.5131836
vt 0.4973145 0.5136719
vt 0.4924316 0.5131836
vt 0.4924316 0.5131836
vt 0.3657227 0.3623047
vt 0.3642578 0.4035645
vt 0.4194336 0.3935547
vt 0.3642578 0.4035645
vt 0.3637695 0.4533691
vt 0.4194336 0.3935547
vt 0.3122559 0.4570313
vt 0.3637695 0.4533691
vt 0.3642578 0.4035645
vt 0.3149414 0.364502
vt 0.3642578 0.4035645
vt 0.3657227 0.3623047
vt 0.3149414 0.364502
vt 0.3144531 0.4072266
vt 0.3642578 0.4035645
vt 0.3144531 0.4072266
vt 0.3122559 0.4570313
vt 0.3642578 0.4035645
vt 0.3657227 0.3623047
vt 0.3061523 0.3552246
vt 0.3149414 0.364502
vt 0.3657227 0.3623047
vt 0.3662109 0.3466797
vt 0.3061523 0.3552246
vt 0.4196777 0.3574219
vt 0.3662109 0.3466797
vt 0.3657227 0.3623047
vt 0.4196777 0.3574219
vt 0.4204102 0.3457031
vt 0.3662109 0.3466797
vt 0.463623 0.3571777
vt 0.4204102 0.3457031
vt 0.4196777 0.3574219
vt 0.463623 0.3571777
vt 0.4609375 0.342041
vt 0.4204102 0.3457031
vt 0.5146484 0.3518066
vt 0.4609375 0.342041
vt 0.463623 0.3571777
vt 0.5146484 0.3518066
vt 0.512207 0.3395996
vt 0.4609375 0.342041
vt 0.5673828 0.3527832
vt 0.512207 0.3395996
vt 0.5146484 0.3518066
vt 0.5673828 0.3527832
vt 0.565918 0.3383789
vt 0.512207 0.3395996
vt 0.6225586 0.3569336
vt 0.565918 0.3383789
vt 0.5673828 0.3527832
vt 0.6225586 0.3569336
vt 0.6225586 0.3408203
vt 0.565918 0.3383789
vt 0.6225586 0.3569336
vt 0.5673828 0.3527832
vt 0.565918 0.3383789
vt 0.5673828 0.3527832
vt 0.512207 0.3395996
vt 0.565918 0.3383789
vt 0.5673828 0.3527832
vt 0.5146484 0.3518066
vt 0.512207 0.3395996
vt 0.5146484 0.3518066
vt 0.4609375 0.342041
vt 0.512207 0.3395996
vt 0.5146484 0.3518066
vt 0.463623 0.3571777
vt 0.4609375 0.342041
vt 0.463623 0.3571777
vt 0.4204102 0.3457031
vt 0.4609375 0.342041
vt 0.463623 0.3571777
vt 0.4196777 0.3574219
vt 0.4204102 0.3457031
vt 0.4196777 0.3574219
vt 0.3662109 0.3466797
vt 0.4204102 0.3457031
vt 0.4196777 0.3574219
vt 0.3657227 0.3623047
vt 0.3662109 0.3466797
vt 0.3657227 0.3623047
vt 0.3061523 0.3552246
vt 0.3662109 0.3466797
vt 0.3657227 0.3623047
vt 0.3149414 0.364502
vt 0.3061523 0.3552246
vt 0.3852539 0.6367188
vt 0.364502 0.6455078
vt 0.3647461 0.6660156
vt 0.4250488 0.668457
vt 0.3852539 0.6367188
vt 0.3647461 0.6660156
vt 0.5947266 0.7080078
vt 0.5483398 0.7172852
vt 0.5541992 0.7373047
vt 0.4855957 0.7333984
vt 0.5541992 0.7373047
vt 0.5483398 0.7172852
vt 0.546875 0.6962891
vt 0.4855957 0.7333984
vt 0.5483398 0.7172852
vt 0.5888672 0.6865234
vt 0.546875 0.6962891
vt 0.5483398 0.7172852
vt 0.5888672 0.6865234
vt 0.5483398 0.7172852
vt 0.5947266 0.7080078
vt 0.4306641 0.8452148
vt 0.3640137 0.7744141
vt 0.3640137 0.8276367
vt 0.4360352 0.8950195
vt 0.5117188 0.8242188
vt 0.4306641 0.8452148
vt 0.3640137 0.8276367
vt 0.4360352 0.8950195
vt 0.4306641 0.8452148
vt 0.5117188 0.8242188
vt 0.4296875 0.7939453
vt 0.4306641 0.8452148
vt 0.4306641 0.8452148
vt 0.4296875 0.7939453
vt 0.3640137 0.7744141
vt 0.5888672 0.6865234
vt 0.5947266 0.7080078
vt 0.5483398 0.7172852
vt 0.5888672 0.6865234
vt 0.5483398 0.7172852
vt 0.546875 0.6962891
vt 0.5947266 0.7080078
vt 0.6015625 0.7226563
vt 0.5546875 0.7373047
vt 0.5947266 0.7080078
vt 0.5546875 0.7373047
vt 0.5483398 0.7172852
vt 0.6015625 0.7226563
vt 0.559082 0.7514648
vt 0.5546875 0.7373047
vt 0.4313965 0.6992188
vt 0.3640137 0.7001953
vt 0.3647461 0.6660156
vt 0.4250488 0.668457
vt 0.4313965 0.6992188
vt 0.3647461 0.6660156
vt 0.3852539 0.6367188
vt 0.364502 0.6455078
vt 0.3674316 0.6274414
vt 0.4306641 0.8452148
vt 0.3640137 0.8276367
vt 0.3640137 0.7744141
vt 0.3640137 0.7353516
vt 0.4296875 0.7939453
vt 0.3640137 0.7744141
vt 0.4360352 0.8950195
vt 0.3640137 0.9394531
vt 0.3640137 0.8828125
vt 0.3640137 0.8276367
vt 0.4360352 0.8950195
vt 0.3640137 0.8828125
vt 0.2218018 0.1845703
vt 0.1403809 0.1861572
vt 0.1403809 0.210083
vt 0.2218018 0.1845703
vt 0.1403809 0.210083
vt 0.2218018 0.210083
vt 0.2218018 0.210083
vt 0.2218018 0.210083
vt 0.1403809 0.210083
vt 0.2218018 0.210083
vt 0.1403809 0.210083
vt 0.2218018 0.1845703
vt 0.2218018 0.1845703
vt 0.1403809 0.210083
vt 0.1403809 0.1861572
vt 0.2218018 0.1381836
vt 0.1403809 0.131958
vt 0.1403809 0.1699219
vt 0.2218018 0.1578369
vt 0.2218018 0.1381836
vt 0.1403809 0.1699219
vt 0.1453857 0.1290283
vt 0.2663574 0.1290283
vt 0.24646 0.01224518
vt 0.15271 0.01224518
vt 0.1453857 0.1290283
vt 0.24646 0.01224518
vt 0.9580078 0.3500977
vt 0.9248047 0.3911133
vt 0.878418 0.3503418
vt 0.9248047 0.3911133
vt 0.9931641 0.4099121
vt 0.9555664 0.4204102
vt 0.9931641 0.4328613
vt 0.9555664 0.4204102
vt 0.9931641 0.4099121
vt 0.9931641 0.451416
vt 0.9555664 0.4204102
vt 0.9931641 0.4328613
vt 0.2486572 0.3586426
vt 0.2486572 0.2176514
vt 0.2147217 0.2176514
vt 0.2486572 0.3586426
vt 0.2147217 0.2176514
vt 0.2147217 0.3586426
vt 0.2147217 0.3864746
vt 0.2147217 0.3586426
vt 0.1813965 0.3586426
vt 0.2147217 0.3864746
vt 0.2486572 0.3586426
vt 0.2147217 0.3586426
vt 0.1813965 0.3586426
vt 0.1813965 0.2176514
vt 0.1474609 0.2176514
vt 0.2147217 0.3586426
vt 0.1813965 0.2176514
vt 0.1813965 0.3586426
vt 0.2147217 0.3586426
vt 0.2147217 0.2176514
vt 0.1813965 0.2176514
vt 0.2147217 0.5786133
vt 0.2147217 0.3864746
vt 0.1813965 0.3864746
vt 0.1474609 0.3845215
vt 0.1813965 0.3864746
vt 0.1813965 0.3586426
vt 0.2147217 0.5786133
vt 0.1813965 0.3864746
vt 0.1813965 0.5786133
vt 0.1474609 0.3845215
vt 0.1813965 0.5786133
vt 0.1813965 0.3864746
vt 0.2147217 0.3864746
vt 0.1813965 0.3586426
vt 0.1813965 0.3864746
vt 0.0847168 0.407959
vt 0.05117798 0.3845215
vt 0.05117798 0.5786133
vt 0.0847168 0.407959
vt 0.05117798 0.5786133
vt 0.08514404 0.5786133
vt 0.09381104 0.605957
vt 0.114563 0.5786133
vt 0.08514404 0.5786133
vt 0.114563 0.5786133
vt 0.0847168 0.407959
vt 0.08514404 0.5786133
vt 0.05084229 0.6137695
vt 0.09381104 0.605957
vt 0.08514404 0.5786133
vt 0.05117798 0.5786133
vt 0.05084229 0.6137695
vt 0.08514404 0.5786133
vt 0.05117798 0.5786133
vt 0.0295105 0.5917969
vt 0.05084229 0.6137695
vt 0.0295105 0.5917969
vt 0.03240967 0.6401367
vt 0.05084229 0.6137695
vt 0.03240967 0.6401367
vt 0.06793213 0.6308594
vt 0.05084229 0.6137695
vt 0.05084229 0.6137695
vt 0.06793213 0.6308594
vt 0.09381104 0.605957
vt 0.1474609 0.5786133
vt 0.114563 0.605957
vt 0.1474609 0.605957
vt 0.1813965 0.605957
vt 0.1474609 0.5786133
vt 0.1474609 0.605957
vt 0.1986084 0.605957
vt 0.1813965 0.5786133
vt 0.1813965 0.605957
vt 0.1986084 0.605957
vt 0.2387695 0.6083984
vt 0.1813965 0.5786133
vt 0.2132568 0.6313477
vt 0.2387695 0.6083984
vt 0.1986084 0.605957
vt 0.2636719 0.5913086
vt 0.2619629 0.6357422
vt 0.2387695 0.6083984
vt 0.2619629 0.6357422
vt 0.2387695 0.6083984
vt 0.2132568 0.6313477
vt 0.03240967 0.6401367
vt 0.04440308 0.6542969
vt 0.06793213 0.6308594
vt 0.03240967 0.6401367
vt 0.06793213 0.6308594
vt 0.04440308 0.6542969
vt 0.2619629 0.6357422
vt 0.2132568 0.6313477
vt 0.2387695 0.6083984
vt 0.2619629 0.6357422
vt 0.2348633 0.6591797
vt 0.2132568 0.6313477
vt 0.03240967 0.6401367
vt 0.05084229 0.6137695
vt 0.06793213 0.6308594
vt 0.05084229 0.6137695
vt 0.09381104 0.605957
vt 0.06793213 0.6308594
vt 0.05084229 0.6137695
vt 0.08514404 0.5786133
vt 0.09381104 0.605957
vt 0.05117798 0.5786133
vt 0.05084229 0.6137695
vt 0.0295105 0.5917969
vt 0.0847168 0.407959
vt 0.05117798 0.5786133
vt 0.05117798 0.3845215
vt 0.0847168 0.407959
vt 0.08514404 0.5786133
vt 0.05117798 0.5786133
vt 0.05117798 0.5786133
vt 0.08514404 0.5786133
vt 0.05084229 0.6137695
vt 0.1986084 0.605957
vt 0.1813965 0.5786133
vt 0.2387695 0.6083984
vt 0.2132568 0.6313477
vt 0.1986084 0.605957
vt 0.2387695 0.6083984
vt 0.1986084 0.605957
vt 0.1813965 0.605957
vt 0.1813965 0.5786133
vt 0.2636719 0.5913086
vt 0.2147217 0.5786133
vt 0.2486572 0.5786133
vt 0.2147217 0.3864746
vt 0.2486572 0.3586426
vt 0.2486572 0.3864746
vt 0.2147217 0.5786133
vt 0.2486572 0.3864746
vt 0.2486572 0.5786133
vt 0.2147217 0.5786133
vt 0.2147217 0.3864746
vt 0.2486572 0.3864746
vt 0.2147217 0.5786133
vt 0.1813965 0.3864746
vt 0.2147217 0.3864746
vt 0.1474609 0.3845215
vt 0.1813965 0.3864746
vt 0.1813965 0.5786133
vt 0.2147217 0.5786133
vt 0.1813965 0.5786133
vt 0.1813965 0.3864746
vt 0.2147217 0.3864746
vt 0.1813965 0.3586426
vt 0.2147217 0.3586426
vt 0.2147217 0.3864746
vt 0.1813965 0.3864746
vt 0.1813965 0.3586426
vt 0.1474609 0.3845215
vt 0.1474609 0.3605957
vt 0.1813965 0.3586426
vt 0.1474609 0.3845215
vt 0.1813965 0.3586426
vt 0.1813965 0.3864746
vt 0.0847168 0.2176514
vt 0.05117798 0.3605957
vt 0.05117798 0.2176514
vt 0.1474609 0.3605957
vt 0.114563 0.2176514
vt 0.1474609 0.2176514
vt 0.1813965 0.3586426
vt 0.1474609 0.3605957
vt 0.1474609 0.2176514
vt 0.2147217 0.3586426
vt 0.1813965 0.3586426
vt 0.1813965 0.2176514
vt 0.1813965 0.3586426
vt 0.1474609 0.2176514
vt 0.1813965 0.2176514
vt 0.2147217 0.3586426
vt 0.1813965 0.2176514
vt 0.2147217 0.2176514
vt 0.2486572 0.3586426
vt 0.2147217 0.3586426
vt 0.2147217 0.2176514
vt 0.2486572 0.3586426
vt 0.2147217 0.2176514
vt 0.2486572 0.2176514
vt 0.2883301 0.9975586
vt 0.3388672 0.9975586
vt 0.3388672 0.887207
vt 0.3388672 0.887207
vt 0.2883301 0.8549805
vt 0.2883301 0.887207
vt 0.2883301 0.887207
vt 0.2883301 0.9975586
vt 0.3388672 0.887207
vt 0.2883301 0.887207
vt 0.2883301 0.8549805
vt 0.2406006 0.8549805
vt 0.2883301 0.9975586
vt 0.2883301 0.887207
vt 0.2406006 0.887207
vt 0.2883301 0.887207
vt 0.2406006 0.8549805
vt 0.2406006 0.887207
vt 0.2883301 0.9975586
vt 0.2406006 0.887207
vt 0.2406006 0.9975586
vt 0.2406006 0.887207
vt 0.1953125 0.9794922
vt 0.2406006 0.9975586
vt 0.3388672 0.7700195
vt 0.2883301 0.7700195
vt 0.3388672 0.8549805
vt 0.2883301 0.7700195
vt 0.2883301 0.8549805
vt 0.3388672 0.8549805
vt 0.3388672 0.887207
vt 0.3388672 0.8549805
vt 0.2883301 0.8549805
vt 0.1953125 0.8549805
vt 0.2406006 0.887207
vt 0.2406006 0.8549805
vt 0.1953125 0.7700195
vt 0.1480713 0.8549805
vt 0.1953125 0.8549805
vt 0.2406006 0.8549805
vt 0.1953125 0.7700195
vt 0.1953125 0.8549805
vt 0.1480713 0.8549805
vt 0.1953125 0.887207
vt 0.1953125 0.8549805
vt 0.1953125 0.8549805
vt 0.1953125 0.887207
vt 0.2406006 0.887207
vt 0.2406006 0.887207
vt 0.1953125 0.887207
vt 0.1953125 0.9794922
vt 0.1480713 0.8549805
vt 0.1480713 0.887207
vt 0.1953125 0.887207
vt 0.1026001 0.887207
vt 0.1480713 0.887207
vt 0.1480713 0.8549805
vt 0.1953125 0.9794922
vt 0.1480713 0.887207
vt 0.1480713 0.9794922
vt 0.1026001 0.887207
vt 0.1026001 0.9975586
vt 0.1480713 0.9794922
vt 0.1026001 0.887207
vt 0.1480713 0.8549805
vt 0.1026001 0.8549805
vt 0.1026001 0.7700195
vt 0.1026001 0.8549805
vt 0.1480713 0.8549805
vt 0.1026001 0.7700195
vt 0.0553894 0.8549805
vt 0.1026001 0.8549805
vt 0.0553894 0.8549805
vt 0.1026001 0.887207
vt 0.1026001 0.8549805
vt 0.0553894 0.8549805
vt 0.005695343 0.7700195
vt 0.005695343 0.8549805
vt 0.0553894 0.887207
vt 0.0553894 0.8549805
vt 0.005695343 0.8549805
vt 0.0553894 0.887207
vt 0.005695343 0.8549805
vt 0.005695343 0.887207
vt 0.05487061 0.9897461
vt 0.0553894 0.887207
vt 0.005695343 0.887207
vt 0.005695343 0.9975586
vt 0.05487061 0.9897461
vt 0.005695343 0.887207
vt 0.3120117 0.08947754
vt 0.394043 0.008155823
vt 0.3120117 0.01106262
vt 0.3847656 0.1923828
vt 0.3122559 0.184082
vt 0.2873535 0.2807617
vt 0.3776855 0.3005371
vt 0.3847656 0.1923828
vt 0.2873535 0.2807617
vt 0.5478516 0.1923828
vt 0.6450195 0.2807617
vt 0.6201172 0.184082
vt 0.5415039 0.1013794
vt 0.5478516 0.1923828
vt 0.6201172 0.184082
vt 0.008415222 0.3078613
vt 0.02145386 0.2089844
vt 0.02101135 0.3078613
vt 0.008415222 0.3078613
vt 0.01933289 0.2089844
vt 0.02145386 0.2089844
vt 0.2218018 0.210083
vt 0.2218018 0.1578369
vt 0.2218018 0.1845703
vt 0.2218018 0.1381836
vt 0.2218018 0.1578369
vt 0.2218018 0.210083
vt 0.2218018 0.1381836
vt 0.2218018 0.1381836
vt 0.2218018 0.210083
vt 0.2218018 0.1381836
vt 0.2218018 0.210083
vt 0.2218018 0.210083
vt 0.2218018 0.1578369
vt 0.2218018 0.1381836
vt 0.2218018 0.210083
vt 0.2218018 0.1578369
vt 0.2218018 0.210083
vt 0.2218018 0.1845703
vt 0.1403809 0.1861572
vt 0.1403809 0.1699219
vt 0.2218018 0.1578369
vt 0.1403809 0.1861572
vt 0.2218018 0.1578369
vt 0.2218018 0.1845703
vt 0.2218018 0.1578369
vt 0.1403809 0.1861572
vt 0.2218018 0.1845703
vt 0.2218018 0.1578369
vt 0.1403809 0.1699219
vt 0.1403809 0.1861572
vt 0.2218018 0.1381836
vt 0.1403809 0.1699219
vt 0.2218018 0.1578369
vt 0.2218018 0.1381836
vt 0.1403809 0.131958
vt 0.1403809 0.1699219
vt 0.9951172 0.8457031
vt 0.9194336 0.765625
vt 0.9389648 0.824707
vt 0.5722656 0.5004883
vt 0.6030273 0.5341797
vt 0.6328125 0.494873
vt 0.6328125 0.494873
vt 0.6030273 0.5341797
vt 0.6367188 0.5073242
vt 0.5717773 0.5698242
vt 0.6030273 0.5341797
vt 0.5722656 0.5341797
vt 0.5722656 0.5004883
vt 0.5722656 0.5341797
vt 0.6030273 0.5341797
vt 0.6367188 0.5073242
vt 0.6030273 0.5341797
vt 0.6328125 0.494873
vt 0.5717773 0.6030273
vt 0.5717773 0.5698242
vt 0.5942383 0.5698242
vt 0.5717773 0.5698242
vt 0.5722656 0.5341797
vt 0.6030273 0.5341797
vt 0.5717773 0.5698242
vt 0.6030273 0.5341797
vt 0.5942383 0.5698242
vt 0.6030273 0.5341797
vt 0.6181641 0.5698242
vt 0.5942383 0.5698242
vt 0.5942383 0.5698242
vt 0.6181641 0.5698242
vt 0.6191406 0.6030273
vt 0.5942383 0.6030273
vt 0.6191406 0.6030273
vt 0.6181641 0.5698242
vt 0.5942383 0.6030273
vt 0.6181641 0.5698242
vt 0.5942383 0.5698242
vt 0.5717773 0.5698242
vt 0.5942383 0.5698242
vt 0.6030273 0.5341797
vt 0.5717773 0.5698242
vt 0.5942383 0.6030273
vt 0.5942383 0.5698242
vt 0.5942383 0.5698242
vt 0.6181641 0.5698242
vt 0.6030273 0.5341797
vt 0.8955078 0.894043
vt 0.8530273 0.8144531
vt 0.8579102 0.894043
vt 0.8955078 0.8144531
vt 0.8530273 0.8144531
vt 0.8955078 0.894043
vt 0.8955078 0.8144531
vt 0.8955078 0.894043
vt 0.8955078 0.894043
vt 0.8955078 0.8144531
vt 0.8955078 0.894043
vt 0.8955078 0.8144531
vt 0.8530273 0.8144531
vt 0.8955078 0.8144531
vt 0.8955078 0.894043
vt 0.8530273 0.8144531
vt 0.8955078 0.894043
vt 0.8579102 0.894043
vt 0.8530273 0.8144531
vt 0.8955078 0.796875
vt 0.8354492 0.796875
vt 0.8530273 0.8144531
vt 0.8955078 0.8144531
vt 0.8955078 0.796875
vt 0.8955078 0.8144531
vt 0.8955078 0.796875
vt 0.8955078 0.796875
vt 0.8955078 0.796875
vt 0.8955078 0.8144531
vt 0.8955078 0.8144531
vt 0.8955078 0.796875
vt 0.8955078 0.8144531
vt 0.8955078 0.796875
vt 0.8955078 0.796875
vt 0.8955078 0.8144531
vt 0.8530273 0.8144531
vt 0.8955078 0.796875
vt 0.8530273 0.8144531
vt 0.8354492 0.796875
vt 0.04702759 0.4726563
vt 0.01885986 0.4428711
vt 0.02215576 0.4714355
vt 0.04702759 0.4726563
vt 0.04702759 0.5053711
vt 0.02215576 0.4714355
vt 0.04702759 0.5053711
vt 0.04702759 0.4726563
vt 0.02215576 0.4714355
vt 0.01052856 0.4892578
vt 0.04702759 0.5053711
vt 0.02215576 0.4714355
vt 0.006084442 0.5698242
vt 0.0242157 0.5395508
vt 0.006084442 0.5444336
vt 0.0242157 0.5395508
vt 0.006084442 0.5698242
vt 0.03659058 0.5732422
vt 0.006084442 0.5698242
vt 0.006084442 0.6015625
vt 0.03659058 0.5732422
vt 0.006084442 0.5698242
vt 0.0242157 0.5395508
vt 0.03659058 0.5732422
vt 0.006084442 0.5009766
vt 0.02108765 0.5058594
vt 0.0242157 0.5395508
vt 0.006084442 0.5009766
vt 0.0242157 0.5395508
vt 0.006084442 0.5444336
vt 0.006084442 0.5444336
vt 0.0242157 0.5395508
vt 0.006084442 0.5698242
vt 0.4597168 0.4619141
vt 0.4924316 0.5131836
vt 0.4401855 0.4978027
vt 0.4597168 0.4619141
vt 0.4401855 0.4978027
vt 0.4248047 0.4599609
vt 0.0553894 0.6645508
vt 0.005695343 0.7133789
vt 0.005695343 0.6645508
vt 0.006084442 0.5444336
vt 0.0242157 0.5395508
vt 0.02108765 0.5058594
vt 0.02108765 0.5058594
vt 0.0242157 0.5395508
vt 0.04241943 0.5273438
vt 0.0242157 0.5395508
vt 0.03659058 0.5732422
vt 0.04241943 0.5273438
vt 0.04241943 0.5273438
vt 0.02108765 0.5058594
vt 0.04241943 0.5273438
vt 0.0242157 0.5395508
vt 0.02108765 0.5058594
vt 0.04241943 0.5273438
vt 0.03659058 0.5732422
vt 0.0242157 0.5395508
vt 0.04241943 0.5273438
vt 0.02215576 0.4714355
vt 0.04702759 0.5053711
vt 0.01052856 0.4892578
vt 0.02215576 0.4714355
vt 0.01052856 0.4892578
vt 0.001296997 0.4572754
vt 0.01885986 0.4428711
vt 0.02215576 0.4714355
vt 0.001296997 0.4572754
vt 0.01927185 0.4135742
vt 0.01885986 0.4428711
vt 0.001296997 0.4572754
vt 0.01052856 0.4892578
vt 0.02215576 0.4714355
vt 0.001296997 0.4572754
vt 0.4697266 0.435791
vt 0.4597168 0.4619141
vt 0.4248047 0.4599609
vt 0.4697266 0.435791
vt 0.4248047 0.4599609
vt 0.4226074 0.435791
vt 0.1026001 0.9975586
vt 0.1480713 0.9794922
vt 0.1480713 0.9975586
vt 0.1480713 0.9794922
vt 0.1953125 0.9975586
vt 0.1480713 0.9975586
vt 0.1480713 0.9794922
vt 0.1953125 0.9794922
vt 0.1953125 0.9975586
vt 0.1953125 0.9975586
vt 0.1953125 0.9794922
vt 0.2406006 0.9975586
vt 0.2218018 0.1845703
vt 0.1403809 0.210083
vt 0.1403809 0.1861572
vt 0.2218018 0.1845703
vt 0.2218018 0.210083
vt 0.1403809 0.210083
vt 0.2218018 0.210083
vt 0.1403809 0.210083
vt 0.2218018 0.210083
vt 0.2218018 0.210083
vt 0.2218018 0.1845703
vt 0.1403809 0.210083
vt 0.2218018 0.1845703
vt 0.1403809 0.1861572
vt 0.1403809 0.210083
vt 0.2218018 0.1381836
vt 0.1403809 0.1699219
vt 0.1403809 0.131958
vt 0.2218018 0.1578369
vt 0.1403809 0.1699219
vt 0.2218018 0.1381836
vt 0.24646 0.01224518
vt 0.2663574 0.1290283
vt 0.1453857 0.1290283
vt 0.15271 0.01224518
vt 0.24646 0.01224518
vt 0.1453857 0.1290283
vt 0.9248047 0.3911133
vt 0.9555664 0.4204102
vt 0.9931641 0.4099121
vt 0.9931641 0.4328613
vt 0.9931641 0.4099121
vt 0.9555664 0.4204102
vt 0.9931641 0.451416
vt 0.9931641 0.4328613
vt 0.9555664 0.4204102
vt 0.09729004 0.6088867
vt 0.1037598 0.609375
vt 0.09979248 0.6147461
vt 0.09979248 0.6147461
vt 0.1037598 0.609375
vt 0.1166382 0.6176758
vt 0.2883301 0.9975586
vt 0.3388672 0.887207
vt 0.3388672 0.9975586
vt 0.2883301 0.887207
vt 0.3388672 0.887207
vt 0.2883301 0.9975586
vt 0.2883301 0.9975586
vt 0.2406006 0.887207
vt 0.2883301 0.887207
vt 0.1953125 0.8549805
vt 0.2406006 0.8549805
vt 0.2406006 0.887207
vt 0.2883301 0.887207
vt 0.2406006 0.887207
vt 0.2406006 0.8549805
vt 0.2883301 0.9975586
vt 0.2406006 0.9975586
vt 0.2406006 0.887207
vt 0.2406006 0.887207
vt 0.2406006 0.9975586
vt 0.1953125 0.9794922
vt 0.3388672 0.887207
vt 0.2883301 0.887207
vt 0.2883301 0.8549805
vt 0.3388672 0.887207
vt 0.2883301 0.8549805
vt 0.3388672 0.8549805
vt 0.2883301 0.887207
vt 0.2406006 0.8549805
vt 0.2883301 0.8549805
vt 0.2406006 0.8549805
vt 0.2883301 0.7700195
vt 0.2883301 0.8549805
vt 0.2883301 0.7700195
vt 0.3388672 0.8549805
vt 0.2883301 0.8549805
vt 0.1953125 0.8549805
vt 0.2406006 0.887207
vt 0.1953125 0.887207
vt 0.2406006 0.887207
vt 0.1953125 0.9794922
vt 0.1953125 0.887207
vt 0.1480713 0.8549805
vt 0.1953125 0.8549805
vt 0.1953125 0.887207
vt 0.1953125 0.9794922
vt 0.1480713 0.887207
vt 0.1953125 0.887207
vt 0.1026001 0.887207
vt 0.1480713 0.887207
vt 0.1480713 0.9794922
vt 0.1026001 0.887207
vt 0.1026001 0.8549805
vt 0.1480713 0.8549805
vt 0.1026001 0.7700195
vt 0.1026001 0.8549805
vt 0.0553894 0.8549805
vt 0.1026001 0.7700195
vt 0.1480713 0.8549805
vt 0.1026001 0.8549805
vt 0.0553894 0.887207
vt 0.005695343 0.8549805
vt 0.0553894 0.8549805
vt 0.0553894 0.887207
vt 0.005695343 0.887207
vt 0.005695343 0.8549805
vt 0.984375 0.5625
vt 0.9677734 0.4758301
vt 0.9677734 0.5625
vt 0.984375 0.4758301
vt 0.984375 0.5625
vt 0.9677734 0.5625
vt 0.984375 0.5625
vt 0.9677734 0.4758301
vt 0.9677734 0.5625
vt 0.984375 0.5625
vt 0.984375 0.4758301
vt 0.9677734 0.4758301
vt 0.984375 0.5625
vt 0.9677734 0.4758301
vt 0.9677734 0.5625
vt 0.984375 0.4758301
vt 0.984375 0.5625
vt 0.9677734 0.5625
vt 0.984375 0.5625
vt 0.9677734 0.4758301
vt 0.9677734 0.5625
vt 0.3647461 0.6660156
vt 0.3476563 0.6538086
vt 0.345459 0.6723633
vt 0.3647461 0.6660156
vt 0.364502 0.6455078
vt 0.3476563 0.6538086
vt 0.364502 0.6455078
vt 0.3674316 0.6274414
vt 0.3476563 0.6538086
vt 0.345459 0.7714844
vt 0.3640137 0.8276367
vt 0.3640137 0.7744141
vt 0.345459 0.7714844
vt 0.345459 0.8212891
vt 0.3640137 0.8276367
vt 0.3410645 0.9355469
vt 0.3640137 0.9394531
vt 0.3640137 0.8828125
vt 0.345459 0.8212891
vt 0.3640137 0.8828125
vt 0.3640137 0.8276367
vt 0.345459 0.8212891
vt 0.345459 0.8798828
vt 0.3640137 0.8828125
vt 0.345459 0.8798828
vt 0.3410645 0.9355469
vt 0.3640137 0.8828125
vt 0.3647461 0.6660156
vt 0.345459 0.7070313
vt 0.345459 0.6723633
vt 0.3647461 0.6660156
vt 0.345459 0.6723633
vt 0.3476563 0.6538086
vt 0.364502 0.6455078
vt 0.3476563 0.6538086
vt 0.3674316 0.6274414
vt 0.310791 0.6020508
vt 0.3364258 0.6640625
vt 0.2939453 0.6640625
vt 0.3364258 0.6640625
vt 0.310791 0.6020508
vt 0.2939453 0.6640625
vt 0.2939453 0.6640625
vt 0.3364258 0.6640625
vt 0.310791 0.6020508
vt 0.3364258 0.6640625
vt 0.2939453 0.6640625
vt 0.310791 0.6020508
vt 0.3364258 0.6640625
vt 0.2939453 0.6640625
vt 0.310791 0.6020508
vt 0.2939453 0.6640625
vt 0.310791 0.6020508
vt 0.2939453 0.6640625
vt 0.3364258 0.6640625
vt 0.310791 0.6020508
vt 0.2939453 0.6640625
vt 0.310791 0.6020508
vt 0.2939453 0.6640625
vt 0.3364258 0.6640625
vt 0.3364258 0.6640625
vt 0.2939453 0.6640625
vt 0.310791 0.6020508
vt 0.2939453 0.6640625
vt 0.310791 0.6020508
vt 0.3364258 0.6640625
vt 0.3364258 0.6640625
vt 0.310791 0.6020508
vt 0.2939453 0.6640625
vt 0.3364258 0.6640625
vt 0.310791 0.6020508
vt 0.2939453 0.6640625
vt 0.2939453 0.6640625
vt 0.2939453 0.6640625
vt 0.310791 0.6020508
vt 0.3364258 0.6640625
vt 0.2939453 0.6640625
vt 0.310791 0.6020508
vt 0.2827148 0.3544922
vt 0.2810059 0.3557129
vt 0.2832031 0.3552246
vt 0.2819824 0.3540039
vt 0.2810059 0.3557129
vt 0.2827148 0.3544922
vt 0.2832031 0.3552246
vt 0.2810059 0.3557129
vt 0.2832031 0.3562012
vt 0.2810059 0.3537598
vt 0.2810059 0.3557129
vt 0.2819824 0.3540039
vt 0.2832031 0.3562012
vt 0.2810059 0.3557129
vt 0.2827148 0.3574219
vt 0.2827148 0.3574219
vt 0.2810059 0.3557129
vt 0.2817383 0.3579102
vt 0.2827148 0.3544922
vt 0.2810059 0.3557129
vt 0.2819824 0.3540039
vt 0.2834473 0.3552246
vt 0.2810059 0.3557129
vt 0.2827148 0.3544922
vt 0.2810059 0.3581543
vt 0.2810059 0.3557129
vt 0.2817383 0.3579102
vt 0.2832031 0.3562012
vt 0.2810059 0.3557129
vt 0.2834473 0.3552246
vt 0.2827148 0.3574219
vt 0.2810059 0.3557129
vt 0.2832031 0.3562012
vt 0.2817383 0.3579102
vt 0.2810059 0.3557129
vt 0.2827148 0.3574219
vt 0.5825195 0.824707
vt 0.5791016 0.7836914
vt 0.5058594 0.7714844
vt 0.5825195 0.824707
vt 0.5117188 0.8242188
vt 0.5058594 0.7714844
vt 0.559082 0.7514648
vt 0.5791016 0.7836914
vt 0.5058594 0.7714844
vt 0.3640137 0.7744141
vt 0.345459 0.7714844
vt 0.345459 0.7387695
vt 0.9936523 0.9575195
vt 0.9521484 0.9526367
vt 0.9472656 0.9946289
vt 0.9521484 0.9526367
vt 0.9243164 0.9604492
vt 0.9472656 0.9946289
vt 0.706543 0.9716797
vt 0.746582 0.9921875
vt 0.7050781 0.9912109
vt 0.6665039 0.96875
vt 0.706543 0.9716797
vt 0.7050781 0.9912109
vt 0.4697266 0.435791
vt 0.4248047 0.4599609
vt 0.4597168 0.4619141
vt 0.3103027 0.5375977
vt 0.2641602 0.5170898
vt 0.3017578 0.5600586
vt 0.2641602 0.5170898
vt 0.3012695 0.458252
vt 0.3103027 0.5375977
vt 0.3061523 0.3552246
vt 0.2641602 0.359375
vt 0.2641602 0.3212891
vt 0.3061523 0.3552246
vt 0.3081055 0.3212891
vt 0.2641602 0.3212891
vt 0.6225586 0.3408203
vt 0.5664063 0.3212891
vt 0.6225586 0.3212891
vt 0.3103027 0.5375977
vt 0.3615723 0.6108398
vt 0.3173828 0.53125
vt 0.3173828 0.53125
vt 0.3615723 0.6108398
vt 0.3798828 0.5708008
vt 0.4250488 0.6015625
vt 0.3615723 0.6108398
vt 0.4335938 0.6411133
vt 0.5483398 0.6411133
vt 0.5571289 0.6069336
vt 0.4980469 0.6259766
vt 0.5483398 0.6411133
vt 0.4980469 0.6259766
vt 0.4335938 0.6411133
vt 0.5483398 0.6411133
vt 0.4335938 0.6411133
vt 0.4980469 0.6259766
vt 0.4335938 0.6411133
vt 0.4648438 0.5966797
vt 0.4980469 0.6259766
vt 0.4250488 0.6015625
vt 0.3615723 0.6108398
vt 0.3798828 0.5708008
vt 0.3103027 0.5375977
vt 0.3122559 0.4570313
vt 0.3173828 0.53125
vt 0.4973145 0.5136719
vt 0.4924316 0.5131836
vt 0.5175781 0.458252
vt 0.6225586 0.3959961
vt 0.5673828 0.3527832
vt 0.6225586 0.3569336
vt 0.4694824 0.3918457
vt 0.4697266 0.435791
vt 0.5175781 0.458252
vt 0.5180664 0.394043
vt 0.4694824 0.3918457
vt 0.5175781 0.458252
vt 0.6225586 0.3569336
vt 0.565918 0.3383789
vt 0.6225586 0.3408203
vt 0.5058594 0.7714844
vt 0.5541992 0.7373047
vt 0.4855957 0.7333984
vt 0.5117188 0.8242188
vt 0.5058594 0.7714844
vt 0.4296875 0.7939453
vt 0.5546875 0.7373047
vt 0.559082 0.7514648
vt 0.5058594 0.7714844
vt 0.3640137 0.7001953
vt 0.4313965 0.6992188
vt 0.4248047 0.7348633
vt 0.3852539 0.6367188
vt 0.3647461 0.6660156
vt 0.364502 0.6455078
vt 0.4250488 0.668457
vt 0.3647461 0.6660156
vt 0.3852539 0.6367188
vt 0.5117188 0.8242188
vt 0.4296875 0.7939453
vt 0.5058594 0.7714844
vt 0.5117188 0.8242188
vt 0.4306641 0.8452148
vt 0.4296875 0.7939453
vt 0.4306641 0.8452148
vt 0.3640137 0.7744141
vt 0.4296875 0.7939453
vt 0.4248047 0.7348633
vt 0.5058594 0.7714844
vt 0.4296875 0.7939453
vt 0.3640137 0.7353516
vt 0.4248047 0.7348633
vt 0.4296875 0.7939453
vt 0.9931641 0.4099121
vt 0.9248047 0.3911133
vt 0.9931641 0.3703613
vt 0.2636719 0.5913086
vt 0.2387695 0.6083984
vt 0.2619629 0.6357422
vt 0.2619629 0.6357422
vt 0.2132568 0.6313477
vt 0.2348633 0.6591797
vt 0.0295105 0.5917969
vt 0.05084229 0.6137695
vt 0.03240967 0.6401367
vt 0.1953125 0.9794922
vt 0.1953125 0.887207
vt 0.1480713 0.887207
vt 0.1026001 0.887207
vt 0.1480713 0.9794922
vt 0.1480713 0.887207
vt 0.1026001 0.887207
vt 0.05487061 0.9897461
vt 0.1026001 0.9975586
vt 0.5415039 0.1013794
vt 0.6201172 0.184082
vt 0.6206055 0.08947754
vt 0.1480713 0.8549805
vt 0.1953125 0.887207
vt 0.1480713 0.887207
vt 0.1953125 0.9794922
vt 0.1480713 0.9794922
vt 0.1480713 0.887207
vt 0.1026001 0.887207
vt 0.1480713 0.8549805
vt 0.1480713 0.887207
vt 0.0553894 0.8549805
vt 0.1026001 0.887207
vt 0.0553894 0.887207
vt 0.3640137 0.7353516
vt 0.345459 0.7387695
vt 0.345459 0.7070313
vt 0.3647461 0.6660156
vt 0.3476563 0.6538086
vt 0.364502 0.6455078
vt 0.2819824 0.3540039
vt 0.2810059 0.3557129
vt 0.2810059 0.3537598
vt 0.2817383 0.3579102
vt 0.2810059 0.3557129
vt 0.2810059 0.3581543
vt 0.369873 0.5205078
vt 0.369873 0.5205078
vt 0.3747559 0.5219727
vt 0.6499023 0.8891602
vt 0.6577148 0.9375
vt 0.6391602 0.9262695
vt 0.4401855 0.4978027
vt 0.369873 0.5205078
vt 0.3745117 0.5214844
vt 0.3745117 0.5214844
vt 0.369873 0.5205078
vt 0.369873 0.5205078
vt 0.3745117 0.5214844
vt 0.369873 0.5205078
vt 0.3798828 0.5708008
vt 0.9936523 0.9575195
vt 0.9770508 0.9902344
vt 0.9472656 0.9946289
vt 0.6665039 0.96875
vt 0.6650391 0.9892578
vt 0.7050781 0.9912109
vt 0.3103027 0.5375977
vt 0.3615723 0.6108398
vt 0.3017578 0.5600586
vt 0.369873 0.5205078
vt 0.3173828 0.53125
vt 0.369873 0.5205078
vt 0.369873 0.5205078
vt 0.3173828 0.53125
vt 0.3798828 0.5708008
vt 0.5571289 0.6069336
vt 0.5014648 0.5668945
vt 0.4980469 0.6259766
vt 0.5014648 0.5668945
vt 0.4648438 0.5966797
vt 0.4980469 0.6259766
vt 0.369873 0.5205078
vt 0.3798828 0.5708008
vt 0.3173828 0.53125
vt 0.3798828 0.5708008
vt 0.369873 0.5205078
vt 0.3747559 0.5219727
vt 0.3637695 0.4533691
vt 0.4226074 0.435791
vt 0.369873 0.5205078
vt 0.3173828 0.53125
vt 0.3637695 0.4533691
vt 0.369873 0.5205078
vt 0.369873 0.5205078
vt 0.369873 0.5205078
vt 0.3173828 0.53125
vt 0.3852539 0.6367188
vt 0.3674316 0.6274414
vt 0.364502 0.6455078
vt 0.4250488 0.668457
vt 0.3647461 0.6660156
vt 0.4313965 0.6992188
vt 0.4313965 0.6992188
vt 0.4855957 0.7333984
vt 0.4787598 0.6923828
vt 0.4250488 0.668457
vt 0.4313965 0.6992188
vt 0.4787598 0.6923828
vt 0.546875 0.6962891
vt 0.4787598 0.6923828
vt 0.4855957 0.7333984
vt 0.4313965 0.6992188
vt 0.3647461 0.6660156
vt 0.3640137 0.7001953
vt 0.4313965 0.6992188
vt 0.4248047 0.7348633
vt 0.4855957 0.7333984
vt 0.4248047 0.7348633
vt 0.4296875 0.7939453
vt 0.5058594 0.7714844
vt 0.4248047 0.7348633
vt 0.5058594 0.7714844
vt 0.4855957 0.7333984
vt 0.3640137 0.7001953
vt 0.4248047 0.7348633
vt 0.4313965 0.6992188
vt 0.3640137 0.7353516
vt 0.4296875 0.7939453
vt 0.4248047 0.7348633
vt 0.3640137 0.7353516
vt 0.3640137 0.7744141
vt 0.4296875 0.7939453
vt 0.3640137 0.7001953
vt 0.3640137 0.7353516
vt 0.4248047 0.7348633
vt 0.4248047 0.7348633
vt 0.4855957 0.7333984
vt 0.5058594 0.7714844
vt 0.5546875 0.7373047
vt 0.5058594 0.7714844
vt 0.4855957 0.7333984
vt 0.546875 0.6962891
vt 0.5483398 0.7172852
vt 0.4855957 0.7333984
vt 0.5483398 0.7172852
vt 0.5546875 0.7373047
vt 0.4855957 0.7333984
vt 0.4313965 0.6992188
vt 0.4855957 0.7333984
vt 0.4248047 0.7348633
vt 0.4313965 0.6992188
vt 0.4787598 0.6923828
vt 0.4855957 0.7333984
vt 0.4250488 0.668457
vt 0.4787598 0.6923828
vt 0.4313965 0.6992188
vt 0.546875 0.6962891
vt 0.4855957 0.7333984
vt 0.4787598 0.6923828
vt 0.9931641 0.3703613
vt 0.9580078 0.3500977
vt 0.9931641 0.3352051
vt 0.9580078 0.3500977
vt 0.9931641 0.2978516
vt 0.9931641 0.3352051
vt 0.2636719 0.5913086
vt 0.2854004 0.6142578
vt 0.2619629 0.6357422
vt 0.2636719 0.5913086
vt 0.2619629 0.6357422
vt 0.2854004 0.6142578
vt 0.0295105 0.5917969
vt 0.03240967 0.6401367
vt 0.006263733 0.6142578
vt 0.0295105 0.5917969
vt 0.006263733 0.6142578
vt 0.03240967 0.6401367
vt 0.4248047 0.4599609
vt 0.4401855 0.4978027
vt 0.369873 0.5205078
vt 0.4401855 0.4978027
vt 0.3747559 0.5219727
vt 0.369873 0.5205078
vt 0.4697266 0.435791
vt 0.4924316 0.5131836
vt 0.4597168 0.4619141
vt 0.4226074 0.435791
vt 0.4248047 0.4599609
vt 0.369873 0.5205078
vt 0.1026001 0.887207
vt 0.1480713 0.9794922
vt 0.1026001 0.9975586
vt 0.005695343 0.887207
vt 0.0553894 0.887207
vt 0.05487061 0.9902344
vt 0.1026001 0.887207
vt 0.1026001 0.9975586
vt 0.05487061 0.9902344
vt 0.0553894 0.887207
vt 0.1026001 0.887207
vt 0.05487061 0.9902344
vt 0.005695343 0.9975586
vt 0.005695343 0.887207
vt 0.05487061 0.9902344
vt 0.984375 0.5625
vt 0.984375 0.4758301
vt 0.9677734 0.4758301
vt 0.984375 0.4758301
vt 0.9677734 0.5625
vt 0.9677734 0.4758301
vt 0.984375 0.5625
vt 0.984375 0.4758301
vt 0.9677734 0.4758301
vt 0.984375 0.4758301
vt 0.9677734 0.5625
vt 0.9677734 0.4758301
vt 0.984375 0.5625
vt 0.984375 0.4758301
vt 0.9677734 0.4758301
vt 0.3647461 0.6660156
vt 0.345459 0.7070313
vt 0.3640137 0.7001953
vt 0.3647461 0.6660156
vt 0.345459 0.6723633
vt 0.345459 0.7070313
vt 0.3640137 0.7353516
vt 0.3640137 0.7001953
vt 0.345459 0.7070313
vt 0.3640137 0.7353516
vt 0.345459 0.7070313
vt 0.345459 0.7387695
vt 0.3640137 0.7744141
vt 0.3640137 0.7353516
vt 0.345459 0.7387695
vt 0.3647461 0.6660156
vt 0.3640137 0.7001953
vt 0.345459 0.7070313
vt 0.3640137 0.7353516
vt 0.345459 0.7070313
vt 0.3640137 0.7001953
vt 0.0553894 0.8549805
vt 0.0553894 0.887207
vt 0.1026001 0.887207
vt 0.0553894 0.887207
vt 0.05487061 0.9897461
vt 0.1026001 0.887207
vt 0.0553894 0.8549805
vt 0.1026001 0.8549805
vt 0.1026001 0.887207
f 3/3/3 2/2/2 1/1/1
f 6/6/6 5/5/5 4/4/4
f 9/9/9 8/8/8 7/7/7
f 12/12/12 11/11/11 10/10/10
f 15/15/15 14/14/14 13/13/13
f 18/18/18 17/17/17 16/16/16
f 21/21/21 20/20/20 19/19/19
f 24/24/24 23/23/23 22/22/22
f 27/27/27 26/26/26 25/25/25
f 30/30/30 29/29/29 28/28/28
f 33/33/33 32/32/32 31/31/31
f 36/36/36 35/35/35 34/34/34
f 39/39/39 38/38/38 37/37/37
f 42/42/42 41/41/41 40/40/40
f 45/45/45 44/44/44 43/43/43
f 48/48/48 47/47/47 46/46/46
f 51/51/51 50/50/50 49/49/49
f 54/54/54 53/53/53 52/52/52
f 57/57/57 56/56/56 55/55/55
f 60/60/60 59/59/59 58/58/58
f 63/63/63 62/62/62 61/61/61
f 66/66/66 65/65/65 64/64/64
f 69/69/69 68/68/68 67/67/67
f 72/72/72 71/71/71 70/70/70
f 75/75/75 74/74/74 73/73/73
f 78/78/78 77/77/77 76/76/76
f 81/81/81 80/80/80 79/79/79
f 84/84/84 83/83/83 82/82/82
f 87/87/87 86/86/86 85/85/85
f 90/90/90 89/89/89 88/88/88
f 93/93/93 92/92/92 91/91/91
f 96/96/96 95/95/95 94/94/94
f 99/99/99 98/98/98 97/97/97
f 102/102/102 101/101/101 100/100/100
f 105/105/105 104/104/104 103/103/103
f 108/108/108 107/107/107 106/106/106
f 111/111/111 110/110/110 109/109/109
f 114/114/114 113/113/113 112/112/112
f 117/117/117 116/116/116 115/115/115
f 120/120/120 119/119/119 118/118/118
f 123/123/123 122/122/122 121/121/121
f 126/126/126 125/125/125 124/124/124
f 129/129/129 128/128/128 127/127/127
f 132/132/132 131/131/131 130/130/130
f 135/135/135 134/134/134 133/133/133
f 138/138/138 137/137/137 136/136/136
f 141/141/141 140/140/140 139/139/139
f 144/144/144 143/143/143 142/142/142
f 147/147/147 146/146/146 145/145/145
f 150/150/150 149/149/149 148/148/148
f 153/153/153 152/152/152 151/151/151
f 156/156/156 155/155/155 154/154/154
f 159/159/159 158/158/158 157/157/157
f 162/162/162 161/161/161 160/160/160
f 165/165/165 164/164/164 163/163/163
f 168/168/168 167/167/167 166/166/166
f 171/171/171 170/170/170 169/169/169
f 174/174/174 173/173/173 172/172/172
f 177/177/177 176/176/176 175/175/175
f 180/180/180 179/179/179 178/178/178
f 183/183/183 182/182/182 181/181/181
f 186/186/186 185/185/185 184/184/184
f 189/189/189 188/188/188 187/187/187
f 192/192/192 191/191/191 190/190/190
f 195/195/195 194/194/194 193/193/193
f 198/198/198 197/197/197 196/196/196
f 201/201/201 200/200/200 199/199/199
f 204/204/204 203/203/203 202/202/202
f 207/207/207 206/206/206 205/205/205
f 210/210/210 209/209/209 208/208/208
f 213/213/213 212/212/212 211/211/211
f 216/216/216 215/215/215 214/214/214
f 219/219/219 218/218/218 217/217/217
f 222/222/222 221/221/221 220/220/220
f 225/225/225 224/224/224 223/223/223
f 228/228/228 227/227/227 226/226/226
f 231/231/231 230/230/230 229/229/229
f 234/234/234 233/233/233 232/232/232
f 237/237/237 236/236/236 235/235/235
f 240/240/240 239/239/239 238/238/238
f 243/243/243 242/242/242 241/241/241
f 246/246/246 245/245/245 244/244/244
f 249/249/249 248/248/248 247/247/247
f 252/252/252 251/251/251 250/250/250
f 255/255/255 254/254/254 253/253/253
f 258/258/258 257/257/257 256/256/256
f 261/261/261 260/260/260 259/259/259
f 264/264/264 263/263/263 262/262/262
f 267/267/267 266/266/266 265/265/265
f 270/270/270 269/269/269 268/268/268
f 273/273/273 272/272/272 271/271/271
f 276/276/276 275/275/275 274/274/274
f 279/279/279 278/278/278 277/277/277
f 282/282/282 281/281/281 280/280/280
f 285/285/285 284/284/284 283/283/283
f 288/288/288 287/287/287 286/286/286
f 291/291/291 290/290/290 289/289/289
f 294/294/294 293/293/293 292/292/292
f 297/297/297 296/296/296 295/295/295
f 300/300/300 299/299/299 298/298/298
f 303/303/303 302/302/302 301/301/301
f 306/306/306 305/305/305 304/304/304
f 309/309/309 308/308/308 307/307/307
f 312/312/312 311/311/311 310/310/310
f 315/315/315 314/314/314 313/313/313
f 318/318/318 317/317/317 316/316/316
f 321/321/321 320/320/320 319/319/319
f 324/324/324 323/323/323 322/322/322
f 327/327/327 326/326/326 325/325/325
f 330/330/330 329/329/329 328/328/328
f 333/333/333 332/332/332 331/331/331
f 336/336/336 335/335/335 334/334/334
f 339/339/339 338/338/338 337/337/337
f 342/342/342 341/341/341 340/340/340
f 345/345/345 344/344/344 343/343/343
f 348/348/348 347/347/347 346/346/346
f 351/351/351 350/350/350 349/349/349
f 354/354/354 353/353/353 352/352/352
f 357/357/357 356/356/356 355/355/355
f 360/360/360 359/359/359 358/358/358
f 363/363/363 362/362/362 361/361/361
f 366/366/366 365/365/365 364/364/364
f 369/369/369 368/368/368 367/367/367
f 372/372/372 371/371/371 370/370/370
f 375/375/375 374/374/374 373/373/373
f 378/378/378 377/377/377 376/376/376
f 381/381/381 380/380/380 379/379/379
f 384/384/384 383/383/383 382/382/382
f 387/387/387 386/386/386 385/385/385
f 390/390/390 389/389/389 388/388/388
f 393/393/393 392/392/392 391/391/391
f 396/396/396 395/395/395 394/394/394
f 399/399/399 398/398/398 397/397/397
f 402/402/402 401/401/401 400/400/400
f 405/405/405 404/404/404 403/403/403
f 408/408/408 407/407/407 406/406/406
f 411/411/411 410/410/410 409/409/409
f 414/414/414 413/413/413 412/412/412
f 417/417/417 416/416/416 415/415/415
f 420/420/420 419/419/419 418/418/418
f 423/423/423 422/422/422 421/421/421
f 426/426/426 425/425/425 424/424/424
f 429/429/429 428/428/428 427/427/427
f 432/432/432 431/431/431 430/430/430
f 435/435/435 434/434/434 433/433/433
f 438/438/438 437/437/437 436/436/436
f 441/441/441 440/440/440 439/439/439
f 444/444/444 443/443/443 442/442/442
f 447/447/447 446/446/446 445/445/445
f 450/450/450 449/449/449 448/448/448
f 453/453/453 452/452/452 451/451/451
f 456/456/456 455/455/455 454/454/454
f 459/459/459 458/458/458 457/457/457
f 462/462/462 461/461/461 460/460/460
f 465/465/465 464/464/464 463/463/463
f 468/468/468 467/467/467 466/466/466
f 471/471/471 470/470/470 469/469/469
f 474/474/474 473/473/473 472/472/472
f 477/477/477 476/476/476 475/475/475
f 480/480/480 479/479/479 478/478/478
f 483/483/483 482/482/482 481/481/481
f 486/486/486 485/485/485 484/484/484
f 489/489/489 488/488/488 487/487/487
f 492/492/492 491/491/491 490/490/490
f 495/495/495 494/494/494 493/493/493
f 498/498/498 497/497/497 496/496/496
f 501/501/501 500/500/500 499/499/499
f 504/504/504 503/503/503 502/502/502
f 507/507/507 506/506/506 505/505/505
f 510/510/510 509/509/509 508/508/508
f 513/513/513 512/512/512 511/511/511
f 516/516/516 515/515/515 514/514/514
f 519/519/519 518/518/518 517/517/517
f 522/522/522 521/521/521 520/520/520
f 525/525/525 524/524/524 523/523/523
f 528/528/528 527/527/527 526/526/526
f 531/531/531 530/530/530 529/529/529
f 534/534/534 533/533/533 532/532/532
f 537/537/537 536/536/536 535/535/535
f 540/540/540 539/539/539 538/538/538
f 543/543/543 542/542/542 541/541/541
f 546/546/546 545/545/545 544/544/544
f 549/549/549 548/548/548 547/547/547
f 552/552/552 551/551/551 550/550/550
f 555/555/555 554/554/554 553/553/553
f 558/558/558 557/557/557 556/556/556
f 561/561/561 560/560/560 559/559/559
f 564/564/564 563/563/563 562/562/562
f 567/567/567 566/566/566 565/565/565
f 570/570/570 569/569/569 568/568/568
f 573/573/573 572/572/572 571/571/571
f 576/576/576 575/575/575 574/574/574
f 579/579/579 578/578/578 577/577/577
f 582/582/582 581/581/581 580/580/580
f 585/585/585 584/584/584 583/583/583
f 588/588/588 587/587/587 586/586/586
f 591/591/591 590/590/590 589/589/589
f 594/594/594 593/593/593 592/592/592
f 597/597/597 596/596/596 595/595/595
f 600/600/600 599/599/599 598/598/598
f 603/603/603 602/602/602 601/601/601
f 606/606/606 605/605/605 604/604/604
f 609/609/609 608/608/608 607/607/607
f 612/612/612 611/611/611 610/610/610
f 615/615/615 614/614/614 613/613/613
f 618/618/618 617/617/617 616/616/616
f 621/621/621 620/620/620 619/619/619
f 624/624/624 623/623/623 622/622/622
f 627/627/627 626/626/626 625/625/625
f 630/630/630 629/629/629 628/628/628
f 633/633/633 632/632/632 631/631/631
f 636/636/636 635/635/635 634/634/634
f 639/639/639 638/638/638 637/637/637
f 642/642/642 641/641/641 640/640/640
f 645/645/645 644/644/644 643/643/643
f 648/648/648 647/647/647 646/646/646
f 651/651/651 650/650/650 649/649/649
f 654/654/654 653/653/653 652/652/652
f 657/657/657 656/656/656 655/655/655
f 660/660/660 659/659/659 658/658/658
f 663/663/663 662/662/662 661/661/661
f 666/666/666 665/665/665 664/664/664
f 669/669/669 668/668/668 667/667/667
f 672/672/672 671/671/671 670/670/670
f 675/675/675 674/674/674 673/673/673
f 678/678/678 677/677/677 676/676/676
f 681/681/681 680/680/680 679/679/679
f 684/684/684 683/683/683 682/682/682
f 687/687/687 686/686/686 685/685/685
f 690/690/690 689/689/689 688/688/688
f 693/693/693 692/692/692 691/691/691
f 696/696/696 695/695/695 694/694/694
f 699/699/699 698/698/698 697/697/697
f 702/702/702 701/701/701 700/700/700
f 705/705/705 704/704/704 703/703/703
f 708/708/708 707/707/707 706/706/706
f 711/711/711 710/710/710 709/709/709
f 714/714/714 713/713/713 712/712/712
f 717/717/717 716/716/716 715/715/715
f 720/720/720 719/719/719 718/718/718
f 723/723/723 722/722/722 721/721/721
f 726/726/726 725/725/725 724/724/724
f 729/729/729 728/728/728 727/727/727
f 732/732/732 731/731/731 730/730/730
f 735/735/735 734/734/734 733/733/733
f 738/738/738 737/737/737 736/736/736
f 741/741/741 740/740/740 739/739/739
f 744/744/744 743/743/743 742/742/742
f 747/747/747 746/746/746 745/745/745
f 750/750/750 749/749/749 748/748/748
f 753/753/753 752/752/752 751/751/751
f 756/756/756 755/755/755 754/754/754
f 759/759/759 758/758/758 757/757/757
f 762/762/762 761/761/761 760/760/760
f 765/765/765 764/764/764 763/763/763
f 768/768/768 767/767/767 766/766/766
f 771/771/771 770/770/770 769/769/769
f 774/774/774 773/773/773 772/772/772
f 777/777/777 776/776/776 775/775/775
f 780/780/780 779/779/779 778/778/778
f 783/783/783 782/782/782 781/781/781
f 786/786/786 785/785/785 784/784/784
f 789/789/789 788/788/788 787/787/787
f 792/792/792 791/791/791 790/790/790
f 795/795/795 794/794/794 793/793/793
f 798/798/798 797/797/797 796/796/796
f 801/801/801 800/800/800 799/799/799
f 804/804/804 803/803/803 802/802/802
f 807/807/807 806/806/806 805/805/805
f 810/810/810 809/809/809 808/808/808
f 813/813/813 812/812/812 811/811/811
f 816/816/816 815/815/815 814/814/814
f 819/819/819 818/818/818 817/817/817
f 822/822/822 821/821/821 820/820/820
f 825/825/825 824/824/824 823/823/823
f 828/828/828 827/827/827 826/826/826
f 831/831/831 830/830/830 829/829/829
f 834/834/834 833/833/833 832/832/832
f 837/837/837 836/836/836 835/835/835
f 840/840/840 839/839/839 838/838/838
f 843/843/843 842/842/842 841/841/841
f 846/846/846 845/845/845 844/844/844
f 849/849/849 848/848/848 847/847/847
f 852/852/852 851/851/851 850/850/850
f 855/855/855 854/854/854 853/853/853
f 858/858/858 857/857/857 856/856/856
f 861/861/861 860/860/860 859/859/859
f 864/864/864 863/863/863 862/862/862
f 867/867/867 866/866/866 865/865/865
f 870/870/870 869/869/869 868/868/868
f 873/873/873 872/872/872 871/871/871
f 876/876/876 875/875/875 874/874/874
f 879/879/879 878/878/878 877/877/877
f 882/882/882 881/881/881 880/880/880
f 885/885/885 884/884/884 883/883/883
f 888/888/888 887/887/887 886/886/886
f 891/891/891 890/890/890 889/889/889
f 894/894/894 893/893/893 892/892/892
f 897/897/897 896/896/896 895/895/895
f 900/900/900 899/899/899 898/898/898
f 903/903/903 902/902/902 901/901/901
f 906/906/906 905/905/905 904/904/904
f 909/909/909 908/908/908 907/907/907
f 912/912/912 911/911/911 910/910/910
f 915/915/915 914/914/914 913/913/913
f 918/918/918 917/917/917 916/916/916
f 921/921/921 920/920/920 919/919/919
f 924/924/924 923/923/923 922/922/922
f 927/927/927 926/926/926 925/925/925
f 930/930/930 929/929/929 928/928/928
f 933/933/933 932/932/932 931/931/931
f 936/936/936 935/935/935 934/934/934
f 939/939/939 938/938/938 937/937/937
f 942/942/942 941/941/941 940/940/940
f 945/945/945 944/944/944 943/943/943
f 948/948/948 947/947/947 946/946/946
f 951/951/951 950/950/950 949/949/949
f 954/954/954 953/953/953 952/952/952
f 957/957/957 956/956/956 955/955/955
f 960/960/960 959/959/959 958/958/958
f 963/963/963 962/962/962 961/961/961
f 966/966/966 965/965/965 964/964/964
f 969/969/969 968/968/968 967/967/967
f 972/972/972 971/971/971 970/970/970
f 975/975/975 974/974/974 973/973/973
f 978/978/978 977/977/977 976/976/976
f 981/981/981 980/980/980 979/979/979
f 984/984/984 983/983/983 982/982/982
f 987/987/987 986/986/986 985/985/985
f 990/990/990 989/989/989 988/988/988
f 993/993/993 992/992/992 991/991/991
f 996/996/996 995/995/995 994/994/994
f 999/999/999 998/998/998 997/997/997
f 1002/1002/1002 1001/1001/1001 1000/1000/1000
f 1005/1005/1005 1004/1004/1004 1003/1003/1003
f 1008/1008/1008 1007/1007/1007 1006/1006/1006
f 1011/1011/1011 1010/1010/1010 1009/1009/1009
f 1014/1014/1014 1013/1013/1013 1012/1012/1012
f 1017/1017/1017 1016/1016/1016 1015/1015/1015
f 1020/1020/1020 1019/1019/1019 1018/1018/1018
f 1023/1023/1023 1022/1022/1022 1021/1021/1021
f 1026/1026/1026 1025/1025/1025 1024/1024/1024
f 1029/1029/1029 1028/1028/1028 1027/1027/1027
f 1032/1032/1032 1031/1031/1031 1030/1030/1030
f 1035/1035/1035 1034/1034/1034 1033/1033/1033
f 1038/1038/1038 1037/1037/1037 1036/1036/1036
f 1041/1041/1041 1040/1040/1040 1039/1039/1039
f 1044/1044/1044 1043/1043/1043 1042/1042/1042
f 1047/1047/1047 1046/1046/1046 1045/1045/1045
f 1050/1050/1050 1049/1049/1049 1048/1048/1048
f 1053/1053/1053 1052/1052/1052 1051/1051/1051
f 1056/1056/1056 1055/1055/1055 1054/1054/1054
f 1059/1059/1059 1058/1058/1058 1057/1057/1057
f 1062/1062/1062 1061/1061/1061 1060/1060/1060
f 1065/1065/1065 1064/1064/1064 1063/1063/1063
f 1068/1068/1068 1067/1067/1067 1066/1066/1066
f 1071/1071/1071 1070/1070/1070 1069/1069/1069
f 1074/1074/1074 1073/1073/1073 1072/1072/1072
f 1077/1077/1077 1076/1076/1076 1075/1075/1075
f 1080/1080/1080 1079/1079/1079 1078/1078/1078
f 1083/1083/1083 1082/1082/1082 1081/1081/1081
f 1086/1086/1086 1085/1085/1085 1084/1084/1084
f 1089/1089/1089 1088/1088/1088 1087/1087/1087
f 1092/1092/1092 1091/1091/1091 1090/1090/1090
f 1095/1095/1095 1094/1094/1094 1093/1093/1093
f 1098/1098/1098 1097/1097/1097 1096/1096/1096
f 1101/1101/1101 1100/1100/1100 1099/1099/1099
f 1104/1104/1104 1103/1103/1103 1102/1102/1102
f 1107/1107/1107 1106/1106/1106 1105/1105/1105
f 1110/1110/1110 1109/1109/1109 1108/1108/1108
f 1113/1113/1113 1112/1112/1112 1111/1111/1111
f 1116/1116/1116 1115/1115/1115 1114/1114/1114
f 1119/1119/1119 1118/1118/1118 1117/1117/1117
f 1122/1122/1122 1121/1121/1121 1120/1120/1120
f 1125/1125/1125 1124/1124/1124 1123/1123/1123
f 1128/1128/1128 1127/1127/1127 1126/1126/1126
f 1131/1131/1131 1130/1130/1130 1129/1129/1129
f 1134/1134/1134 1133/1133/1133 1132/1132/1132
f 1137/1137/1137 1136/1136/1136 1135/1135/1135
f 1140/1140/1140 1139/1139/1139 1138/1138/1138
f 1143/1143/1143 1142/1142/1142 1141/1141/1141
f 1146/1146/1146 1145/1145/1145 1144/1144/1144
f 1149/1149/1149 1148/1148/1148 1147/1147/1147
f 1152/1152/1152 1151/1151/1151 1150/1150/1150
f 1155/1155/1155 1154/1154/1154 1153/1153/1153
f 1158/1158/1158 1157/1157/1157 1156/1156/1156
f 1161/1161/1161 1160/1160/1160 1159/1159/1159
f 1164/1164/1164 1163/1163/1163 1162/1162/1162
f 1167/1167/1167 1166/1166/1166 1165/1165/1165
f 1170/1170/1170 1169/1169/1169 1168/1168/1168
f 1173/1173/1173 1172/1172/1172 1171/1171/1171
f 1176/1176/1176 1175/1175/1175 1174/1174/1174
f 1179/1179/1179 1178/1178/1178 1177/1177/1177
f 1182/1182/1182 1181/1181/1181 1180/1180/1180
f 1185/1185/1185 1184/1184/1184 1183/1183/1183
f 1188/1188/1188 1187/1187/1187 1186/1186/1186
f 1191/1191/1191 1190/1190/1190 1189/1189/1189
f 1194/1194/1194 1193/1193/1193 1192/1192/1192
f 1197/1197/1197 1196/1196/1196 1195/1195/1195
f 1200/1200/1200 1199/1199/1199 1198/1198/1198
f 1203/1203/1203 1202/1202/1202 1201/1201/1201
f 1206/1206/1206 1205/1205/1205 1204/1204/1204
f 1209/1209/1209 1208/1208/1208 1207/1207/1207
f 1212/1212/1212 1211/1211/1211 1210/1210/1210
f 1215/1215/1215 1214/1214/1214 1213/1213/1213
f 1218/1218/1218 1217/1217/1217 1216/1216/1216
f 1221/1221/1221 1220/1220/1220 1219/1219/1219
f 1224/1224/1224 1223/1223/1223 1222/1222/1222
f 1227/1227/1227 1226/1226/1226 1225/1225/1225
f 1230/1230/1230 1229/1229/1229 1228/1228/1228
f 1233/1233/1233 1232/1232/1232 1231/1231/1231
f 1236/1236/1236 1235/1235/1235 1234/1234/1234
f 1239/1239/1239 1238/1238/1238 1237/1237/1237
f 1242/1242/1242 1241/1241/1241 1240/1240/1240
f 1245/1245/1245 1244/1244/1244 1243/1243/1243
f 1248/1248/1248 1247/1247/1247 1246/1246/1246
f 1251/1251/1251 1250/1250/1250 1249/1249/1249
f 1254/1254/1254 1253/1253/1253 1252/1252/1252
f 1257/1257/1257 1256/1256/1256 1255/1255/1255
f 1260/1260/1260 1259/1259/1259 1258/1258/1258
f 1263/1263/1263 1262/1262/1262 1261/1261/1261
f 1266/1266/1266 1265/1265/1265 1264/1264/1264
f 1269/1269/1269 1268/1268/1268 1267/1267/1267
f 1272/1272/1272 1271/1271/1271 1270/1270/1270
f 1275/1275/1275 1274/1274/1274 1273/1273/1273
f 1278/1278/1278 1277/1277/1277 1276/1276/1276
f 1281/1281/1281 1280/1280/1280 1279/1279/1279
f 1284/1284/1284 1283/1283/1283 1282/1282/1282
f 1287/1287/1287 1286/1286/1286 1285/1285/1285
f 1290/1290/1290 1289/1289/1289 1288/1288/1288
f 1293/1293/1293 1292/1292/1292 1291/1291/1291
f 1296/1296/1296 1295/1295/1295 1294/1294/1294
f 1299/1299/1299 1298/1298/1298 1297/1297/1297
f 1302/1302/1302 1301/1301/1301 1300/1300/1300
f 1305/1305/1305 1304/1304/1304 1303/1303/1303
f 1308/1308/1308 1307/1307/1307 1306/1306/1306
f 1311/1311/1311 1310/1310/1310 1309/1309/1309
f 1314/1314/1314 1313/1313/1313 1312/1312/1312
f 1317/1317/1317 1316/1316/1316 1315/1315/1315
f 1320/1320/1320 1319/1319/1319 1318/1318/1318
f 1323/1323/1323 1322/1322/1322 1321/1321/1321
f 1326/1326/1326 1325/1325/1325 1324/1324/1324
f 1329/1329/1329 1328/1328/1328 1327/1327/1327
f 1332/1332/1332 1331/1331/1331 1330/1330/1330
f 1335/1335/1335 1334/1334/1334 1333/1333/1333
f 1338/1338/1338 1337/1337/1337 1336/1336/1336
f 1341/1341/1341 1340/1340/1340 1339/1339/1339
f 1344/1344/1344 1343/1343/1343 1342/1342/1342
f 1347/1347/1347 1346/1346/1346 1345/1345/1345
f 1350/1350/1350 1349/1349/1349 1348/1348/1348
f 1353/1353/1353 1352/1352/1352 1351/1351/1351
f 1356/1356/1356 1355/1355/1355 1354/1354/1354
f 1359/1359/1359 1358/1358/1358 1357/1357/1357
f 1362/1362/1362 1361/1361/1361 1360/1360/1360
f 1365/1365/1365 1364/1364/1364 1363/1363/1363
f 1368/1368/1368 1367/1367/1367 1366/1366/1366
f 1371/1371/1371 1370/1370/1370 1369/1369/1369
f 1374/1374/1374 1373/1373/1373 1372/1372/1372
f 1377/1377/1377 1376/1376/1376 1375/1375/1375
f 1380/1380/1380 1379/1379/1379 1378/1378/1378
f 1383/1383/1383 1382/1382/1382 1381/1381/1381
f 1386/1386/1386 1385/1385/1385 1384/1384/1384
f 1389/1389/1389 1388/1388/1388 1387/1387/1387
f 1392/1392/1392 1391/1391/1391 1390/1390/1390
f 1395/1395/1395 1394/1394/1394 1393/1393/1393
f 1398/1398/1398 1397/1397/1397 1396/1396/1396
f 1401/1401/1401 1400/1400/1400 1399/1399/1399
f 1404/1404/1404 1403/1403/1403 1402/1402/1402
f 1407/1407/1407 1406/1406/1406 1405/1405/1405
f 1410/1410/1410 1409/1409/1409 1408/1408/1408
f 1413/1413/1413 1412/1412/1412 1411/1411/1411
f 1416/1416/1416 1415/1415/1415 1414/1414/1414
f 1419/1419/1419 1418/1418/1418 1417/1417/1417
f 1422/1422/1422 1421/1421/1421 1420/1420/1420
f 1425/1425/1425 1424/1424/1424 1423/1423/1423
f 1428/1428/1428 1427/1427/1427 1426/1426/1426
f 1431/1431/1431 1430/1430/1430 1429/1429/1429
f 1434/1434/1434 1433/1433/1433 1432/1432/1432
f 1437/1437/1437 1436/1436/1436 1435/1435/1435
f 1440/1440/1440 1439/1439/1439 1438/1438/1438
f 1443/1443/1443 1442/1442/1442 1441/1441/1441
f 1446/1446/1446 1445/1445/1445 1444/1444/1444
f 1449/1449/1449 1448/1448/1448 1447/1447/1447
f 1452/1452/1452 1451/1451/1451 1450/1450/1450
f 1455/1455/1455 1454/1454/1454 1453/1453/1453
f 1458/1458/1458 1457/1457/1457 1456/1456/1456
f 1461/1461/1461 1460/1460/1460 1459/1459/1459
f 1464/1464/1464 1463/1463/1463 1462/1462/1462
f 1467/1467/1467 1466/1466/1466 1465/1465/1465
f 1470/1470/1470 1469/1469/1469 1468/1468/1468
f 1473/1473/1473 1472/1472/1472 1471/1471/1471
f 1476/1476/1476 1475/1475/1475 1474/1474/1474
f 1479/1479/1479 1478/1478/1478 1477/1477/1477
f 1482/1482/1482 1481/1481/1481 1480/1480/1480
f 1485/1485/1485 1484/1484/1484 1483/1483/1483
f 1488/1488/1488 1487/1487/1487 1486/1486/1486
f 1491/1491/1491 1490/1490/1490 1489/1489/1489
f 1494/1494/1494 1493/1493/1493 1492/1492/1492
f 1497/1497/1497 1496/1496/1496 1495/1495/1495
f 1500/1500/1500 1499/1499/1499 1498/1498/1498
f 1503/1503/1503 1502/1502/1502 1501/1501/1501
f 1506/1506/1506 1505/1505/1505 1504/1504/1504
f 1509/1509/1509 1508/1508/1508 1507/1507/1507
f 1512/1512/1512 1511/1511/1511 1510/1510/1510
f 1515/1515/1515 1514/1514/1514 1513/1513/1513
f 1518/1518/1518 1517/1517/1517 1516/1516/1516
f 1521/1521/1521 1520/1520/1520 1519/1519/1519
f 1524/1524/1524 1523/1523/1523 1522/1522/1522
f 1527/1527/1527 1526/1526/1526 1525/1525/1525
f 1530/1530/1530 1529/1529/1529 1528/1528/1528
f 1533/1533/1533 1532/1532/1532 1531/1531/1531
f 1536/1536/1536 1535/1535/1535 1534/1534/1534
f 1539/1539/1539 1538/1538/1538 1537/1537/1537
f 1542/1542/1542 1541/1541/1541 1540/1540/1540
f 1545/1545/1545 1544/1544/1544 1543/1543/1543
f 1548/1548/1548 1547/1547/1547 1546/1546/1546
f 1551/1551/1551 1550/1550/1550 1549/1549/1549
f 1554/1554/1554 1553/1553/1553 1552/1552/1552
f 1557/1557/1557 1556/1556/1556 1555/1555/1555
f 1560/1560/1560 1559/1559/1559 1558/1558/1558
f 1563/1563/1563 1562/1562/1562 1561/1561/1561
f 1566/1566/1566 1565/1565/1565 1564/1564/1564
f 1569/1569/1569 1568/1568/1568 1567/1567/1567
f 1572/1572/1572 1571/1571/1571 1570/1570/1570
f 1575/1575/1575 1574/1574/1574 1573/1573/1573
f 1578/1578/1578 1577/1577/1577 1576/1576/1576
f 1581/1581/1581 1580/1580/1580 1579/1579/1579
f 1584/1584/1584 1583/1583/1583 1582/1582/1582
f 1587/1587/1587 1586/1586/1586 1585/1585/1585
f 1590/1590/1590 1589/1589/1589 1588/1588/1588
f 1593/1593/1593 1592/1592/1592 1591/1591/1591
f 1596/1596/1596 1595/1595/1595 1594/1594/1594
f 1599/1599/1599 1598/1598/1598 1597/1597/1597
f 1602/1602/1602 1601/1601/1601 1600/1600/1600
f 1605/1605/1605 1604/1604/1604 1603/1603/1603
f 1608/1608/1608 1607/1607/1607 1606/1606/1606
f 1611/1611/1611 1610/1610/1610 1609/1609/1609
f 1614/1614/1614 1613/1613/1613 1612/1612/1612
f 1617/1617/1617 1616/1616/1616 1615/1615/1615
f 1620/1620/1620 1619/1619/1619 1618/1618/1618
f 1623/1623/1623 1622/1622/1622 1621/1621/1621
f 1626/1626/1626 1625/1625/1625 1624/1624/1624
f 1629/1629/1629 1628/1628/1628 1627/1627/1627
f 1632/1632/1632 1631/1631/1631 1630/1630/1630
f 1635/1635/1635 1634/1634/1634 1633/1633/1633
f 1638/1638/1638 1637/1637/1637 1636/1636/1636
f 1641/1641/1641 1640/1640/1640 1639/1639/1639
f 1644/1644/1644 1643/1643/1643 1642/1642/1642
f 1647/1647/1647 1646/1646/1646 1645/1645/1645
f 1650/1650/1650 1649/1649/1649 1648/1648/1648
f 1653/1653/1653 1652/1652/1652 1651/1651/1651
f 1656/1656/1656 1655/1655/1655 1654/1654/1654
f 1659/1659/1659 1658/1658/1658 1657/1657/1657
f 1662/1662/1662 1661/1661/1661 1660/1660/1660
f 1665/1665/1665 1664/1664/1664 1663/1663/1663
f 1668/1668/1668 1667/1667/1667 1666/1666/1666
f 1671/1671/1671 1670/1670/1670 1669/1669/1669
f 1674/1674/1674 1673/1673/1673 1672/1672/1672
f 1677/1677/1677 1676/1676/1676 1675/1675/1675
f 1680/1680/1680 1679/1679/1679 1678/1678/1678
f 1683/1683/1683 1682/1682/1682 1681/1681/1681
f 1686/1686/1686 1685/1685/1685 1684/1684/1684
f 1689/1689/1689 1688/1688/1688 1687/1687/1687
f 1692/1692/1692 1691/1691/1691 1690/1690/1690
f 1695/1695/1695 1694/1694/1694 1693/1693/1693
f 1698/1698/1698 1697/1697/1697 1696/1696/1696
f 1701/1701/1701 1700/1700/1700 1699/1699/1699
f 1704/1704/1704 1703/1703/1703 1702/1702/1702
f 1707/1707/1707 1706/1706/1706 1705/1705/1705
f 1710/1710/1710 1709/1709/1709 1708/1708/1708
f 1713/1713/1713 1712/1712/1712 1711/1711/1711
f 1716/1716/1716 1715/1715/1715 1714/1714/1714
f 1719/1719/1719 1718/1718/1718 1717/1717/1717
f 1722/1722/1722 1721/1721/1721 1720/1720/1720
f 1725/1725/1725 1724/1724/1724 1723/1723/1723
f 1728/1728/1728 1727/1727/1727 1726/1726/1726
f 1731/1731/1731 1730/1730/1730 1729/1729/1729
f 1734/1734/1734 1733/1733/1733 1732/1732/1732
f 1737/1737/1737 1736/1736/1736 1735/1735/1735
f 1740/1740/1740 1739/1739/1739 1738/1738/1738
f 1743/1743/1743 1742/1742/1742 1741/1741/1741
f 1746/1746/1746 1745/1745/1745 1744/1744/1744
f 1749/1749/1749 1748/1748/1748 1747/1747/1747
f 1752/1752/1752 1751/1751/1751 1750/1750/1750
f 1755/1755/1755 1754/1754/1754 1753/1753/1753
f 1758/1758/1758 1757/1757/1757 1756/1756/1756
f 1761/1761/1761 1760/1760/1760 1759/1759/1759
f 1764/1764/1764 1763/1763/1763 1762/1762/1762
f 1767/1767/1767 1766/1766/1766 1765/1765/1765
f 1770/1770/1770 1769/1769/1769 1768/1768/1768
f 1773/1773/1773 1772/1772/1772 1771/1771/1771
f 1776/1776/1776 1775/1775/1775 1774/1774/1774
f 1779/1779/1779 1778/1778/1778 1777/1777/1777
f 1782/1782/1782 1781/1781/1781 1780/1780/1780
f 1785/1785/1785 1784/1784/1784 1783/1783/1783
f 1788/1788/1788 1787/1787/1787 1786/1786/1786
f 1791/1791/1791 1790/1790/1790 1789/1789/1789
f 1794/1794/1794 1793/1793/1793 1792/1792/1792
f 1797/1797/1797 1796/1796/1796 1795/1795/1795
f 1800/1800/1800 1799/1799/1799 1798/1798/1798
f 1803/1803/1803 1802/1802/1802 1801/1801/1801
f 1806/1806/1806 1805/1805/1805 1804/1804/1804
f 1809/1809/1809 1808/1808/1808 1807/1807/1807
f 1812/1812/1812 1811/1811/1811 1810/1810/1810
f 1815/1815/1815 1814/1814/1814 1813/1813/1813
f 1818/1818/1818 1817/1817/1817 1816/1816/1816
f 1821/1821/1821 1820/1820/1820 1819/1819/1819
f 1824/1824/1824 1823/1823/1823 1822/1822/1822
f 1827/1827/1827 1826/1826/1826 1825/1825/1825
f 1830/1830/1830 1829/1829/1829 1828/1828/1828
f 1833/1833/1833 1832/1832/1832 1831/1831/1831
f 1836/1836/1836 1835/1835/1835 1834/1834/1834
f 1839/1839/1839 1838/1838/1838 1837/1837/1837
f 1842/1842/1842 1841/1841/1841 1840/1840/1840
f 1845/1845/1845 1844/1844/1844 1843/1843/1843
f 1848/1848/1848 1847/1847/1847 1846/1846/1846
f 1851/1851/1851 1850/1850/1850 1849/1849/1849
f 1854/1854/1854 1853/1853/1853 1852/1852/1852
f 1857/1857/1857 1856/1856/1856 1855/1855/1855
f 1860/1860/1860 1859/1859/1859 1858/1858/1858
f 1863/1863/1863 1862/1862/1862 1861/1861/1861
f 1866/1866/1866 1865/1865/1865 1864/1864/1864
f 1869/1869/1869 1868/1868/1868 1867/1867/1867
f 1872/1872/1872 1871/1871/1871 1870/1870/1870
f 1875/1875/1875 1874/1874/1874 1873/1873/1873
f 1878/1878/1878 1877/1877/1877 1876/1876/1876
f 1881/1881/1881 1880/1880/1880 1879/1879/1879
f 1884/1884/1884 1883/1883/1883 1882/1882/1882
f 1887/1887/1887 1886/1886/1886 1885/1885/1885
f 1890/1890/1890 1889/1889/1889 1888/1888/1888
f 1893/1893/1893 1892/1892/1892 1891/1891/1891
f 1896/1896/1896 1895/1895/1895 1894/1894/1894
f 1899/1899/1899 1898/1898/1898 1897/1897/1897
f 1902/1902/1902 1901/1901/1901 1900/1900/1900
f 1905/1905/1905 1904/1904/1904 1903/1903/1903
f 1908/1908/1908 1907/1907/1907 1906/1906/1906
f 1911/1911/1911 1910/1910/1910 1909/1909/1909
f 1914/1914/1914 1913/1913/1913 1912/1912/1912
f 1917/1917/1917 1916/1916/1916 1915/1915/1915
f 1920/1920/1920 1919/1919/1919 1918/1918/1918
f 1923/1923/1923 1922/1922/1922 1921/1921/1921
f 1926/1926/1926 1925/1925/1925 1924/1924/1924
f 1929/1929/1929 1928/1928/1928 1927/1927/1927
f 1932/1932/1932 1931/1931/1931 1930/1930/1930
f 1935/1935/1935 1934/1934/1934 1933/1933/1933
f 1938/1938/1938 1937/1937/1937 1936/1936/1936
f 1941/1941/1941 1940/1940/1940 1939/1939/1939
f 1944/1944/1944 1943/1943/1943 1942/1942/1942
f 1947/1947/1947 1946/1946/1946 1945/1945/1945
f 1950/1950/1950 1949/1949/1949 1948/1948/1948
f 1953/1953/1953 1952/1952/1952 1951/1951/1951
f 1956/1956/1956 1955/1955/1955 1954/1954/1954
f 1959/1959/1959 1958/1958/1958 1957/1957/1957
f 1962/1962/1962 1961/1961/1961 1960/1960/1960
f 1965/1965/1965 1964/1964/1964 1963/1963/1963
f 1968/1968/1968 1967/1967/1967 1966/1966/1966
f 1971/1971/1971 1970/1970/1970 1969/1969/1969
f 1974/1974/1974 1973/1973/1973 1972/1972/1972
f 1977/1977/1977 1976/1976/1976 1975/1975/1975
f 1980/1980/1980 1979/1979/1979 1978/1978/1978
f 1983/1983/1983 1982/1982/1982 1981/1981/1981
f 1986/1986/1986 1985/1985/1985 1984/1984/1984
f 1989/1989/1989 1988/1988/1988 1987/1987/1987
f 1992/1992/1992 1991/1991/1991 1990/1990/1990
f 1995/1995/1995 1994/1994/1994 1993/1993/1993
f 1998/1998/1998 1997/1997/1997 1996/1996/1996
f 2001/2001/2001 2000/2000/2000 1999/1999/1999
f 2004/2004/2004 2003/2003/2003 2002/2002/2002
f 2007/2007/2007 2006/2006/2006 2005/2005/2005
f 2010/2010/2010 2009/2009/2009 2008/2008/2008
f 2013/2013/2013 2012/2012/2012 2011/2011/2011
f 2016/2016/2016 2015/2015/2015 2014/2014/2014
f 2019/2019/2019 2018/2018/2018 2017/2017/2017
f 2022/2022/2022 2021/2021/2021 2020/2020/2020
f 2025/2025/2025 2024/2024/2024 2023/2023/2023
f 2028/2028/2028 2027/2027/2027 2026/2026/2026
f 2031/2031/2031 2030/2030/2030 2029/2029/2029
f 2034/2034/2034 2033/2033/2033 2032/2032/2032
f 2037/2037/2037 2036/2036/2036 2035/2035/2035
f 2040/2040/2040 2039/2039/2039 2038/2038/2038
f 2043/2043/2043 2042/2042/2042 2041/2041/2041
f 2046/2046/2046 2045/2045/2045 2044/2044/2044
f 2049/2049/2049 2048/2048/2048 2047/2047/2047
f 2052/2052/2052 2051/2051/2051 2050/2050/2050
f 2055/2055/2055 2054/2054/2054 2053/2053/2053
f 2058/2058/2058 2057/2057/2057 2056/2056/2056
f 2061/2061/2061 2060/2060/2060 2059/2059/2059
f 2064/2064/2064 2063/2063/2063 2062/2062/2062
f 2067/2067/2067 2066/2066/2066 2065/2065/2065
f 2070/2070/2070 2069/2069/2069 2068/2068/2068
f 2073/2073/2073 2072/2072/2072 2071/2071/2071
f 2076/2076/2076 2075/2075/2075 2074/2074/2074
f 2079/2079/2079 2078/2078/2078 2077/2077/2077
f 2082/2082/2082 2081/2081/2081 2080/2080/2080
f 2085/2085/2085 2084/2084/2084 2083/2083/2083
f 2088/2088/2088 2087/2087/2087 2086/2086/2086
f 2091/2091/2091 2090/2090/2090 2089/2089/2089
f 2094/2094/2094 2093/2093/2093 2092/2092/2092
f 2097/2097/2097 2096/2096/2096 2095/2095/2095
f 2100/2100/2100 2099/2099/2099 2098/2098/2098
f 2103/2103/2103 2102/2102/2102 2101/2101/2101
f 2106/2106/2106 2105/2105/2105 2104/2104/2104
f 2109/2109/2109 2108/2108/2108 2107/2107/2107
f 2112/2112/2112 2111/2111/2111 2110/2110/2110
f 2115/2115/2115 2114/2114/2114 2113/2113/2113
f 2118/2118/2118 2117/2117/2117 2116/2116/2116
f 2121/2121/2121 2120/2120/2120 2119/2119/2119
f 2124/2124/2124 2123/2123/2123 2122/2122/2122
f 2127/2127/2127 2126/2126/2126 2125/2125/2125
f 2130/2130/2130 2129/2129/2129 2128/2128/2128
f 2133/2133/2133 2132/2132/2132 2131/2131/2131
f 2136/2136/2136 2135/2135/2135 2134/2134/2134
f 2139/2139/2139 2138/2138/2138 2137/2137/2137
f 2142/2142/2142 2141/2141/2141 2140/2140/2140
f 2145/2145/2145 2144/2144/2144 2143/2143/2143
f 2148/2148/2148 2147/2147/2147 2146/2146/2146
f 2151/2151/2151 2150/2150/2150 2149/2149/2149
f 2154/2154/2154 2153/2153/2153 2152/2152/2152
f 2157/2157/2157 2156/2156/2156 2155/2155/2155
f 2160/2160/2160 2159/2159/2159 2158/2158/2158
f 2163/2163/2163 2162/2162/2162 2161/2161/2161
f 2166/2166/2166 2165/2165/2165 2164/2164/2164
f 2169/2169/2169 2168/2168/2168 2167/2167/2167
f 2172/2172/2172 2171/2171/2171 2170/2170/2170
f 2175/2175/2175 2174/2174/2174 2173/2173/2173
f 2178/2178/2178 2177/2177/2177 2176/2176/2176
f 2181/2181/2181 2180/2180/2180 2179/2179/2179
f 2184/2184/2184 2183/2183/2183 2182/2182/2182
f 2187/2187/2187 2186/2186/2186 2185/2185/2185
f 2190/2190/2190 2189/2189/2189 2188/2188/2188
f 2193/2193/2193 2192/2192/2192 2191/2191/2191
f 2196/2196/2196 2195/2195/2195 2194/2194/2194
f 2199/2199/2199 2198/2198/2198 2197/2197/2197
f 2202/2202/2202 2201/2201/2201 2200/2200/2200
f 2205/2205/2205 2204/2204/2204 2203/2203/2203
f 2208/2208/2208 2207/2207/2207 2206/2206/2206
f 2211/2211/2211 2210/2210/2210 2209/2209/2209
f 2214/2214/2214 2213/2213/2213 2212/2212/2212
f 2217/2217/2217 2216/2216/2216 2215/2215/2215
f 2220/2220/2220 2219/2219/2219 2218/2218/2218
f 2223/2223/2223 2222/2222/2222 2221/2221/2221
f 2226/2226/2226 2225/2225/2225 2224/2224/2224
f 2229/2229/2229 2228/2228/2228 2227/2227/2227
f 2232/2232/2232 2231/2231/2231 2230/2230/2230
f 2235/2235/2235 2234/2234/2234 2233/2233/2233
f 2238/2238/2238 2237/2237/2237 2236/2236/2236
f 2241/2241/2241 2240/2240/2240 2239/2239/2239
f 2244/2244/2244 2243/2243/2243 2242/2242/2242
f 2247/2247/2247 2246/2246/2246 2245/2245/2245
f 2250/2250/2250 2249/2249/2249 2248/2248/2248
f 2253/2253/2253 2252/2252/2252 2251/2251/2251
f 2256/2256/2256 2255/2255/2255 2254/2254/2254
f 2259/2259/2259 2258/2258/2258 2257/2257/2257
f 2262/2262/2262 2261/2261/2261 2260/2260/2260
f 2265/2265/2265 2264/2264/2264 2263/2263/2263
f 2268/2268/2268 2267/2267/2267 2266/2266/2266
f 2271/2271/2271 2270/2270/2270 2269/2269/2269
f 2274/2274/2274 2273/2273/2273 2272/2272/2272
f 2277/2277/2277 2276/2276/2276 2275/2275/2275
f 2280/2280/2280 2279/2279/2279 2278/2278/2278
f 2283/2283/2283 2282/2282/2282 2281/2281/2281
f 2286/2286/2286 2285/2285/2285 2284/2284/2284
f 2289/2289/2289 2288/2288/2288 2287/2287/2287
f 2292/2292/2292 2291/2291/2291 2290/2290/2290
f 2295/2295/2295 2294/2294/2294 2293/2293/2293
f 2298/2298/2298 2297/2297/2297 2296/2296/2296
f 2301/2301/2301 2300/2300/2300 2299/2299/2299
f 2304/2304/2304 2303/2303/2303 2302/2302/2302
f 2307/2307/2307 2306/2306/2306 2305/2305/2305
f 2310/2310/2310 2309/2309/2309 2308/2308/2308
f 2313/2313/2313 2312/2312/2312 2311/2311/2311
f 2316/2316/2316 2315/2315/2315 2314/2314/2314
f 2319/2319/2319 2318/2318/2318 2317/2317/2317
f 2322/2322/2322 2321/2321/2321 2320/2320/2320
f 2325/2325/2325 2324/2324/2324 2323/2323/2323
f 2328/2328/2328 2327/2327/2327 2326/2326/2326
f 2331/2331/2331 2330/2330/2330 2329/2329/2329
f 2334/2334/2334 2333/2333/2333 2332/2332/2332
f 2337/2337/2337 2336/2336/2336 2335/2335/2335
f 2340/2340/2340 2339/2339/2339 2338/2338/2338
f 2343/2343/2343 2342/2342/2342 2341/2341/2341
f 2346/2346/2346 2345/2345/2345 2344/2344/2344
f 2349/2349/2349 2348/2348/2348 2347/2347/2347
f 2352/2352/2352 2351/2351/2351 2350/2350/2350
f 2355/2355/2355 2354/2354/2354 2353/2353/2353
f 2358/2358/2358 2357/2357/2357 2356/2356/2356
f 2361/2361/2361 2360/2360/2360 2359/2359/2359
f 2364/2364/2364 2363/2363/2363 2362/2362/2362
f 2367/2367/2367 2366/2366/2366 2365/2365/2365
f 2370/2370/2370 2369/2369/2369 2368/2368/2368
f 2373/2373/2373 2372/2372/2372 2371/2371/2371
f 2376/2376/2376 2375/2375/2375 2374/2374/2374
f 2379/2379/2379 2378/2378/2378 2377/2377/2377
f 2382/2382/2382 2381/2381/2381 2380/2380/2380
f 2385/2385/2385 2384/2384/2384 2383/2383/2383
f 2388/2388/2388 2387/2387/2387 2386/2386/2386
f 2391/2391/2391 2390/2390/2390 2389/2389/2389
f 2394/2394/2394 2393/2393/2393 2392/2392/2392
f 2397/2397/2397 2396/2396/2396 2395/2395/2395
f 2400/2400/2400 2399/2399/2399 2398/2398/2398
f 2403/2403/2403 2402/2402/2402 2401/2401/2401
f 2406/2406/2406 2405/2405/2405 2404/2404/2404
f 2409/2409/2409 2408/2408/2408 2407/2407/2407
f 2412/2412/2412 2411/2411/2411 2410/2410/2410
f 2415/2415/2415 2414/2414/2414 2413/2413/2413
f 2418/2418/2418 2417/2417/2417 2416/2416/2416
f 2421/2421/2421 2420/2420/2420 2419/2419/2419
f 2424/2424/2424 2423/2423/2423 2422/2422/2422
f 2427/2427/2427 2426/2426/2426 2425/2425/2425
f 2430/2430/2430 2429/2429/2429 2428/2428/2428
f 2433/2433/2433 2432/2432/2432 2431/2431/2431
f 2436/2436/2436 2435/2435/2435 2434/2434/2434
f 2439/2439/2439 2438/2438/2438 2437/2437/2437
f 2442/2442/2442 2441/2441/2441 2440/2440/2440
f 2445/2445/2445 2444/2444/2444 2443/2443/2443
f 2448/2448/2448 2447/2447/2447 2446/2446/2446
f 2451/2451/2451 2450/2450/2450 2449/2449/2449
f 2454/2454/2454 2453/2453/2453 2452/2452/2452
f 2457/2457/2457 2456/2456/2456 2455/2455/2455
f 2460/2460/2460 2459/2459/2459 2458/2458/2458
f 2463/2463/2463 2462/2462/2462 2461/2461/2461
f 2466/2466/2466 2465/2465/2465 2464/2464/2464
f 2469/2469/2469 2468/2468/2468 2467/2467/2467
f 2472/2472/2472 2471/2471/2471 2470/2470/2470
f 2475/2475/2475 2474/2474/2474 2473/2473/2473
f 2478/2478/2478 2477/2477/2477 2476/2476/2476
f 2481/2481/2481 2480/2480/2480 2479/2479/2479
f 2484/2484/2484 2483/2483/2483 2482/2482/2482
f 2487/2487/2487 2486/2486/2486 2485/2485/2485
f 2490/2490/2490 2489/2489/2489 2488/2488/2488
f 2493/2493/2493 2492/2492/2492 2491/2491/2491
f 2496/2496/2496 2495/2495/2495 2494/2494/2494
f 2499/2499/2499 2498/2498/2498 2497/2497/2497
f 2502/2502/2502 2501/2501/2501 2500/2500/2500
f 2505/2505/2505 2504/2504/2504 2503/2503/2503
f 2508/2508/2508 2507/2507/2507 2506/2506/2506
f 2511/2511/2511 2510/2510/2510 2509/2509/2509
f 2514/2514/2514 2513/2513/2513 2512/2512/2512
f 2517/2517/2517 2516/2516/2516 2515/2515/2515
f 2520/2520/2520 2519/2519/2519 2518/2518/2518
f 2523/2523/2523 2522/2522/2522 2521/2521/2521
f 2526/2526/2526 2525/2525/2525 2524/2524/2524
f 2529/2529/2529 2528/2528/2528 2527/2527/2527
f 2532/2532/2532 2531/2531/2531 2530/2530/2530
f 2535/2535/2535 2534/2534/2534 2533/2533/2533
f 2538/2538/2538 2537/2537/2537 2536/2536/2536
f 2541/2541/2541 2540/2540/2540 2539/2539/2539
f 2544/2544/2544 2543/2543/2543 2542/2542/2542
f 2547/2547/2547 2546/2546/2546 2545/2545/2545
f 2550/2550/2550 2549/2549/2549 2548/2548/2548
f 2553/2553/2553 2552/2552/2552 2551/2551/2551
f 2556/2556/2556 2555/2555/2555 2554/2554/2554
f 2559/2559/2559 2558/2558/2558 2557/2557/2557
f 2562/2562/2562 2561/2561/2561 2560/2560/2560
f 2565/2565/2565 2564/2564/2564 2563/2563/2563
f 2568/2568/2568 2567/2567/2567 2566/2566/2566
f 2571/2571/2571 2570/2570/2570 2569/2569/2569
f 2574/2574/2574 2573/2573/2573 2572/2572/2572
f 2577/2577/2577 2576/2576/2576 2575/2575/2575
f 2580/2580/2580 2579/2579/2579 2578/2578/2578
f 2583/2583/2583 2582/2582/2582 2581/2581/2581
f 2586/2586/2586 2585/2585/2585 2584/2584/2584
f 2589/2589/2589 2588/2588/2588 2587/2587/2587
f 2592/2592/2592 2591/2591/2591 2590/2590/2590
f 2595/2595/2595 2594/2594/2594 2593/2593/2593
f 2598/2598/2598 2597/2597/2597 2596/2596/2596
f 2601/2601/2601 2600/2600/2600 2599/2599/2599
f 2604/2604/2604 2603/2603/2603 2602/2602/2602
f 2607/2607/2607 2606/2606/2606 2605/2605/2605
f 2610/2610/2610 2609/2609/2609 2608/2608/2608
f 2613/2613/2613 2612/2612/2612 2611/2611/2611
f 2616/2616/2616 2615/2615/2615 2614/2614/2614
f 2619/2619/2619 2618/2618/2618 2617/2617/2617
f 2622/2622/2622 2621/2621/2621 2620/2620/2620
f 2625/2625/2625 2624/2624/2624 2623/2623/2623
f 2628/2628/2628 2627/2627/2627 2626/2626/2626
f 2631/2631/2631 2630/2630/2630 2629/2629/2629
f 2634/2634/2634 2633/2633/2633 2632/2632/2632
f 2637/2637/2637 2636/2636/2636 2635/2635/2635
f 2640/2640/2640 2639/2639/2639 2638/2638/2638
f 2643/2643/2643 2642/2642/2642 2641/2641/2641
f 2646/2646/2646 2645/2645/2645 2644/2644/2644
f 2649/2649/2649 2648/2648/2648 2647/2647/2647
f 2652/2652/2652 2651/2651/2651 2650/2650/2650
f 2655/2655/2655 2654/2654/2654 2653/2653/2653
f 2658/2658/2658 2657/2657/2657 2656/2656/2656
f 2661/2661/2661 2660/2660/2660 2659/2659/2659
f 2664/2664/2664 2663/2663/2663 2662/2662/2662
f 2667/2667/2667 2666/2666/2666 2665/2665/2665
f 2670/2670/2670 2669/2669/2669 2668/2668/2668
f 2673/2673/2673 2672/2672/2672 2671/2671/2671
f 2676/2676/2676 2675/2675/2675 2674/2674/2674
f 2679/2679/2679 2678/2678/2678 2677/2677/2677
f 2682/2682/2682 2681/2681/2681 2680/2680/2680
f 2685/2685/2685 2684/2684/2684 2683/2683/2683
f 2688/2688/2688 2687/2687/2687 2686/2686/2686
f 2691/2691/2691 2690/2690/2690 2689/2689/2689
f 2694/2694/2694 2693/2693/2693 2692/2692/2692
f 2697/2697/2697 2696/2696/2696 2695/2695/2695
f 2700/2700/2700 2699/2699/2699 2698/2698/2698
f 2703/2703/2703 2702/2702/2702 2701/2701/2701
f 2706/2706/2706 2705/2705/2705 2704/2704/2704
f 2709/2709/2709 2708/2708/2708 2707/2707/2707
f 2712/2712/2712 2711/2711/2711 2710/2710/2710
f 2715/2715/2715 2714/2714/2714 2713/2713/2713
f 2718/2718/2718 2717/2717/2717 2716/2716/2716
f 2721/2721/2721 2720/2720/2720 2719/2719/2719
f 2724/2724/2724 2723/2723/2723 2722/2722/2722
f 2727/2727/2727 2726/2726/2726 2725/2725/2725
f 2730/2730/2730 2729/2729/2729 2728/2728/2728
f 2733/2733/2733 2732/2732/2732 2731/2731/2731
f 2736/2736/2736 2735/2735/2735 2734/2734/2734
f 2739/2739/2739 2738/2738/2738 2737/2737/2737
f 2742/2742/2742 2741/2741/2741 2740/2740/2740
f 2745/2745/2745 2744/2744/2744 2743/2743/2743
f 2748/2748/2748 2747/2747/2747 2746/2746/2746
f 2751/2751/2751 2750/2750/2750 2749/2749/2749
f 2754/2754/2754 2753/2753/2753 2752/2752/2752
f 2757/2757/2757 2756/2756/2756 2755/2755/2755
f 2760/2760/2760 2759/2759/2759 2758/2758/2758
f 2763/2763/2763 2762/2762/2762 2761/2761/2761
f 2766/2766/2766 2765/2765/2765 2764/2764/2764
f 2769/2769/2769 2768/2768/2768 2767/2767/2767
f 2772/2772/2772 2771/2771/2771 2770/2770/2770
f 2775/2775/2775 2774/2774/2774 2773/2773/2773
f 2778/2778/2778 2777/2777/2777 2776/2776/2776
f 2781/2781/2781 2780/2780/2780 2779/2779/2779
f 2784/2784/2784 2783/2783/2783 2782/2782/2782
f 2787/2787/2787 2786/2786/2786 2785/2785/2785
f 2790/2790/2790 2789/2789/2789 2788/2788/2788
f 2793/2793/2793 2792/2792/2792 2791/2791/2791
f 2796/2796/2796 2795/2795/2795 2794/2794/2794
f 2799/2799/2799 2798/2798/2798 2797/2797/2797
f 2802/2802/2802 2801/2801/2801 2800/2800/2800
f 2805/2805/2805 2804/2804/2804 2803/2803/2803
f 2808/2808/2808 2807/2807/2807 2806/2806/2806
f 2811/2811/2811 2810/2810/2810 2809/2809/2809
f 2814/2814/2814 2813/2813/2813 2812/2812/2812
f 2817/2817/2817 2816/2816/2816 2815/2815/2815
f 2820/2820/2820 2819/2819/2819 2818/2818/2818
f 2823/2823/2823 2822/2822/2822 2821/2821/2821
f 2826/2826/2826 2825/2825/2825 2824/2824/2824
f 2829/2829/2829 2828/2828/2828 2827/2827/2827
f 2832/2832/2832 2831/2831/2831 2830/2830/2830
f 2835/2835/2835 2834/2834/2834 2833/2833/2833
f 2838/2838/2838 2837/2837/2837 2836/2836/2836
f 2841/2841/2841 2840/2840/2840 2839/2839/2839
f 2844/2844/2844 2843/2843/2843 2842/2842/2842
f 2847/2847/2847 2846/2846/2846 2845/2845/2845
f 2850/2850/2850 2849/2849/2849 2848/2848/2848
f 2853/2853/2853 2852/2852/2852 2851/2851/2851
f 2856/2856/2856 2855/2855/2855 2854/2854/2854
f 2859/2859/2859 2858/2858/2858 2857/2857/2857
f 2862/2862/2862 2861/2861/2861 2860/2860/2860
f 2865/2865/2865 2864/2864/2864 2863/2863/2863
f 2868/2868/2868 2867/2867/2867 2866/2866/2866
f 2871/2871/2871 2870/2870/2870 2869/2869/2869
f 2874/2874/2874 2873/2873/2873 2872/2872/2872
f 2877/2877/2877 2876/2876/2876 2875/2875/2875
f 2880/2880/2880 2879/2879/2879 2878/2878/2878
f 2883/2883/2883 2882/2882/2882 2881/2881/2881
f 2886/2886/2886 2885/2885/2885 2884/2884/2884
f 2889/2889/2889 2888/2888/2888 2887/2887/2887
f 2892/2892/2892 2891/2891/2891 2890/2890/2890
f 2895/2895/2895 2894/2894/2894 2893/2893/2893
f 2898/2898/2898 2897/2897/2897 2896/2896/2896
f 2901/2901/2901 2900/2900/2900 2899/2899/2899
f 2904/2904/2904 2903/2903/2903 2902/2902/2902
f 2907/2907/2907 2906/2906/2906 2905/2905/2905
f 2910/2910/2910 2909/2909/2909 2908/2908/2908
f 2913/2913/2913 2912/2912/2912 2911/2911/2911
f 2916/2916/2916 2915/2915/2915 2914/2914/2914
f 2919/2919/2919 2918/2918/2918 2917/2917/2917
f 2922/2922/2922 2921/2921/2921 2920/2920/2920
f 2925/2925/2925 2924/2924/2924 2923/2923/2923
f 2928/2928/2928 2927/2927/2927 2926/2926/2926
f 2931/2931/2931 2930/2930/2930 2929/2929/2929
f 2934/2934/2934 2933/2933/2933 2932/2932/2932
f 2937/2937/2937 2936/2936/2936 2935/2935/2935
f 2940/2940/2940 2939/2939/2939 2938/2938/2938
f 2943/2943/2943 2942/2942/2942 2941/2941/2941
f 2946/2946/2946 2945/2945/2945 2944/2944/2944
f 2949/2949/2949 2948/2948/2948 2947/2947/2947
f 2952/2952/2952 2951/2951/2951 2950/2950/2950
f 2955/2955/2955 2954/2954/2954 2953/2953/2953
f 2958/2958/2958 2957/2957/2957 2956/2956/2956
f 2961/2961/2961 2960/2960/2960 2959/2959/2959
f 2964/2964/2964 2963/2963/2963 2962/2962/2962
f 2967/2967/2967 2966/2966/2966 2965/2965/2965
f 2970/2970/2970 2969/2969/2969 2968/2968/2968
f 2973/2973/2973 2972/2972/2972 2971/2971/2971
f 2976/2976/2976 2975/2975/2975 2974/2974/2974
f 2979/2979/2979 2978/2978/2978 2977/2977/2977
f 2982/2982/2982 2981/2981/2981 2980/2980/2980
f 2985/2985/2985 2984/2984/2984 2983/2983/2983
f 2988/2988/2988 2987/2987/2987 2986/2986/2986
f 2991/2991/2991 2990/2990/2990 2989/2989/2989
f 2994/2994/2994 2993/2993/2993 2992/2992/2992
f 2997/2997/2997 2996/2996/2996 2995/2995/2995
f 3000/3000/3000 2999/2999/2999 2998/2998/2998
f 3003/3003/3003 3002/3002/3002 3001/3001/3001
f 3006/3006/3006 3005/3005/3005 3004/3004/3004
f 3009/3009/3009 3008/3008/3008 3007/3007/3007
f 3012/3012/3012 3011/3011/3011 3010/3010/3010
f 3015/3015/3015 3014/3014/3014 3013/3013/3013
f 3018/3018/3018 3017/3017/3017 3016/3016/3016
f 3021/3021/3021 3020/3020/3020 3019/3019/3019
f 3024/3024/3024 3023/3023/3023 3022/3022/3022
f 3027/3027/3027 3026/3026/3026 3025/3025/3025
f 3030/3030/3030 3029/3029/3029 3028/3028/3028
f 3033/3033/3033 3032/3032/3032 3031/3031/3031
f 3036/3036/3036 3035/3035/3035 3034/3034/3034
f 3039/3039/3039 3038/3038/3038 3037/3037/3037
f 3042/3042/3042 3041/3041/3041 3040/3040/3040
f 3045/3045/3045 3044/3044/3044 3043/3043/3043
f 3048/3048/3048 3047/3047/3047 3046/3046/3046
f 3051/3051/3051 3050/3050/3050 3049/3049/3049
f 3054/3054/3054 3053/3053/3053 3052/3052/3052
f 3057/3057/3057 3056/3056/3056 3055/3055/3055
f 3060/3060/3060 3059/3059/3059 3058/3058/3058
f 3063/3063/3063 3062/3062/3062 3061/3061/3061
f 3066/3066/3066 3065/3065/3065 3064/3064/3064
f 3069/3069/3069 3068/3068/3068 3067/3067/3067
f 3072/3072/3072 3071/3071/3071 3070/3070/3070
f 3075/3075/3075 3074/3074/3074 3073/3073/3073
f 3078/3078/3078 3077/3077/3077 3076/3076/3076
f 3081/3081/3081 3080/3080/3080 3079/3079/3079
f 3084/3084/3084 3083/3083/3083 3082/3082/3082
f 3087/3087/3087 3086/3086/3086 3085/3085/3085
f 3090/3090/3090 3089/3089/3089 3088/3088/3088
f 3093/3093/3093 3092/3092/3092 3091/3091/3091
f 3096/3096/3096 3095/3095/3095 3094/3094/3094
f 3099/3099/3099 3098/3098/3098 3097/3097/3097
f 3102/3102/3102 3101/3101/3101 3100/3100/3100
f 3105/3105/3105 3104/3104/3104 3103/3103/3103
f 3108/3108/3108 3107/3107/3107 3106/3106/3106
f 3111/3111/3111 3110/3110/3110 3109/3109/3109
f 3114/3114/3114 3113/3113/3113 3112/3112/3112
f 3117/3117/3117 3116/3116/3116 3115/3115/3115
f 3120/3120/3120 3119/3119/3119 3118/3118/3118
f 3123/3123/3123 3122/3122/3122 3121/3121/3121
f 3126/3126/3126 3125/3125/3125 3124/3124/3124
f 3129/3129/3129 3128/3128/3128 3127/3127/3127
f 3132/3132/3132 3131/3131/3131 3130/3130/3130
f 3135/3135/3135 3134/3134/3134 3133/3133/3133
f 3138/3138/3138 3137/3137/3137 3136/3136/3136
f 3141/3141/3141 3140/3140/3140 3139/3139/3139
f 3144/3144/3144 3143/3143/3143 3142/3142/3142
f 3147/3147/3147 3146/3146/3146 3145/3145/3145
f 3150/3150/3150 3149/3149/3149 3148/3148/3148
f 3153/3153/3153 3152/3152/3152 3151/3151/3151
f 3156/3156/3156 3155/3155/3155 3154/3154/3154
f 3159/3159/3159 3158/3158/3158 3157/3157/3157
f 3162/3162/3162 3161/3161/3161 3160/3160/3160
f 3165/3165/3165 3164/3164/3164 3163/3163/3163
f 3168/3168/3168 3167/3167/3167 3166/3166/3166
f 3171/3171/3171 3170/3170/3170 3169/3169/3169
f 3174/3174/3174 3173/3173/3173 3172/3172/3172
f 3177/3177/3177 3176/3176/3176 3175/3175/3175
f 3180/3180/3180 3179/3179/3179 3178/3178/3178
f 3183/3183/3183 3182/3182/3182 3181/3181/3181
f 3186/3186/3186 3185/3185/3185 3184/3184/3184
f 3189/3189/3189 3188/3188/3188 3187/3187/3187
f 3192/3192/3192 3191/3191/3191 3190/3190/3190
f 3195/3195/3195 3194/3194/3194 3193/3193/3193
f 3198/3198/3198 3197/3197/3197 3196/3196/3196
f 3201/3201/3201 3200/3200/3200 3199/3199/3199
f 3204/3204/3204 3203/3203/3203 3202/3202/3202
f 3207/3207/3207 3206/3206/3206 3205/3205/3205
f 3210/3210/3210 3209/3209/3209 3208/3208/3208
f 3213/3213/3213 3212/3212/3212 3211/3211/3211
f 3216/3216/3216 3215/3215/3215 3214/3214/3214
f 3219/3219/3219 3218/3218/3218 3217/3217/3217
f 3222/3222/3222 3221/3221/3221 3220/3220/3220
f 3225/3225/3225 3224/3224/3224 3223/3223/3223
f 3228/3228/3228 3227/3227/3227 3226/3226/3226
f 3231/3231/3231 3230/3230/3230 3229/3229/3229
f 3234/3234/3234 3233/3233/3233 3232/3232/3232
f 3237/3237/3237 3236/3236/3236 3235/3235/3235
f 3240/3240/3240 3239/3239/3239 3238/3238/3238
f 3243/3243/3243 3242/3242/3242 3241/3241/3241
f 3246/3246/3246 3245/3245/3245 3244/3244/3244
f 3249/3249/3249 3248/3248/3248 3247/3247/3247
f 3252/3252/3252 3251/3251/3251 3250/3250/3250
f 3255/3255/3255 3254/3254/3254 3253/3253/3253
f 3258/3258/3258 3257/3257/3257 3256/3256/3256
f 3261/3261/3261 3260/3260/3260 3259/3259/3259
f 3264/3264/3264 3263/3263/3263 3262/3262/3262
f 3267/3267/3267 3266/3266/3266 3265/3265/3265
f 3270/3270/3270 3269/3269/3269 3268/3268/3268
f 3273/3273/3273 3272/3272/3272 3271/3271/3271
f 3276/3276/3276 3275/3275/3275 3274/3274/3274
f 3279/3279/3279 3278/3278/3278 3277/3277/3277
f 3282/3282/3282 3281/3281/3281 3280/3280/3280
f 3285/3285/3285 3284/3284/3284 3283/3283/3283
f 3288/3288/3288 3287/3287/3287 3286/3286/3286
f 3291/3291/3291 3290/3290/3290 3289/3289/3289
f 3294/3294/3294 3293/3293/3293 3292/3292/3292
f 3297/3297/3297 3296/3296/3296 3295/3295/3295
f 3300/3300/3300 3299/3299/3299 3298/3298/3298
f 3303/3303/3303 3302/3302/3302 3301/3301/3301
f 3306/3306/3306 3305/3305/3305 3304/3304/3304
f 3309/3309/3309 3308/3308/3308 3307/3307/3307
f 3312/3312/3312 3311/3311/3311 3310/3310/3310
f 3315/3315/3315 3314/3314/3314 3313/3313/3313
f 3318/3318/3318 3317/3317/3317 3316/3316/3316
f 3321/3321/3321 3320/3320/3320 3319/3319/3319
f 3324/3324/3324 3323/3323/3323 3322/3322/3322
f 3327/3327/3327 3326/3326/3326 3325/3325/3325
f 3330/3330/3330 3329/3329/3329 3328/3328/3328
f 3333/3333/3333 3332/3332/3332 3331/3331/3331
f 3336/3336/3336 3335/3335/3335 3334/3334/3334
f 3339/3339/3339 3338/3338/3338 3337/3337/3337
f 3342/3342/3342 3341/3341/3341 3340/3340/3340
f 3345/3345/3345 3344/3344/3344 3343/3343/3343
f 3348/3348/3348 3347/3347/3347 3346/3346/3346
f 3351/3351/3351 3350/3350/3350 3349/3349/3349
f 3354/3354/3354 3353/3353/3353 3352/3352/3352
f 3357/3357/3357 3356/3356/3356 3355/3355/3355
f 3360/3360/3360 3359/3359/3359 3358/3358/3358
f 3363/3363/3363 3362/3362/3362 3361/3361/3361
f 3366/3366/3366 3365/3365/3365 3364/3364/3364
f 3369/3369/3369 3368/3368/3368 3367/3367/3367
f 3372/3372/3372 3371/3371/3371 3370/3370/3370
f 3375/3375/3375 3374/3374/3374 3373/3373/3373
f 3378/3378/3378 3377/3377/3377 3376/3376/3376
f 3381/3381/3381 3380/3380/3380 3379/3379/3379
f 3384/3384/3384 3383/3383/3383 3382/3382/3382
f 3387/3387/3387 3386/3386/3386 3385/3385/3385
f 3390/3390/3390 3389/3389/3389 3388/3388/3388
f 3393/3393/3393 3392/3392/3392 3391/3391/3391
f 3396/3396/3396 3395/3395/3395 3394/3394/3394
f 3399/3399/3399 3398/3398/3398 3397/3397/3397
f 3402/3402/3402 3401/3401/3401 3400/3400/3400
f 3405/3405/3405 3404/3404/3404 3403/3403/3403
f 3408/3408/3408 3407/3407/3407 3406/3406/3406
f 3411/3411/3411 3410/3410/3410 3409/3409/3409
f 3414/3414/3414 3413/3413/3413 3412/3412/3412
f 3417/3417/3417 3416/3416/3416 3415/3415/3415
f 3420/3420/3420 3419/3419/3419 3418/3418/3418
f 3423/3423/3423 3422/3422/3422 3421/3421/3421
f 3426/3426/3426 3425/3425/3425 3424/3424/3424
f 3429/3429/3429 3428/3428/3428 3427/3427/3427
f 3432/3432/3432 3431/3431/3431 3430/3430/3430
f 3435/3435/3435 3434/3434/3434 3433/3433/3433
f 3438/3438/3438 3437/3437/3437 3436/3436/3436
f 3441/3441/3441 3440/3440/3440 3439/3439/3439
f 3444/3444/3444 3443/3443/3443 3442/3442/3442
f 3447/3447/3447 3446/3446/3446 3445/3445/3445
f 3450/3450/3450 3449/3449/3449 3448/3448/3448
f 3453/3453/3453 3452/3452/3452 3451/3451/3451
f 3456/3456/3456 3455/3455/3455 3454/3454/3454
f 3459/3459/3459 3458/3458/3458 3457/3457/3457
f 3462/3462/3462 3461/3461/3461 3460/3460/3460
f 3465/3465/3465 3464/3464/3464 3463/3463/3463
f 3468/3468/3468 3467/3467/3467 3466/3466/3466
f 3471/3471/3471 3470/3470/3470 3469/3469/3469
f 3474/3474/3474 3473/3473/3473 3472/3472/3472
f 3477/3477/3477 3476/3476/3476 3475/3475/3475
f 3480/3480/3480 3479/3479/3479 3478/3478/3478
f 3483/3483/3483 3482/3482/3482 3481/3481/3481
f 3486/3486/3486 3485/3485/3485 3484/3484/3484
f 3489/3489/3489 3488/3488/3488 3487/3487/3487
f 3492/3492/3492 3491/3491/3491 3490/3490/3490
f 3495/3495/3495 3494/3494/3494 3493/3493/3493
f 3498/3498/3498 3497/3497/3497 3496/3496/3496
f 3501/3501/3501 3500/3500/3500 3499/3499/3499
f 3504/3504/3504 3503/3503/3503 3502/3502/3502
f 3507/3507/3507 3506/3506/3506 3505/3505/3505
f 3510/3510/3510 3509/3509/3509 3508/3508/3508
f 3513/3513/3513 3512/3512/3512 3511/3511/3511
f 3516/3516/3516 3515/3515/3515 3514/3514/3514
f 3519/3519/3519 3518/3518/3518 3517/3517/3517
f 3522/3522/3522 3521/3521/3521 3520/3520/3520
f 3525/3525/3525 3524/3524/3524 3523/3523/3523
f 3528/3528/3528 3527/3527/3527 3526/3526/3526
f 3531/3531/3531 3530/3530/3530 3529/3529/3529
f 3534/3534/3534 3533/3533/3533 3532/3532/3532
f 3537/3537/3537 3536/3536/3536 3535/3535/3535
f 3540/3540/3540 3539/3539/3539 3538/3538/3538
f 3543/3543/3543 3542/3542/3542 3541/3541/3541
f 3546/3546/3546 3545/3545/3545 3544/3544/3544
f 3549/3549/3549 3548/3548/3548 3547/3547/3547
f 3552/3552/3552 3551/3551/3551 3550/3550/3550
f 3555/3555/3555 3554/3554/3554 3553/3553/3553
f 3558/3558/3558 3557/3557/3557 3556/3556/3556
f 3561/3561/3561 3560/3560/3560 3559/3559/3559
f 3564/3564/3564 3563/3563/3563 3562/3562/3562
f 3567/3567/3567 3566/3566/3566 3565/3565/3565
f 3570/3570/3570 3569/3569/3569 3568/3568/3568
f 3573/3573/3573 3572/3572/3572 3571/3571/3571
f 3576/3576/3576 3575/3575/3575 3574/3574/3574
f 3579/3579/3579 3578/3578/3578 3577/3577/3577
f 3582/3582/3582 3581/3581/3581 3580/3580/3580
f 3585/3585/3585 3584/3584/3584 3583/3583/3583
f 3588/3588/3588 3587/3587/3587 3586/3586/3586
f 3591/3591/3591 3590/3590/3590 3589/3589/3589
f 3594/3594/3594 3593/3593/3593 3592/3592/3592
f 3597/3597/3597 3596/3596/3596 3595/3595/3595
f 3600/3600/3600 3599/3599/3599 3598/3598/3598
f 3603/3603/3603 3602/3602/3602 3601/3601/3601
f 3606/3606/3606 3605/3605/3605 3604/3604/3604
f 3609/3609/3609 3608/3608/3608 3607/3607/3607
f 3612/3612/3612 3611/3611/3611 3610/3610/3610
f 3615/3615/3615 3614/3614/3614 3613/3613/3613
f 3618/3618/3618 3617/3617/3617 3616/3616/3616
f 3621/3621/3621 3620/3620/3620 3619/3619/3619
f 3624/3624/3624 3623/3623/3623 3622/3622/3622
f 3627/3627/3627 3626/3626/3626 3625/3625/3625
f 3630/3630/3630 3629/3629/3629 3628/3628/3628
f 3633/3633/3633 3632/3632/3632 3631/3631/3631
f 3636/3636/3636 3635/3635/3635 3634/3634/3634
f 3639/3639/3639 3638/3638/3638 3637/3637/3637
f 3642/3642/3642 3641/3641/3641 3640/3640/3640
f 3645/3645/3645 3644/3644/3644 3643/3643/3643
f 3648/3648/3648 3647/3647/3647 3646/3646/3646
f 3651/3651/3651 3650/3650/3650 3649/3649/3649
f 3654/3654/3654 3653/3653/3653 3652/3652/3652
f 3657/3657/3657 3656/3656/3656 3655/3655/3655
f 3660/3660/3660 3659/3659/3659 3658/3658/3658
f 3663/3663/3663 3662/3662/3662 3661/3661/3661
f 3666/3666/3666 3665/3665/3665 3664/3664/3664
f 3669/3669/3669 3668/3668/3668 3667/3667/3667
f 3672/3672/3672 3671/3671/3671 3670/3670/3670
f 3675/3675/3675 3674/3674/3674 3673/3673/3673
f 3678/3678/3678 3677/3677/3677 3676/3676/3676
f 3681/3681/3681 3680/3680/3680 3679/3679/3679
f 3684/3684/3684 3683/3683/3683 3682/3682/3682
f 3687/3687/3687 3686/3686/3686 3685/3685/3685
f 3690/3690/3690 3689/3689/3689 3688/3688/3688
f 3693/3693/3693 3692/3692/3692 3691/3691/3691
f 3696/3696/3696 3695/3695/3695 3694/3694/3694
f 3699/3699/3699 3698/3698/3698 3697/3697/3697
f 3702/3702/3702 3701/3701/3701 3700/3700/3700
f 3705/3705/3705 3704/3704/3704 3703/3703/3703
f 3708/3708/3708 3707/3707/3707 3706/3706/3706
f 3711/3711/3711 3710/3710/3710 3709/3709/3709
f 3714/3714/3714 3713/3713/3713 3712/3712/3712
f 3717/3717/3717 3716/3716/3716 3715/3715/3715
f 3720/3720/3720 3719/3719/3719 3718/3718/3718
f 3723/3723/3723 3722/3722/3722 3721/3721/3721
f 3726/3726/3726 3725/3725/3725 3724/3724/3724
f 3729/3729/3729 3728/3728/3728 3727/3727/3727
f 3732/3732/3732 3731/3731/3731 3730/3730/3730
f 3735/3735/3735 3734/3734/3734 3733/3733/3733
f 3738/3738/3738 3737/3737/3737 3736/3736/3736
f 3741/3741/3741 3740/3740/3740 3739/3739/3739
f 3744/3744/3744 3743/3743/3743 3742/3742/3742
f 3747/3747/3747 3746/3746/3746 3745/3745/3745
f 3750/3750/3750 3749/3749/3749 3748/3748/3748
f 3753/3753/3753 3752/3752/3752 3751/3751/3751
f 3756/3756/3756 3755/3755/3755 3754/3754/3754
f 3759/3759/3759 3758/3758/3758 3757/3757/3757
f 3762/3762/3762 3761/3761/3761 3760/3760/3760
f 3765/3765/3765 3764/3764/3764 3763/3763/3763
f 3768/3768/3768 3767/3767/3767 3766/3766/3766
f 3771/3771/3771 3770/3770/3770 3769/3769/3769
f 3774/3774/3774 3773/3773/3773 3772/3772/3772
f 3777/3777/3777 3776/3776/3776 3775/3775/3775
f 3780/3780/3780 3779/3779/3779 3778/3778/3778
f 3783/3783/3783 3782/3782/3782 3781/3781/3781
f 3786/3786/3786 3785/3785/3785 3784/3784/3784
f 3789/3789/3789 3788/3788/3788 3787/3787/3787
f 3792/3792/3792 3791/3791/3791 3790/3790/3790
f 3795/3795/3795 3794/3794/3794 3793/3793/3793
f 3798/3798/3798 3797/3797/3797 3796/3796/3796
f 3801/3801/3801 3800/3800/3800 3799/3799/3799
f 3804/3804/3804 3803/3803/3803 3802/3802/3802
f 3807/3807/3807 3806/3806/3806 3805/3805/3805
f 3810/3810/3810 3809/3809/3809 3808/3808/3808
f 3813/3813/3813 3812/3812/3812 3811/3811/3811
f 3816/3816/3816 3815/3815/3815 3814/3814/3814
f 3819/3819/3819 3818/3818/3818 3817/3817/3817
f 3822/3822/3822 3821/3821/3821 3820/3820/3820
f 3825/3825/3825 3824/3824/3824 3823/3823/3823
f 3828/3828/3828 3827/3827/3827 3826/3826/3826
f 3831/3831/3831 3830/3830/3830 3829/3829/3829
f 3834/3834/3834 3833/3833/3833 3832/3832/3832
f 3837/3837/3837 3836/3836/3836 3835/3835/3835
f 3840/3840/3840 3839/3839/3839 3838/3838/3838
f 3843/3843/3843 3842/3842/3842 3841/3841/3841
f 3846/3846/3846 3845/3845/3845 3844/3844/3844
f 3849/3849/3849 3848/3848/3848 3847/3847/3847
f 3852/3852/3852 3851/3851/3851 3850/3850/3850
o jake_head
g jake_head
v -0.07025816 4.558091 0.804185
v -0.07718887 4.441926 0.788484
v -0.1016901 4.518686 0.8045802
v -0.1016901 4.518686 0.8045802
v -0.2440291 4.468066 0.7651507
v -0.1212771 4.560657 0.7941394
v -0.1212771 4.560657 0.7941394
v -0.2440291 4.468066 0.7651507
v -0.2268225 4.565601 0.7547246
v -0.3311513 4.549333 0.6988012
v -0.2268225 4.565601 0.7547246
v -0.2440291 4.468066 0.7651507
v -0.3311513 4.549333 0.6988012
v -0.2440291 4.468066 0.7651507
v -0.3294596 4.461574 0.7089435
v -0.3952323 4.50036 0.6346667
v -0.3311513 4.549333 0.6988012
v -0.3294596 4.461574 0.7089435
v -0.3952323 4.50036 0.6346667
v -0.3294596 4.461574 0.7089435
v -0.4084232 4.432699 0.6005639
v -0.1016901 4.518686 0.8045802
v -0.1265715 4.464089 0.7901358
v -0.2440291 4.468066 0.7651507
v -0.1016901 4.518686 0.8045802
v -0.07718887 4.441926 0.788484
v -0.1265715 4.464089 0.7901358
v -0.07718887 4.441926 0.788484
v -0.1349944 4.437087 0.7601022
v -0.1265715 4.464089 0.7901358
v -0.1349944 4.437087 0.7601022
v -0.2440291 4.468066 0.7651507
v -0.1265715 4.464089 0.7901358
v -0.1349944 4.437087 0.7601022
v -0.2391965 4.462286 0.7360367
v -0.2440291 4.468066 0.7651507
v 5.764601E-07 4.070918 0.7708154
v -0.05052651 4.123202 0.835317
v 6.206936E-07 4.126888 0.8562132
v 5.764601E-07 4.070918 0.7708154
v 6.206936E-07 4.126888 0.8562132
v 0.05052773 4.123202 0.8353169
v -0.09261908 4.102983 0.7458842
v -0.05052651 4.123202 0.835317
v -0.04368548 4.086042 0.759056
v -0.05052651 4.123202 0.835317
v 5.764601E-07 4.070918 0.7708154
v -0.04368548 4.086042 0.759056
v -0.1422299 4.194788 0.6853333
v -0.1570719 4.222999 0.7094262
v -0.1042535 4.26379 0.6787676
v -0.1206748 4.375235 0.7091414
v -0.1042535 4.26379 0.6787676
v -0.1366142 4.347561 0.7179287
v -0.1206748 4.375235 0.7091414
v -0.1366142 4.347561 0.7179287
v -0.1786216 4.368003 0.7308513
v -0.1206748 4.375235 0.7091414
v -0.1786216 4.368003 0.7308513
v -0.1749296 4.417286 0.7164246
v -0.2468122 4.430547 0.7147963
v -0.1749296 4.417286 0.7164246
v -0.1786216 4.368003 0.7308513
v -0.2468122 4.430547 0.7147963
v -0.1786216 4.368003 0.7308513
v -0.2553114 4.373356 0.7278101
v -0.3122889 4.36231 0.6966931
v -0.3168279 4.422466 0.6814477
v -0.2468122 4.430547 0.7147963
v -0.3122889 4.36231 0.6966931
v -0.2468122 4.430547 0.7147963
v -0.2553114 4.373356 0.7278101
v 0.1423064 4.194786 0.685333
v 0.1043722 4.262873 0.679437
v 0.1570717 4.222668 0.7097232
v 0.1986051 4.175949 0.6793483
v 0.1423064 4.194786 0.685333
v 0.1570717 4.222668 0.7097232
v 0.1986051 4.175949 0.6793483
v 0.1570717 4.222668 0.7097232
v 0.1933169 4.21566 0.7148725
v 0.2724812 4.166708 0.6733638
v 0.1986051 4.175949 0.6793483
v 0.1933169 4.21566 0.7148725
v 0.2724812 4.166708 0.6733638
v 0.1933169 4.21566 0.7148725
v 0.2626411 4.21251 0.7171453
v 0.3123584 4.221499 0.6885383
v 0.2724812 4.166708 0.6733638
v 0.2626411 4.21251 0.7171453
v 0.3123584 4.221499 0.6885383
v 0.3696573 4.198589 0.623736
v 0.2724812 4.166708 0.6733638
v 0.3123584 4.221499 0.6885383
v 0.3606535 4.246641 0.631174
v 0.3696573 4.198589 0.623736
v 0.2724812 4.166708 0.6733638
v 0.3696573 4.198589 0.623736
v 0.3999739 4.135756 0.6095858
v 0.2724812 4.166708 0.6733638
v 0.3999739 4.135756 0.6095858
v 0.2531753 4.099916 0.6909443
v 0.4157773 4.254564 0.5552263
v 0.3999739 4.135756 0.6095858
v 0.3696573 4.198589 0.623736
v 0.3606535 4.246641 0.631174
v 0.4157773 4.254564 0.5552263
v 0.3696573 4.198589 0.623736
v 0.3821025 4.301671 0.5831133
v 0.4157773 4.254564 0.5552263
v 0.3606535 4.246641 0.631174
v 0.3821025 4.301671 0.5831133
v 0.4528836 4.364411 0.4478763
v 0.4157773 4.254564 0.5552263
v 0.4157773 4.254564 0.5552263
v 0.4455761 4.197603 0.4342483
v 0.3999739 4.135756 0.6095858
v 0.4157773 4.254564 0.5552263
v 0.4528836 4.364411 0.4478763
v 0.4455761 4.197603 0.4342483
v 0.4455761 4.197603 0.4342483
v 0.3890967 4.040408 0.5948612
v 0.3999739 4.135756 0.6095858
v 0.436317 4.019735 0.3173873
v 0.3890967 4.040408 0.5948612
v 0.4455761 4.197603 0.4342483
v 0.2756021 4.007687 0.6741768
v 0.3999739 4.135756 0.6095858
v 0.3890967 4.040408 0.5948612
v 0.2756021 4.007687 0.6741768
v 0.2531753 4.099916 0.6909443
v 0.3999739 4.135756 0.6095858
v 0.436317 4.019735 0.3173873
v 0.3506229 3.93252 0.5352674
v 0.3890967 4.040408 0.5948612
v 0.2756021 4.007687 0.6741768
v 0.3890967 4.040408 0.5948612
v 0.2636366 3.901094 0.6359004
v 0.3890967 4.040408 0.5948612
v 0.3506229 3.93252 0.5352674
v 0.2636366 3.901094 0.6359004
v 0.1749662 3.882901 0.6898898
v 0.2756021 4.007687 0.6741768
v 0.2636366 3.901094 0.6359004
v 0.2674716 3.868311 0.5681067
v 0.2636366 3.901094 0.6359004
v 0.3506229 3.93252 0.5352674
v 0.2674716 3.868311 0.5681067
v 0.1749662 3.882901 0.6898898
v 0.2636366 3.901094 0.6359004
v 0.3071552 3.89331 0.502876
v 0.2674716 3.868311 0.5681067
v 0.3506229 3.93252 0.5352674
v 0.2674716 3.868311 0.5681067
v 0.1858198 3.835539 0.6188596
v 0.1749662 3.882901 0.6898898
v 0.1635109 4.037727 0.7231792
v 0.2531753 4.099916 0.6909443
v 0.2756021 4.007687 0.6741768
v 0.1749662 3.882901 0.6898898
v 0.1635109 4.037727 0.7231792
v 0.2756021 4.007687 0.6741768
v 0.1858198 3.835539 0.6188596
v 0.07806236 3.866196 0.6963218
v 0.1749662 3.882901 0.6898898
v 0.1858198 3.835539 0.6188596
v 0.07967944 3.81626 0.624255
v 0.07806236 3.866196 0.6963218
v 0.1179483 3.979851 0.7314705
v 0.1635109 4.037727 0.7231792
v 0.1749662 3.882901 0.6898898
v 0.1749662 3.882901 0.6898898
v 0.05977202 3.958698 0.736981
v 0.1179483 3.979851 0.7314705
v 0.1749662 3.882901 0.6898898
v 0.07806236 3.866196 0.6963218
v 0.05977202 3.958698 0.736981
v 0.1635109 4.037727 0.7231792
v 0.1179483 3.979851 0.7314705
v 0.115529 3.998275 0.7385456
v 0.1635109 4.037727 0.7231792
v 0.115529 3.998275 0.7385456
v 0.1120196 4.020628 0.7361753
v 0.115529 3.998275 0.7385456
v 0.0572066 4.007165 0.7453465
v 0.1120196 4.020628 0.7361753
v 0.06230552 3.978761 0.751527
v 0.115529 3.998275 0.7385456
v 0.1179483 3.979851 0.7314705
v 0.115529 3.998275 0.7385456
v 0.06230552 3.978761 0.751527
v 0.0572066 4.007165 0.7453465
v 0.06230552 3.978761 0.751527
v 0.1179483 3.979851 0.7314705
v 0.05977202 3.958698 0.736981
v 0.06230552 3.978761 0.751527
v 5.575323E-07 3.997217 0.7554954
v 0.0572066 4.007165 0.7453465
v 0.06230552 3.978761 0.751527
v 5.549741E-07 3.968925 0.761285
v 5.575323E-07 3.997217 0.7554954
v 5.549741E-07 3.968925 0.761285
v 0.06230552 3.978761 0.751527
v 0.05977202 3.958698 0.736981
v 5.549741E-07 3.968925 0.761285
v 0.05977202 3.958698 0.736981
v 5.436233E-07 3.949775 0.7415303
v 0.07806236 3.866196 0.6963218
v 5.436233E-07 3.949775 0.7415303
v 0.05977202 3.958698 0.736981
v 0.07806236 3.866196 0.6963218
v 5.125956E-07 3.86033 0.7037716
v 5.436233E-07 3.949775 0.7415303
v -0.06342387 3.957108 0.7373177
v 5.436233E-07 3.949775 0.7415303
v 5.125956E-07 3.86033 0.7037716
v 0.07967944 3.81626 0.624255
v 5.125956E-07 3.86033 0.7037716
v 0.07806236 3.866196 0.6963218
v 5.549741E-07 3.968925 0.761285
v 5.436233E-07 3.949775 0.7415303
v -0.06342387 3.957108 0.7373177
v 5.549741E-07 3.968925 0.761285
v -0.06342387 3.957108 0.7373177
v -0.06368218 3.974514 0.7549817
v 0.07967944 3.81626 0.624255
v 4.742834E-07 3.809592 0.6307851
v 5.125956E-07 3.86033 0.7037716
v -0.07388673 3.86517 0.6979092
v 5.125956E-07 3.86033 0.7037716
v 4.742834E-07 3.809592 0.6307851
v -0.06342387 3.957108 0.7373177
v 5.125956E-07 3.86033 0.7037716
v -0.07388673 3.86517 0.6979092
v -0.1592869 3.880812 0.68989
v -0.06342387 3.957108 0.7373177
v -0.07388673 3.86517 0.6979092
v -0.07388673 3.86517 0.6979092
v 4.742834E-07 3.809592 0.6307851
v -0.0795394 3.815773 0.6248695
v -0.1684863 3.830314 0.6189538
v -0.1592869 3.880812 0.68989
v -0.07388673 3.86517 0.6979092
v -0.1684863 3.830314 0.6189538
v -0.07388673 3.86517 0.6979092
v -0.0795394 3.815773 0.6248695
v -0.2678937 3.870155 0.5714347
v -0.1592869 3.880812 0.68989
v -0.1684863 3.830314 0.6189538
v -0.2678937 3.870155 0.5714347
v -0.2657261 3.90214 0.6359008
v -0.1592869 3.880812 0.68989
v -0.1592869 3.880812 0.68989
v -0.1179472 3.979851 0.7314708
v -0.06342387 3.957108 0.7373177
v -0.06342387 3.957108 0.7373177
v -0.1179472 3.979851 0.7314708
v -0.1150242 3.994061 0.73767
v -0.06342387 3.957108 0.7373177
v -0.1150242 3.994061 0.73767
v -0.06368218 3.974514 0.7549817
v -0.1179472 3.979851 0.7314708
v -0.1592869 3.880812 0.68989
v -0.1936477 4.047873 0.7098207
v -0.1179472 3.979851 0.7314708
v -0.1936477 4.047873 0.7098207
v -0.1488719 4.021003 0.7238723
v -0.1150242 3.994061 0.73767
v -0.1179472 3.979851 0.7314708
v -0.1488719 4.021003 0.7238723
v -0.1110971 4.010758 0.7351364
v -0.1150242 3.994061 0.73767
v -0.1488719 4.021003 0.7238723
v -0.1150242 3.994061 0.73767
v -0.1110971 4.010758 0.7351364
v -0.05691447 4.001181 0.7468119
v -0.1150242 3.994061 0.73767
v -0.05691447 4.001181 0.7468119
v -0.06368218 3.974514 0.7549817
v -0.05691447 4.001181 0.7468119
v 5.549741E-07 3.968925 0.761285
v -0.06368218 3.974514 0.7549817
v -0.05691447 4.001181 0.7468119
v 5.575323E-07 3.997217 0.7554954
v 5.549741E-07 3.968925 0.761285
v -0.1592869 3.880812 0.68989
v -0.2756011 4.007688 0.6741772
v -0.1936477 4.047873 0.7098207
v -0.1592869 3.880812 0.68989
v -0.2657261 3.90214 0.6359008
v -0.2756011 4.007688 0.6741772
v -0.2756011 4.007688 0.6741772
v -0.2657261 3.90214 0.6359008
v -0.3890958 4.040409 0.5948616
v -0.2794743 4.102647 0.6881154
v -0.1936477 4.047873 0.7098207
v -0.2756011 4.007688 0.6741772
v -0.2756011 4.007688 0.6741772
v -0.399973 4.135758 0.6095864
v -0.2794743 4.102647 0.6881154
v -0.2756011 4.007688 0.6741772
v -0.3890958 4.040409 0.5948616
v -0.399973 4.135758 0.6095864
v -0.2724731 4.16671 0.6733642
v -0.2794743 4.102647 0.6881154
v -0.399973 4.135758 0.6095864
v -0.1984494 4.125767 0.7018621
v -0.1936477 4.047873 0.7098207
v -0.2794743 4.102647 0.6881154
v -0.1984494 4.125767 0.7018621
v -0.1488719 4.021003 0.7238723
v -0.1936477 4.047873 0.7098207
v -0.2073515 4.180749 0.6793488
v -0.1984494 4.125767 0.7018621
v -0.2794743 4.102647 0.6881154
v -0.2073515 4.180749 0.6793488
v -0.2794743 4.102647 0.6881154
v -0.2724731 4.16671 0.6733642
v -0.09261908 4.102983 0.7458842
v -0.1488719 4.021003 0.7238723
v -0.1984494 4.125767 0.7018621
v -0.09261908 4.102983 0.7458842
v -0.1110971 4.010758 0.7351364
v -0.1488719 4.021003 0.7238723
v -0.1984494 4.125767 0.7018621
v -0.09720993 4.148296 0.7297946
v -0.09261908 4.102983 0.7458842
v -0.1984494 4.125767 0.7018621
v -0.1422299 4.194788 0.6853333
v -0.09720993 4.148296 0.7297946
v -0.1422299 4.194788 0.6853333
v -0.1984494 4.125767 0.7018621
v -0.2073515 4.180749 0.6793488
v -0.4487109 4.197603 0.4121124
v -0.399973 4.135758 0.6095864
v -0.3890958 4.040409 0.5948616
v -0.4363164 4.044876 0.3227545
v -0.4487109 4.197603 0.4121124
v -0.3890958 4.040409 0.5948616
v -0.4363164 4.044876 0.3227545
v -0.3890958 4.040409 0.5948616
v -0.3506221 3.932521 0.5352677
v -0.3890958 4.040409 0.5948616
v -0.2657261 3.90214 0.6359008
v -0.3506221 3.932521 0.5352677
v -0.3506221 3.932521 0.5352677
v -0.2657261 3.90214 0.6359008
v -0.2678937 3.870155 0.5714347
v -0.3506221 3.932521 0.5352677
v -0.3895517 4.02566 0.1935126
v -0.4363164 4.044876 0.3227545
v -0.3071545 3.893312 0.5028764
v -0.3506221 3.932521 0.5352677
v -0.2678937 3.870155 0.5714347
v -0.3071545 3.893312 0.5028764
v -0.3895517 4.02566 0.1935126
v -0.3506221 3.932521 0.5352677
v -0.3071545 3.893312 0.5028764
v 2.510856E-07 3.73842 0.07358103
v -0.3895517 4.02566 0.1935126
v -0.4487109 4.197603 0.4121124
v -0.4180266 4.248178 0.553823
v -0.399973 4.135758 0.6095864
v -0.4487109 4.197603 0.4121124
v -0.4528825 4.364411 0.4257405
v -0.4180266 4.248178 0.553823
v -0.4180266 4.248178 0.553823
v -0.3702675 4.199636 0.6237365
v -0.399973 4.135758 0.6095864
v -0.2724731 4.16671 0.6733642
v -0.399973 4.135758 0.6095864
v -0.3702675 4.199636 0.6237365
v -0.3781908 4.302729 0.5830417
v -0.4180266 4.248178 0.553823
v -0.4528825 4.364411 0.4257405
v -0.3781908 4.302729 0.5830417
v -0.3597624 4.262472 0.6309944
v -0.4180266 4.248178 0.553823
v -0.3597624 4.262472 0.6309944
v -0.3702675 4.199636 0.6237365
v -0.4180266 4.248178 0.553823
v -0.3144097 4.233274 0.683567
v -0.3702675 4.199636 0.6237365
v -0.3597624 4.262472 0.6309944
v -0.3144097 4.233274 0.683567
v -0.2724731 4.16671 0.6733642
v -0.3702675 4.199636 0.6237365
v -0.3144097 4.233274 0.683567
v -0.2625528 4.217504 0.7119086
v -0.2724731 4.16671 0.6733642
v 2.510856E-07 3.73842 0.07358103
v -0.3071545 3.893312 0.5028764
v -0.2678937 3.870155 0.5714347
v 2.510856E-07 3.73842 0.07358103
v -0.2678937 3.870155 0.5714347
v -0.1684863 3.830314 0.6189538
v 2.510856E-07 3.73842 0.07358103
v -0.1684863 3.830314 0.6189538
v -0.0795394 3.815773 0.6248695
v 2.510856E-07 3.73842 0.07358103
v -0.0795394 3.815773 0.6248695
v 4.742834E-07 3.809592 0.6307851
v 2.510856E-07 3.73842 0.07358103
v 4.742834E-07 3.809592 0.6307851
v 0.07967944 3.81626 0.624255
v 2.510856E-07 3.73842 0.07358103
v 0.07967944 3.81626 0.624255
v 0.1858198 3.835539 0.6188596
v 2.510856E-07 3.73842 0.07358103
v 0.1858198 3.835539 0.6188596
v 0.2674716 3.868311 0.5681067
v 2.510856E-07 3.73842 0.07358103
v 0.2674716 3.868311 0.5681067
v 0.3071552 3.89331 0.502876
v -0.2724731 4.16671 0.6733642
v -0.2625528 4.217504 0.7119086
v -0.1951299 4.215549 0.7162119
v -0.2724731 4.16671 0.6733642
v -0.1951299 4.215549 0.7162119
v -0.2073515 4.180749 0.6793488
v -0.1951299 4.215549 0.7162119
v -0.1570719 4.222999 0.7094262
v -0.1422299 4.194788 0.6853333
v -0.1951299 4.215549 0.7162119
v -0.1422299 4.194788 0.6853333
v -0.2073515 4.180749 0.6793488
v 0.1043722 4.262873 0.679437
v 0.1206977 4.367197 0.7335869
v 0.1456718 4.342708 0.725866
v 0.1206977 4.367197 0.7335869
v 0.1850122 4.360215 0.7303099
v 0.1456718 4.342708 0.725866
v 0.1206977 4.367197 0.7335869
v 0.1704604 4.387273 0.7342064
v 0.1850122 4.360215 0.7303099
v 0.1704604 4.387273 0.7342064
v 0.2446598 4.397879 0.7282218
v 0.1850122 4.360215 0.7303099
v 0.2446598 4.397879 0.7282218
v 0.2557317 4.361434 0.7305242
v 0.1850122 4.360215 0.7303099
v 0.1043722 4.262873 0.679437
v 0.1423064 4.194786 0.685333
v 0.02963127 4.246131 0.7617891
v 0.02963127 4.246131 0.7617891
v 0.03093447 4.289488 0.7576519
v 0.1043722 4.262873 0.679437
v 0.03093447 4.289488 0.7576519
v 0.02963127 4.246131 0.7617891
v 6.07536E-07 4.247948 0.7704089
v 0.03093447 4.289488 0.7576519
v 6.07536E-07 4.247948 0.7704089
v 6.125312E-07 4.290598 0.7650173
v 6.721822E-07 4.519588 0.8136396
v 0.03093447 4.289488 0.7576519
v 6.125312E-07 4.290598 0.7650173
v 6.07536E-07 4.247948 0.7704089
v -0.03076864 4.289067 0.7576028
v 6.125312E-07 4.290598 0.7650173
v 6.721822E-07 4.519588 0.8136396
v 6.125312E-07 4.290598 0.7650173
v -0.03076864 4.289067 0.7576028
v 6.721822E-07 4.519588 0.8136396
v -0.03076864 4.289067 0.7576028
v -0.07718887 4.441926 0.788484
v 6.259006E-07 4.162697 0.8536001
v 6.07536E-07 4.247948 0.7704089
v 0.02963127 4.246131 0.7617891
v 6.07536E-07 4.247948 0.7704089
v -0.02963006 4.246131 0.7617891
v -0.03076864 4.289067 0.7576028
v 6.259006E-07 4.162697 0.8536001
v -0.02963006 4.246131 0.7617891
v 6.07536E-07 4.247948 0.7704089
v -0.02963006 4.246131 0.7617891
v -0.1042535 4.26379 0.6787676
v -0.03076864 4.289067 0.7576028
v -0.1042535 4.26379 0.6787676
v -0.02963006 4.246131 0.7617891
v -0.1422299 4.194788 0.6853333
v -0.1042535 4.26379 0.6787676
v -0.1206748 4.375235 0.7091414
v -0.03076864 4.289067 0.7576028
v -0.03076864 4.289067 0.7576028
v -0.1206748 4.375235 0.7091414
v -0.07718887 4.441926 0.788484
v 6.721822E-07 4.519588 0.8136396
v 0.07990326 4.408745 0.7903779
v 0.03093447 4.289488 0.7576519
v 0.1206977 4.367197 0.7335869
v 0.03093447 4.289488 0.7576519
v 0.07990326 4.408745 0.7903779
v 0.03093447 4.289488 0.7576519
v 0.1206977 4.367197 0.7335869
v 0.1043722 4.262873 0.679437
v 0.1206977 4.367197 0.7335869
v 0.07990326 4.408745 0.7903779
v 0.1299336 4.398881 0.7761567
v 0.08645956 4.525421 0.8077253
v 0.07990326 4.408745 0.7903779
v 6.721822E-07 4.519588 0.8136396
v 6.259006E-07 4.162697 0.8536001
v 0.02963127 4.246131 0.7617891
v 0.05057826 4.163539 0.833519
v 6.206936E-07 4.126888 0.8562132
v 6.259006E-07 4.162697 0.8536001
v 0.05057826 4.163539 0.833519
v 6.206936E-07 4.126888 0.8562132
v 0.05057826 4.163539 0.833519
v 0.05052773 4.123202 0.8353169
v 0.05057826 4.163539 0.833519
v 0.02963127 4.246131 0.7617891
v 0.09721107 4.148296 0.7297946
v 0.05052773 4.123202 0.8353169
v 0.05057826 4.163539 0.833519
v 0.09721107 4.148296 0.7297946
v 0.1423064 4.194786 0.685333
v 0.09721107 4.148296 0.7297946
v 0.02963127 4.246131 0.7617891
v 0.09262025 4.102983 0.7458841
v 0.05052773 4.123202 0.8353169
v 0.09721107 4.148296 0.7297946
v 0.09262025 4.102983 0.7458841
v 0.09721107 4.148296 0.7297946
v 0.1871955 4.114143 0.7129771
v 0.1871955 4.114143 0.7129771
v 0.09721107 4.148296 0.7297946
v 0.1423064 4.194786 0.685333
v 0.2531753 4.099916 0.6909443
v 0.1871955 4.114143 0.7129771
v 0.1986051 4.175949 0.6793483
v 0.1871955 4.114143 0.7129771
v 0.1423064 4.194786 0.685333
v 0.1986051 4.175949 0.6793483
v 0.09262025 4.102983 0.7458841
v 0.1871955 4.114143 0.7129771
v 0.1635109 4.037727 0.7231792
v 0.1871955 4.114143 0.7129771
v 0.2531753 4.099916 0.6909443
v 0.1635109 4.037727 0.7231792
v 0.09262025 4.102983 0.7458841
v 0.1635109 4.037727 0.7231792
v 0.1120196 4.020628 0.7361753
v 0.2531753 4.099916 0.6909443
v 0.1986051 4.175949 0.6793483
v 0.2724812 4.166708 0.6733638
v 0.0572066 4.007165 0.7453465
v 0.09262025 4.102983 0.7458841
v 0.1120196 4.020628 0.7361753
v 0.0572066 4.007165 0.7453465
v 0.05139367 4.088711 0.7569814
v 0.09262025 4.102983 0.7458841
v 5.575323E-07 3.997217 0.7554954
v 0.05139367 4.088711 0.7569814
v 0.0572066 4.007165 0.7453465
v 5.575323E-07 3.997217 0.7554954
v 5.764601E-07 4.070918 0.7708154
v 0.05139367 4.088711 0.7569814
v -0.04368548 4.086042 0.759056
v 5.764601E-07 4.070918 0.7708154
v 5.575323E-07 3.997217 0.7554954
v -0.04368548 4.086042 0.759056
v 5.575323E-07 3.997217 0.7554954
v -0.05691447 4.001181 0.7468119
v 0.09262025 4.102983 0.7458841
v 0.05139367 4.088711 0.7569814
v 0.05052773 4.123202 0.8353169
v 0.05139367 4.088711 0.7569814
v 5.764601E-07 4.070918 0.7708154
v 0.05052773 4.123202 0.8353169
v -0.1110971 4.010758 0.7351364
v -0.04368548 4.086042 0.759056
v -0.05691447 4.001181 0.7468119
v -0.1110971 4.010758 0.7351364
v -0.09261908 4.102983 0.7458842
v -0.04368548 4.086042 0.759056
v 6.259006E-07 4.162697 0.8536001
v -0.05057701 4.163539 0.8335188
v -0.02963006 4.246131 0.7617891
v -0.05052651 4.123202 0.835317
v -0.09720993 4.148296 0.7297946
v -0.05057701 4.163539 0.8335188
v -0.05057701 4.163539 0.8335188
v 6.259006E-07 4.162697 0.8536001
v 6.206936E-07 4.126888 0.8562132
v -0.05052651 4.123202 0.835317
v -0.05057701 4.163539 0.8335188
v 6.206936E-07 4.126888 0.8562132
v -0.1422299 4.194788 0.6853333
v -0.02963006 4.246131 0.7617891
v -0.09720993 4.148296 0.7297946
v -0.05057701 4.163539 0.8335188
v -0.09720993 4.148296 0.7297946
v -0.02963006 4.246131 0.7617891
v -0.09261908 4.102983 0.7458842
v -0.09720993 4.148296 0.7297946
v -0.05052651 4.123202 0.835317
v -0.1042535 4.26379 0.6787676
v -0.2429113 4.24678 0.5935549
v -0.1366142 4.347561 0.7179287
v -0.2429113 4.24678 0.5935549
v -0.2553114 4.373356 0.7278101
v -0.1786216 4.368003 0.7308513
v -0.2429113 4.24678 0.5935549
v -0.1786216 4.368003 0.7308513
v -0.1366142 4.347561 0.7179287
v -0.2429113 4.24678 0.5935549
v -0.3122889 4.36231 0.6966931
v -0.2553114 4.373356 0.7278101
v -0.2429113 4.24678 0.5935549
v -0.3554136 4.339767 0.6422763
v -0.3122889 4.36231 0.6966931
v -0.3781908 4.302729 0.5830417
v -0.3554136 4.339767 0.6422763
v -0.2429113 4.24678 0.5935549
v -0.4084232 4.432699 0.6005639
v -0.3294596 4.461574 0.7089435
v -0.3220148 4.455885 0.6851225
v -0.1936477 4.047873 0.7098207
v 0.02978403 3.999748 0.2002799
v -0.1488719 4.021003 0.7238723
v -0.1488719 4.021003 0.7238723
v 0.02978403 3.999748 0.2002799
v -0.1110971 4.010758 0.7351364
v -0.1110971 4.010758 0.7351364
v 0.02978403 3.999748 0.2002799
v -0.05691447 4.001181 0.7468119
v -0.05691447 4.001181 0.7468119
v 0.02978403 3.999748 0.2002799
v 5.575323E-07 3.997217 0.7554954
v 5.575323E-07 3.997217 0.7554954
v 0.02978403 3.999748 0.2002799
v 0.0572066 4.007165 0.7453465
v 0.0572066 4.007165 0.7453465
v 0.02978403 3.999748 0.2002799
v 0.1120196 4.020628 0.7361753
v 0.1120196 4.020628 0.7361753
v 0.02978403 3.999748 0.2002799
v 0.1635109 4.037727 0.7231792
v 0.1635109 4.037727 0.7231792
v 0.02978403 3.999748 0.2002799
v 0.2531753 4.099916 0.6909443
v -0.1488719 4.021003 0.7238723
v 0.02978403 3.999748 0.2002799
v -0.1936477 4.047873 0.7098207
v -0.1110971 4.010758 0.7351364
v 0.02978403 3.999748 0.2002799
v -0.1488719 4.021003 0.7238723
v -0.05691447 4.001181 0.7468119
v 0.02978403 3.999748 0.2002799
v -0.1110971 4.010758 0.7351364
v 5.575323E-07 3.997217 0.7554954
v 0.02978403 3.999748 0.2002799
v -0.05691447 4.001181 0.7468119
v 0.0572066 4.007165 0.7453465
v 0.02978403 3.999748 0.2002799
v 5.575323E-07 3.997217 0.7554954
v 0.1120196 4.020628 0.7361753
v 0.02978403 3.999748 0.2002799
v 0.0572066 4.007165 0.7453465
v 0.1635109 4.037727 0.7231792
v 0.02978403 3.999748 0.2002799
v 0.1120196 4.020628 0.7361753
v 0.2531753 4.099916 0.6909443
v 0.02978403 3.999748 0.2002799
v 0.1635109 4.037727 0.7231792
v -0.3220148 4.455885 0.6851225
v -0.3294596 4.461574 0.7089435
v -0.2440291 4.468066 0.7651507
v -0.3220148 4.455885 0.6851225
v -0.2440291 4.468066 0.7651507
v -0.2391965 4.462286 0.7360367
v -0.1212771 4.560657 0.7941394
v -0.07025816 4.558091 0.804185
v -0.1016901 4.518686 0.8045802
v -0.1100641 4.614394 0.789719
v -0.07025816 4.558091 0.804185
v -0.1212771 4.560657 0.7941394
v -0.2288001 4.608239 0.7364144
v -0.1100641 4.614394 0.789719
v -0.1212771 4.560657 0.7941394
v -0.2288001 4.608239 0.7364144
v -0.1212771 4.560657 0.7941394
v -0.2268225 4.565601 0.7547246
v -0.2288001 4.608239 0.7364144
v -0.2268225 4.565601 0.7547246
v -0.3311513 4.549333 0.6988012
v -0.2288001 4.608239 0.7364144
v -0.3311513 4.549333 0.6988012
v -0.3500978 4.590548 0.6502262
v -0.3500978 4.590548 0.6502262
v -0.3311513 4.549333 0.6988012
v -0.3952323 4.50036 0.6346667
v -0.3500978 4.590548 0.6502262
v -0.3952323 4.50036 0.6346667
v -0.4483386 4.467484 0.4359074
v -0.4084232 4.432699 0.6005639
v -0.4483386 4.467484 0.4359074
v -0.3952323 4.50036 0.6346667
v -0.4483386 4.467484 0.4359074
v -0.4084232 4.432699 0.6005639
v -0.4528825 4.364411 0.4257405
v 6.814504E-07 4.614383 0.7955267
v 0.08645956 4.525421 0.8077253
v 6.721822E-07 4.519588 0.8136396
v 6.814504E-07 4.614383 0.7955267
v 6.721822E-07 4.519588 0.8136396
v -0.07025816 4.558091 0.804185
v 6.814504E-07 4.614383 0.7955267
v -0.07025816 4.558091 0.804185
v -0.1100641 4.614394 0.789719
v 6.721822E-07 4.519588 0.8136396
v -0.07718887 4.441926 0.788484
v -0.07025816 4.558091 0.804185
v 6.814504E-07 4.614383 0.7955267
v 0.1007212 4.614394 0.7826213
v 0.08645956 4.525421 0.8077253
v 0.08645956 4.525421 0.8077253
v 0.1007212 4.614394 0.7826213
v 0.1274657 4.530475 0.7961727
v 0.1274657 4.530475 0.7961727
v 0.1145193 4.486636 0.8034818
v 0.08645956 4.525421 0.8077253
v 0.1007212 4.614394 0.7826213
v 0.2326025 4.528291 0.7631447
v 0.1274657 4.530475 0.7961727
v 0.1007212 4.614394 0.7826213
v 0.2320024 4.612915 0.734596
v 0.2326025 4.528291 0.7631447
v 0.2320024 4.612915 0.734596
v 0.3153727 4.513753 0.715893
v 0.2326025 4.528291 0.7631447
v 0.2320024 4.612915 0.734596
v 0.3558979 4.590953 0.6466031
v 0.3153727 4.513753 0.715893
v 0.3558979 4.590953 0.6466031
v 0.3676248 4.49428 0.661473
v 0.3153727 4.513753 0.715893
v 0.3558979 4.590953 0.6466031
v 0.4274352 4.467484 0.4580432
v 0.3676248 4.49428 0.661473
v 0.4000473 4.403271 0.6175168
v 0.3676248 4.49428 0.661473
v 0.4274352 4.467484 0.4580432
v 0.4274352 4.467484 0.4580432
v 0.4528836 4.364411 0.4478763
v 0.4000473 4.403271 0.6175168
v 0.4528836 4.364411 0.4478763
v 0.3844165 4.370605 0.5866772
v 0.4000473 4.403271 0.6175168
v 0.4528836 4.364411 0.4478763
v 0.3821025 4.301671 0.5831133
v 0.3844165 4.370605 0.5866772
v 0.3844165 4.370605 0.5866772
v 0.3821025 4.301671 0.5831133
v 0.3539191 4.331275 0.6422759
v 0.3844165 4.370605 0.5866772
v 0.3576874 4.373868 0.6377516
v 0.4000473 4.403271 0.6175168
v 0.3844165 4.370605 0.5866772
v 0.3539191 4.331275 0.6422759
v 0.3576874 4.373868 0.6377516
v 0.3539191 4.331275 0.6422759
v 0.3120943 4.352069 0.6992156
v 0.3576874 4.373868 0.6377516
v 0.3290769 4.411611 0.6973705
v 0.4000473 4.403271 0.6175168
v 0.3576874 4.373868 0.6377516
v 0.3290769 4.411611 0.6973705
v 0.3576874 4.373868 0.6377516
v 0.3143117 4.387909 0.6838171
v 0.3143117 4.387909 0.6838171
v 0.2438878 4.417124 0.74781
v 0.3290769 4.411611 0.6973705
v 0.3143117 4.387909 0.6838171
v 0.2446598 4.397879 0.7282218
v 0.2438878 4.417124 0.74781
v 0.3120943 4.352069 0.6992156
v 0.3143117 4.387909 0.6838171
v 0.3576874 4.373868 0.6377516
v 0.3120943 4.352069 0.6992156
v 0.2446598 4.397879 0.7282218
v 0.3143117 4.387909 0.6838171
v 0.3120943 4.352069 0.6992156
v 0.2557317 4.361434 0.7305242
v 0.2446598 4.397879 0.7282218
v 0.2446598 4.397879 0.7282218
v 0.1299336 4.398881 0.7761567
v 0.2438878 4.417124 0.74781
v 0.2446598 4.397879 0.7282218
v 0.1704604 4.387273 0.7342064
v 0.1299336 4.398881 0.7761567
v 0.1704604 4.387273 0.7342064
v 0.1206977 4.367197 0.7335869
v 0.1299336 4.398881 0.7761567
v -0.1483849 4.358949 0.7111552
v -0.1191643 4.297518 0.6847519
v -0.1522431 4.295558 0.7063408
v -0.1852489 4.296673 0.7184827
v -0.1483849 4.358949 0.7111552
v -0.1522431 4.295558 0.7063408
v -0.1852489 4.296673 0.7184827
v -0.1530402 4.362691 0.7120264
v -0.1483849 4.358949 0.7111552
v 0.07990326 4.408745 0.7903779
v 0.1301596 4.420802 0.8010851
v 0.1299336 4.398881 0.7761567
v 0.08645956 4.525421 0.8077253
v 0.1145193 4.486636 0.8034818
v 0.07990326 4.408745 0.7903779
v 0.1301596 4.420802 0.8010851
v 0.07990326 4.408745 0.7903779
v 0.1145193 4.486636 0.8034818
v 0.1301596 4.420802 0.8010851
v 0.2438878 4.417124 0.74781
v 0.1299336 4.398881 0.7761567
v 0.1301596 4.420802 0.8010851
v 0.2365109 4.439695 0.7831811
v 0.2438878 4.417124 0.74781
v 0.2365109 4.439695 0.7831811
v 0.1301596 4.420802 0.8010851
v 0.1145193 4.486636 0.8034818
v 0.1274657 4.530475 0.7961727
v 0.2365109 4.439695 0.7831811
v 0.1145193 4.486636 0.8034818
v 0.3381604 4.434194 0.7123309
v 0.2438878 4.417124 0.74781
v 0.2365109 4.439695 0.7831811
v 0.3381604 4.434194 0.7123309
v 0.3290769 4.411611 0.6973705
v 0.2438878 4.417124 0.74781
v 0.3381604 4.434194 0.7123309
v 0.4000473 4.403271 0.6175168
v 0.3290769 4.411611 0.6973705
v 0.2326025 4.528291 0.7631447
v 0.2365109 4.439695 0.7831811
v 0.1274657 4.530475 0.7961727
v 0.3153727 4.513753 0.715893
v 0.2365109 4.439695 0.7831811
v 0.2326025 4.528291 0.7631447
v 0.3153727 4.513753 0.715893
v 0.3381604 4.434194 0.7123309
v 0.2365109 4.439695 0.7831811
v 0.3676248 4.49428 0.661473
v 0.3381604 4.434194 0.7123309
v 0.3153727 4.513753 0.715893
v 0.3676248 4.49428 0.661473
v 0.4000473 4.403271 0.6175168
v 0.3381604 4.434194 0.7123309
v 0.3821025 4.301671 0.5831133
v 0.3595477 4.295313 0.6291336
v 0.3546823 4.325885 0.6287209
v 0.3595477 4.295313 0.6291336
v 0.3128329 4.343414 0.685592
v 0.3546823 4.325885 0.6287209
v 0.3595477 4.295313 0.6291336
v 0.3207462 4.291818 0.685477
v 0.3128329 4.343414 0.685592
v 0.3207462 4.291818 0.685477
v 0.3089566 4.350874 0.6871884
v 0.3128329 4.343414 0.685592
v 0.3207462 4.291818 0.685477
v 0.2751903 4.288657 0.7230698
v 0.3089566 4.350874 0.6871884
v 0.1933169 4.21566 0.7148725
v 0.1570717 4.222668 0.7097232
v 0.2424524 4.250862 0.5990595
v 0.2626411 4.21251 0.7171453
v 0.1933169 4.21566 0.7148725
v 0.2424524 4.250862 0.5990595
v 0.2626411 4.21251 0.7171453
v 0.2424524 4.250862 0.5990595
v 0.3123584 4.221499 0.6885383
v 0.3606535 4.246641 0.631174
v 0.3123584 4.221499 0.6885383
v 0.2424524 4.250862 0.5990595
v 0.3821025 4.301671 0.5831133
v 0.3606535 4.246641 0.631174
v 0.2424524 4.250862 0.5990595
v 0.3821025 4.301671 0.5831133
v 0.2424524 4.250862 0.5990595
v 0.3539191 4.331275 0.6422759
v 0.2424524 4.250862 0.5990595
v 0.3120943 4.352069 0.6992156
v 0.3539191 4.331275 0.6422759
v 0.2424524 4.250862 0.5990595
v 0.2557317 4.361434 0.7305242
v 0.3120943 4.352069 0.6992156
v 0.2424524 4.250862 0.5990595
v 0.1850122 4.360215 0.7303099
v 0.2557317 4.361434 0.7305242
v 0.2424524 4.250862 0.5990595
v 0.1456718 4.342708 0.725866
v 0.1850122 4.360215 0.7303099
v 0.1456718 4.342708 0.725866
v 0.2424524 4.250862 0.5990595
v 0.1043722 4.262873 0.679437
v -0.3781908 4.302729 0.5830417
v -0.2429113 4.24678 0.5935549
v -0.3597624 4.262472 0.6309944
v -0.3597624 4.262472 0.6309944
v -0.2429113 4.24678 0.5935549
v -0.3144097 4.233274 0.683567
v -0.3144097 4.233274 0.683567
v -0.2429113 4.24678 0.5935549
v -0.2625528 4.217504 0.7119086
v -0.2625528 4.217504 0.7119086
v -0.2429113 4.24678 0.5935549
v -0.1951299 4.215549 0.7162119
v -0.2429113 4.24678 0.5935549
v -0.1570719 4.222999 0.7094262
v -0.1951299 4.215549 0.7162119
v -0.387164 4.380897 0.588797
v -0.4084232 4.432699 0.6005639
v -0.3619677 4.403438 0.6374242
v -0.387164 4.380897 0.588797
v -0.3619677 4.403438 0.6374242
v -0.3554136 4.339767 0.6422763
v -0.387164 4.380897 0.588797
v -0.3781908 4.302729 0.5830417
v -0.4528825 4.364411 0.4257405
v -0.387164 4.380897 0.588797
v -0.3554136 4.339767 0.6422763
v -0.3781908 4.302729 0.5830417
v -0.4084232 4.432699 0.6005639
v -0.387164 4.380897 0.588797
v -0.4528825 4.364411 0.4257405
v -0.3554136 4.339767 0.6422763
v -0.3619677 4.403438 0.6374242
v -0.3122889 4.36231 0.6966931
v -0.3122889 4.36231 0.6966931
v -0.3619677 4.403438 0.6374242
v -0.3168279 4.422466 0.6814477
v -0.3619677 4.403438 0.6374242
v -0.3220148 4.455885 0.6851225
v -0.3168279 4.422466 0.6814477
v -0.3619677 4.403438 0.6374242
v -0.4084232 4.432699 0.6005639
v -0.3220148 4.455885 0.6851225
v -0.2391965 4.462286 0.7360367
v -0.3168279 4.422466 0.6814477
v -0.3220148 4.455885 0.6851225
v -0.2391965 4.462286 0.7360367
v -0.2468122 4.430547 0.7147963
v -0.3168279 4.422466 0.6814477
v -0.2468122 4.430547 0.7147963
v -0.2391965 4.462286 0.7360367
v -0.1349944 4.437087 0.7601022
v -0.2468122 4.430547 0.7147963
v -0.1349944 4.437087 0.7601022
v -0.1749296 4.417286 0.7164246
v -0.1206748 4.375235 0.7091414
v -0.1349944 4.437087 0.7601022
v -0.07718887 4.441926 0.788484
v -0.1206748 4.375235 0.7091414
v -0.1749296 4.417286 0.7164246
v -0.1349944 4.437087 0.7601022
v -0.1936478 4.054585 0.6615909
v -0.1369995 4.028634 0.7194788
v -0.1446219 3.992059 0.7079268
v -0.1446219 3.992059 0.7079268
v -0.1369995 4.028634 0.7194788
v -0.06849949 4.017312 0.7399079
v -0.1446219 3.992059 0.7079268
v -0.06849949 4.017312 0.7399079
v -0.07379965 3.970863 0.7278157
v -0.07379965 3.970863 0.7278157
v -0.06849949 4.017312 0.7399079
v 5.553634E-07 4.011247 0.7440373
v -0.07379965 3.970863 0.7278157
v 5.553634E-07 4.011247 0.7440373
v 5.436241E-07 3.967871 0.733736
v 5.436241E-07 3.967871 0.733736
v 5.553634E-07 4.011247 0.7440373
v 0.07317267 4.017856 0.7359958
v 5.436241E-07 3.967871 0.733736
v 0.07317267 4.017856 0.7359958
v 0.08026344 3.973836 0.7254877
v 0.08026344 3.973836 0.7254877
v 0.07317267 4.017856 0.7359958
v 0.1579044 4.043692 0.7188933
v 0.08026344 3.973836 0.7254877
v 0.1579044 4.043692 0.7188933
v 0.1642571 4.000797 0.7079195
v 0.1642571 4.000797 0.7079195
v 0.1579044 4.043692 0.7188933
v 0.2531753 4.106627 0.6427144
v -0.1852489 4.296673 0.7184827
v -0.1837768 4.373471 0.7150826
v -0.1530402 4.362691 0.7120264
v -0.2561767 4.298905 0.7187567
v -0.1837768 4.373471 0.7150826
v -0.1852489 4.296673 0.7184827
v -0.2561767 4.298905 0.7187567
v -0.25317 4.380889 0.7128204
v -0.1837768 4.373471 0.7150826
v -0.3106919 4.299135 0.6905742
v -0.25317 4.380889 0.7128204
v -0.2561767 4.298905 0.7187567
v -0.3106919 4.299135 0.6905742
v -0.3052435 4.375333 0.6892378
v -0.25317 4.380889 0.7128204
v -0.2591093 4.21849 0.7027232
v -0.3106919 4.299135 0.6905742
v -0.2561767 4.298905 0.7187567
v -0.2591093 4.21849 0.7027232
v -0.2561767 4.298905 0.7187567
v -0.1852489 4.296673 0.7184827
v -0.2591093 4.21849 0.7027232
v -0.1852489 4.296673 0.7184827
v -0.1976729 4.216088 0.7074413
v -0.3126261 4.239209 0.6720841
v -0.3106919 4.299135 0.6905742
v -0.2591093 4.21849 0.7027232
v -0.1976729 4.216088 0.7074413
v -0.1852489 4.296673 0.7184827
v -0.1522431 4.295558 0.7063408
v -0.1976729 4.216088 0.7074413
v -0.1522431 4.295558 0.7063408
v -0.1570719 4.222999 0.7094262
v -0.3596565 4.265965 0.6186755
v -0.3106919 4.299135 0.6905742
v -0.3126261 4.239209 0.6720841
v -0.3596565 4.265965 0.6186755
v -0.3587869 4.303896 0.6293079
v -0.3106919 4.299135 0.6905742
v -0.3587869 4.303896 0.6293079
v -0.3052435 4.375333 0.6892378
v -0.3106919 4.299135 0.6905742
v -0.3587869 4.303896 0.6293079
v -0.3541921 4.353207 0.6355488
v -0.3052435 4.375333 0.6892378
v -0.3781908 4.302729 0.5830417
v -0.3587869 4.303896 0.6293079
v -0.3596565 4.265965 0.6186755
v -0.3781908 4.302729 0.5830417
v -0.3541921 4.353207 0.6355488
v -0.3587869 4.303896 0.6293079
v -0.1522431 4.295558 0.7063408
v -0.1042535 4.26379 0.6787676
v -0.1570719 4.222999 0.7094262
v -0.1191643 4.297518 0.6847519
v -0.1042535 4.26379 0.6787676
v -0.1522431 4.295558 0.7063408
v 0.2751903 4.288657 0.7230698
v 0.2527131 4.358934 0.7160618
v 0.3089566 4.350874 0.6871884
v 0.2751903 4.288657 0.7230698
v 0.1928294 4.356637 0.7153975
v 0.2527131 4.358934 0.7160618
v 0.2751903 4.288657 0.7230698
v 0.1933506 4.278284 0.7225852
v 0.1928294 4.356637 0.7153975
v 0.1933506 4.278284 0.7225852
v 0.1521426 4.336278 0.7121807
v 0.1928294 4.356637 0.7153975
v 0.2613641 4.213748 0.7044381
v 0.1933506 4.278284 0.7225852
v 0.2751903 4.288657 0.7230698
v 0.2613641 4.213748 0.7044381
v 0.2751903 4.288657 0.7230698
v 0.3207462 4.291818 0.685477
v 0.2613641 4.213748 0.7044381
v 0.3207462 4.291818 0.685477
v 0.3129828 4.223162 0.6756027
v 0.3605794 4.249789 0.6188453
v 0.3129828 4.223162 0.6756027
v 0.3207462 4.291818 0.685477
v 0.3605794 4.249789 0.6188453
v 0.3207462 4.291818 0.685477
v 0.3595477 4.295313 0.6291336
v 0.3821025 4.301671 0.5831133
v 0.3605794 4.249789 0.6188453
v 0.3595477 4.295313 0.6291336
v 0.2613641 4.213748 0.7044381
v 0.1996086 4.214814 0.7083837
v 0.1933506 4.278284 0.7225852
v 0.1933506 4.278284 0.7225852
v 0.1496003 4.276339 0.7156239
v 0.1521426 4.336278 0.7121807
v 0.1996086 4.214814 0.7083837
v 0.1496003 4.276339 0.7156239
v 0.1933506 4.278284 0.7225852
v 0.1521426 4.336278 0.7121807
v 0.1496003 4.276339 0.7156239
v 0.1043722 4.262873 0.679437
v 0.1996086 4.214814 0.7083837
v 0.1570717 4.222668 0.7097232
v 0.1496003 4.276339 0.7156239
v 0.1496003 4.276339 0.7156239
v 0.1570717 4.222668 0.7097232
v 0.1043722 4.262873 0.679437
v 0.3506229 3.93252 0.5352674
v 0.436317 4.019735 0.3173873
v 0.3895524 3.976758 0.1830731
v 0.3071552 3.89331 0.502876
v 0.3506229 3.93252 0.5352674
v 0.3895524 3.976758 0.1830731
v 0.3071552 3.89331 0.502876
v 0.3895524 3.976758 0.1830731
v 2.510856E-07 3.73842 0.07358103
vn -0.09014402 0.09200931 0.9916695
vn -0.07978063 -0.199334 0.9766786
vn -0.07221233 -0.04648358 0.9963055
vn -0.07221233 -0.04648358 0.9963055
vn -0.4197088 0.107447 0.9012767
vn -0.2842623 0.1480162 0.9472519
vn -0.2842623 0.1480162 0.9472519
vn -0.4197088 0.107447 0.9012767
vn -0.4002658 0.2627616 0.8779201
vn -0.63421 0.2814251 0.7201233
vn -0.4002658 0.2627616 0.8779201
vn -0.4197088 0.107447 0.9012767
vn -0.63421 0.2814251 0.7201233
vn -0.4197088 0.107447 0.9012767
vn -0.6613646 0.03537744 0.7492298
vn -0.8852095 0.1522247 0.4395814
vn -0.63421 0.2814251 0.7201233
vn -0.6613646 0.03537744 0.7492298
vn -0.8852095 0.1522247 0.4395814
vn -0.6613646 0.03537744 0.7492298
vn -0.8784874 -0.1723676 0.4455888
vn -0.07221233 -0.04648358 0.9963055
vn -0.1485699 -0.189091 0.9706553
vn -0.4197088 0.107447 0.9012767
vn -0.07221233 -0.04648358 0.9963055
vn -0.07978063 -0.199334 0.9766786
vn -0.1485699 -0.189091 0.9706553
vn -0.4526651 -0.5511015 0.7009861
vn -0.2685368 -0.6769607 0.6852825
vn -0.2296607 -0.690864 0.6855384
vn -0.2685368 -0.6769607 0.6852825
vn -0.1696591 -0.708731 0.6847746
vn -0.2296607 -0.690864 0.6855384
vn -0.26416 -0.9534489 0.1454469
vn -0.1399357 -0.9753843 0.1704217
vn -0.1630285 -0.9721085 0.168602
vn 3.952285E-09 -0.8885077 0.4588618
vn -0.2658596 -0.84014 0.4727406
vn 4.148379E-07 -0.8363722 0.5481621
vn 3.952285E-09 -0.8885077 0.4588618
vn 4.148379E-07 -0.8363722 0.5481621
vn 0.2658601 -0.8401398 0.4727405
vn -0.3917378 -0.8404605 0.3743898
vn -0.2658596 -0.84014 0.4727406
vn -0.3917413 -0.8404592 0.3743889
vn -0.2658596 -0.84014 0.4727406
vn 3.952285E-09 -0.8885077 0.4588618
vn -0.3917413 -0.8404592 0.3743889
vn 0.396414 -0.5144683 0.7603804
vn 0.4516723 -0.3551417 0.8184537
vn 0.54956 -0.03976934 0.8345072
vn 0.4378822 0.0757267 0.8958374
vn 0.6277651 -0.1172303 0.7695246
vn 0.505682 -0.01737617 0.862545
vn 0.4378822 0.0757267 0.8958374
vn 0.505682 -0.01737617 0.862545
vn 0.1791557 0.2299936 0.9565596
vn 0.4378822 0.0757267 0.8958374
vn 0.1791557 0.2299936 0.9565596
vn 0.1401135 0.2684921 0.9530374
vn -0.2370471 0.2437279 0.9404283
vn 0.1401135 0.2684921 0.9530374
vn 0.1791557 0.2299936 0.9565596
vn -0.2370471 0.2437279 0.9404283
vn 0.1791557 0.2299936 0.9565596
vn -0.2896744 0.2530907 0.9230568
vn -0.6219139 0.1336372 0.7715985
vn -0.5885571 -0.03819723 0.8075529
vn -0.2370471 0.2437279 0.9404283
vn -0.6219139 0.1336372 0.7715985
vn -0.2370471 0.2437279 0.9404283
vn -0.2896744 0.2530907 0.9230568
vn -0.6338943 -0.2911211 0.7165378
vn -0.6215777 -0.1220821 0.7737811
vn -0.6162528 -0.2435993 0.7489272
vn -0.08271314 -0.6594901 0.7471488
vn -0.1232388 -0.6156197 0.7783474
vn -0.1722693 -0.6400046 0.7488106
vn -0.08271314 -0.6594901 0.7471488
vn -0.1722693 -0.6400046 0.7488106
vn -0.142105 -0.6760074 0.7230631
vn -0.04176811 -0.6846099 0.727712
vn -0.08271314 -0.6594901 0.7471488
vn -0.142105 -0.6760074 0.7230631
vn -0.04176811 -0.6846099 0.727712
vn -0.142105 -0.6760074 0.7230631
vn -0.05510481 -0.6960999 0.7158271
vn 0.5054284 -0.551621 0.6635183
vn 0.502888 -0.5505511 0.6663313
vn 0.489998 -0.5450428 0.6803164
vn 0.5054284 -0.551621 0.6635183
vn 0.5154408 -0.5557858 0.6522447
vn 0.502888 -0.5505511 0.6663313
vn 0.7555761 0.04037419 0.6538155
vn 0.7821937 0.08261747 0.6175334
vn 0.6780864 0.08756717 0.7297472
vn 0.3299693 0.1380052 0.9338495
vn 0.6780864 0.08756717 0.7297472
vn 0.5718177 0.01551703 0.8202339
vn 0.3299693 0.1380052 0.9338495
vn 0.5718177 0.01551703 0.8202339
vn 0.3802834 0.08102456 0.9213141
vn 0.8889522 0.1007794 0.4467746
vn 0.5718177 0.01551703 0.8202339
vn 0.6780864 0.08756717 0.7297472
vn 0.7821937 0.08261747 0.6175334
vn 0.8889522 0.1007794 0.4467746
vn 0.6780864 0.08756717 0.7297472
vn 0.8493652 0.1014514 0.5179637
vn 0.8889522 0.1007794 0.4467746
vn 0.7821937 0.08261747 0.6175334
vn 0.8493652 0.1014514 0.5179637
vn 0.9238598 0.0140375 0.3824737
vn 0.8889522 0.1007794 0.4467746
vn 0.8889522 0.1007794 0.4467746
vn 0.9702495 -0.108023 0.2166722
vn 0.970903 -0.1030616 0.2161614
vn 0.8889522 0.1007794 0.4467746
vn 0.9238598 0.0140375 0.3824737
vn 0.9702495 -0.108023 0.2166722
vn 0.9702495 -0.108023 0.2166722
vn 0.8274978 -0.2969666 0.4765063
vn 0.970903 -0.1030616 0.2161614
vn 0.8154399 -0.5786766 -0.01382386
vn 0.8274978 -0.2969666 0.4765063
vn 0.9702495 -0.108023 0.2166722
vn 0.5004117 -0.1971299 0.8430468
vn 0.5718177 0.01551703 0.8202339
vn 0.8274978 -0.2969666 0.4765063
vn 0.5004117 -0.1971299 0.8430468
vn 0.3802834 0.08102456 0.9213141
vn 0.5718177 0.01551703 0.8202339
vn 0.8154399 -0.5786766 -0.01382386
vn 0.771004 -0.6106664 0.1806642
vn 0.8274978 -0.2969666 0.4765063
vn 0.5004117 -0.1971299 0.8430468
vn 0.8274978 -0.2969666 0.4765063
vn 0.5720626 -0.5859119 0.5739788
vn 0.8274978 -0.2969666 0.4765063
vn 0.771004 -0.6106664 0.1806642
vn 0.5720626 -0.5859119 0.5739788
vn 0.3324974 -0.2805208 0.9004185
vn 0.5004117 -0.1971299 0.8430468
vn 0.5720626 -0.5859119 0.5739788
vn 0.4889157 -0.8629344 0.1276941
vn 0.5720626 -0.5859119 0.5739788
vn 0.771004 -0.6106664 0.1806642
vn 0.4889157 -0.8629344 0.1276941
vn 0.3184252 -0.7807584 0.5376074
vn 0.5720626 -0.5859119 0.5739788
vn 0.5284135 -0.8425311 -0.1045016
vn 0.4889157 -0.8629344 0.1276941
vn 0.771004 -0.6106664 0.1806642
vn 0.4889157 -0.8629344 0.1276941
vn 0.4089591 -0.729354 0.548448
vn 0.3184252 -0.7807584 0.5376074
vn 0.3358597 -0.06747489 0.9394921
vn 0.3802834 0.08102456 0.9213141
vn 0.5004117 -0.1971299 0.8430468
vn 0.3324974 -0.2805208 0.9004185
vn 0.3358597 -0.06747489 0.9394921
vn 0.5004117 -0.1971299 0.8430468
vn 0.4089591 -0.729354 0.548448
vn 0.1454044 -0.8115003 0.5659726
vn 0.3184252 -0.7807584 0.5376074
vn 0.4089591 -0.729354 0.548448
vn 0.1451914 -0.811815 0.5655758
vn 0.1454044 -0.8115003 0.5659726
vn 0.3283902 -0.2731547 0.9041827
vn 0.3358597 -0.06747489 0.9394921
vn 0.3324974 -0.2805208 0.9004185
vn 0.3324974 -0.2805208 0.9004185
vn 0.1909853 -0.4797998 0.8563392
vn 0.3283902 -0.2731547 0.9041827
vn 0.3324974 -0.2805208 0.9004185
vn 0.1231981 -0.3806002 0.9164965
vn 0.1909853 -0.4797998 0.8563392
vn 0.3358597 -0.06747489 0.9394921
vn 0.3283902 -0.2731547 0.9041827
vn 0.3119911 -0.08781185 0.9460183
vn 0.3358597 -0.06747489 0.9394921
vn 0.3119911 -0.08781185 0.9460183
vn 0.195811 0.03630712 0.9799693
vn 0.3119911 -0.08781185 0.9460183
vn 0.1732401 0.06148737 0.9829584
vn 0.195811 0.03630712 0.9799693
vn 0.2601297 -0.5614625 0.7855523
vn 0.3119911 -0.08781185 0.9460183
vn 0.3283902 -0.2731547 0.9041827
vn 0.3119911 -0.08781185 0.9460183
vn 0.1370579 0.2290406 0.9637197
vn 0.1732401 0.06148737 0.9829584
vn 0.2601297 -0.5614625 0.7855523
vn 0.3283902 -0.2731547 0.9041827
vn 0.1909853 -0.4797998 0.8563392
vn 0.1370579 0.2290406 0.9637197
vn 0.003522222 0.04278779 0.999078
vn 0.1732401 0.06148737 0.9829584
vn 0.1370579 0.2290406 0.9637197
vn 5.056076E-05 0.2173348 0.9760971
vn 0.003522222 0.04278779 0.999078
vn 0.02253824 -0.704313 0.7095317
vn 0.2601297 -0.5614625 0.7855523
vn 0.1909853 -0.4797998 0.8563392
vn 0.02253824 -0.704313 0.7095317
vn 0.1909853 -0.4797998 0.8563392
vn 0.01195563 -0.5562963 0.830898
vn 0.1231981 -0.3806002 0.9164965
vn 0.01195563 -0.5562963 0.830898
vn 0.1909853 -0.4797998 0.8563392
vn 0.1231981 -0.3806002 0.9164965
vn 0.007776256 -0.3874863 0.9218427
vn 0.01195563 -0.5562963 0.830898
vn -0.2095875 -0.5096602 0.8344577
vn 0.01195563 -0.5562963 0.830898
vn 0.007776256 -0.3874863 0.9218427
vn 0.1451914 -0.811815 0.5655758
vn 0.008033831 -0.8209725 0.5709113
vn 0.1454044 -0.8115003 0.5659726
vn 0.02253824 -0.704313 0.7095317
vn 0.01195563 -0.5562963 0.830898
vn -0.2095875 -0.5096602 0.8344577
vn 0.02253824 -0.704313 0.7095317
vn -0.2095875 -0.5096602 0.8344577
vn -0.297904 -0.6821377 0.6677885
vn 0.1451914 -0.811815 0.5655758
vn 0.006269683 -0.8220273 0.5694137
vn 0.008033831 -0.8209725 0.5709113
vn -0.1414016 -0.8096138 0.5696764
vn 0.008033831 -0.8209725 0.5709113
vn 0.006269683 -0.8220273 0.5694137
vn -0.2095875 -0.5096602 0.8344577
vn 0.007776256 -0.3874863 0.9218427
vn -0.1266955 -0.3785821 0.9168555
vn -0.3205754 -0.2888145 0.9021184
vn -0.2095875 -0.5096602 0.8344577
vn -0.1266955 -0.3785821 0.9168555
vn -0.1414016 -0.8096138 0.5696764
vn 0.006269683 -0.8220273 0.5694137
vn -0.1388676 -0.8152995 0.5621411
vn -0.3743138 -0.7362192 0.5637999
vn -0.319452 -0.7678622 0.5552821
vn -0.1414016 -0.8096138 0.5696764
vn -0.3743138 -0.7362192 0.5637999
vn -0.1414016 -0.8096138 0.5696764
vn -0.1388676 -0.8152995 0.5621411
vn -0.4827046 -0.8636864 0.1450592
vn -0.319452 -0.7678622 0.5552821
vn -0.3743138 -0.7362192 0.5637999
vn -0.4827046 -0.8636864 0.1450592
vn -0.5490904 -0.5895575 0.5923866
vn -0.319452 -0.7678622 0.5552821
vn -0.3205754 -0.2888145 0.9021184
vn -0.341339 -0.2684706 0.9007837
vn -0.2095875 -0.5096602 0.8344577
vn -0.2095875 -0.5096602 0.8344577
vn -0.341339 -0.2684706 0.9007837
vn -0.4286983 -0.3329781 0.8398473
vn -0.2095875 -0.5096602 0.8344577
vn -0.4286983 -0.3329781 0.8398473
vn -0.297904 -0.6821377 0.6677885
vn -0.341339 -0.2684706 0.9007837
vn -0.3205754 -0.2888145 0.9021184
vn -0.2950599 -0.04305483 0.9545082
vn -0.341339 -0.2684706 0.9007837
vn -0.2950599 -0.04305483 0.9545082
vn -0.3380061 -0.03706775 0.9404137
vn -0.4286983 -0.3329781 0.8398473
vn -0.341339 -0.2684706 0.9007837
vn -0.3380061 -0.03706775 0.9404137
vn -0.2387321 0.06630714 0.9688191
vn -0.1987283 0.2172468 0.955673
vn -0.3380061 -0.03706775 0.9404137
vn -0.1987283 0.2172468 0.955673
vn -0.2387321 0.06630714 0.9688191
vn -0.1656534 0.09949009 0.9811527
vn -0.1987283 0.2172468 0.955673
vn -0.1656534 0.09949009 0.9811527
vn -0.1253383 0.3195618 0.9392394
vn -0.1656534 0.09949009 0.9811527
vn 5.056076E-05 0.2173348 0.9760971
vn -0.1253383 0.3195618 0.9392394
vn -0.1656534 0.09949009 0.9811527
vn 0.003522222 0.04278779 0.999078
vn 5.056076E-05 0.2173348 0.9760971
vn -0.3205754 -0.2888145 0.9021184
vn -0.4820003 -0.2301265 0.8454097
vn -0.2950599 -0.04305483 0.9545082
vn -0.3205754 -0.2888145 0.9021184
vn -0.5490904 -0.5895575 0.5923866
vn -0.4820003 -0.2301265 0.8454097
vn -0.4820003 -0.2301265 0.8454097
vn -0.5490904 -0.5895575 0.5923866
vn -0.8286942 -0.2950341 0.4756269
vn -0.3967364 0.05828032 0.9160806
vn -0.2950599 -0.04305483 0.9545082
vn -0.4820003 -0.2301265 0.8454097
vn -0.4820003 -0.2301265 0.8454097
vn -0.5907941 0.01988399 0.8065773
vn -0.3967364 0.05828032 0.9160806
vn -0.4820003 -0.2301265 0.8454097
vn -0.8286942 -0.2950341 0.4756269
vn -0.5907941 0.01988399 0.8065773
vn -0.3443522 -0.1289863 0.9299377
vn -0.3967364 0.05828032 0.9160806
vn -0.5907941 0.01988399 0.8065773
vn -0.2626092 0.2391398 0.9347987
vn -0.2950599 -0.04305483 0.9545082
vn -0.3967364 0.05828032 0.9160806
vn -0.2626092 0.2391398 0.9347987
vn -0.3380061 -0.03706775 0.9404137
vn -0.2950599 -0.04305483 0.9545082
vn -0.1827375 0.3233609 0.9284637
vn -0.2626092 0.2391398 0.9347987
vn -0.3967364 0.05828032 0.9160806
vn -0.1827375 0.3233609 0.9284637
vn -0.3967364 0.05828032 0.9160806
vn -0.3443522 -0.1289863 0.9299377
vn -0.3217048 0.06031935 0.9449167
vn -0.3380061 -0.03706775 0.9404137
vn -0.2626092 0.2391398 0.9347987
vn -0.3217048 0.06031935 0.9449167
vn -0.2387321 0.06630714 0.9688191
vn -0.3380061 -0.03706775 0.9404137
vn -0.2626092 0.2391398 0.9347987
vn -0.4364676 0.2876572 0.852496
vn -0.3217048 0.06031935 0.9449167
vn -0.2626092 0.2391398 0.9347987
vn -0.4480136 0.36606 0.8156494
vn -0.4364676 0.2876572 0.852496
vn -0.4480136 0.36606 0.8156494
vn -0.2626092 0.2391398 0.9347987
vn -0.1827375 0.3233609 0.9284637
vn -0.974148 -0.1054681 0.1997804
vn -0.9724166 -0.1106064 0.2053588
vn -0.8286942 -0.2950341 0.4756269
vn -0.822966 -0.5680249 -0.00864791
vn -0.974148 -0.1054681 0.1997804
vn -0.8286942 -0.2950341 0.4756269
vn -0.822966 -0.5680249 -0.00864791
vn -0.8286942 -0.2950341 0.4756269
vn -0.7710469 -0.6113608 0.1781141
vn -0.8286942 -0.2950341 0.4756269
vn -0.5490904 -0.5895575 0.5923866
vn -0.7710469 -0.6113608 0.1781141
vn -0.7710469 -0.6113608 0.1781141
vn -0.5490904 -0.5895575 0.5923866
vn -0.4827046 -0.8636864 0.1450592
vn -0.7710469 -0.6113608 0.1781141
vn -0.5095723 -0.8327894 -0.2163282
vn -0.822966 -0.5680249 -0.00864791
vn -0.5195495 -0.8487516 -0.09843282
vn -0.7710469 -0.6113608 0.1781141
vn -0.4827046 -0.8636864 0.1450592
vn -0.5195495 -0.8487516 -0.09843282
vn -0.5095723 -0.8327894 -0.2163282
vn -0.7710469 -0.6113608 0.1781141
vn -0.5195495 -0.8487516 -0.09843282
vn -0.0001636452 -0.9751533 -0.2215309
vn -0.5095723 -0.8327894 -0.2163282
vn -0.974148 -0.1054681 0.1997804
vn -0.8987944 0.1188561 0.4219502
vn -0.9724166 -0.1106064 0.2053588
vn -0.974148 -0.1054681 0.1997804
vn -0.9506378 -0.02396511 0.3093759
vn -0.8987944 0.1188561 0.4219502
vn -0.8987944 0.1188561 0.4219502
vn -0.6696474 0.02376129 0.742299
vn -0.5907941 0.01988399 0.8065773
vn -0.3443522 -0.1289863 0.9299377
vn -0.5907941 0.01988399 0.8065773
vn -0.6696474 0.02376129 0.742299
vn -0.8681884 0.1088477 0.4841499
vn -0.8987944 0.1188561 0.4219502
vn -0.9506378 -0.02396511 0.3093759
vn -0.8681884 0.1088477 0.4841499
vn -0.7808486 0.1133349 0.6143539
vn -0.8987944 0.1188561 0.4219502
vn -0.7808486 0.1133349 0.6143539
vn -0.6696474 0.02376129 0.742299
vn -0.8987944 0.1188561 0.4219502
vn -0.743236 0.047173 0.6673642
vn -0.6696474 0.02376129 0.742299
vn -0.7808486 0.1133349 0.6143539
vn -0.52363 -0.4415757 0.7285757
vn -0.3443522 -0.1289863 0.9299377
vn -0.6696474 0.02376129 0.742299
vn -0.52363 -0.4415757 0.7285757
vn -0.2797204 -0.5451053 0.790327
vn -0.3443522 -0.1289863 0.9299377
vn -0.0001636452 -0.9751533 -0.2215309
vn -0.5195495 -0.8487516 -0.09843282
vn -0.4827046 -0.8636864 0.1450592
vn -0.0001636452 -0.9751533 -0.2215309
vn -0.4827046 -0.8636864 0.1450592
vn -0.2263742 -0.9624373 -0.1498976
vn -0.0001636452 -0.9751533 -0.2215309
vn -0.2263742 -0.9624373 -0.1498976
vn -0.1119916 -0.9862426 -0.1215872
vn -0.0001636452 -0.9751533 -0.2215309
vn -0.1119916 -0.9862426 -0.1215872
vn 0.002325349 -0.9932781 -0.115729
vn -0.0001636452 -0.9751533 -0.2215309
vn 0.002325349 -0.9932781 -0.115729
vn 0.1244745 -0.9846227 -0.1225734
vn -0.0001636452 -0.9751533 -0.2215309
vn 0.1244745 -0.9846227 -0.1225734
vn 0.2256181 -0.9629769 -0.1475534
vn -0.0001636452 -0.9751533 -0.2215309
vn 0.2256181 -0.9629769 -0.1475534
vn 0.4889157 -0.8629344 0.1276941
vn -0.0001636452 -0.9751533 -0.2215309
vn 0.4889157 -0.8629344 0.1276941
vn 0.5284135 -0.8425311 -0.1045016
vn -0.3443522 -0.1289863 0.9299377
vn -0.2797204 -0.5451053 0.790327
vn 0.09320465 -0.6780736 0.7290604
vn -0.3443522 -0.1289863 0.9299377
vn 0.09320465 -0.6780736 0.7290604
vn 0.09828446 -0.7396973 0.6657237
vn 0.09320465 -0.6780736 0.7290604
vn 0.4516723 -0.3551417 0.8184537
vn 0.396414 -0.5144683 0.7603804
vn 0.09320465 -0.6780736 0.7290604
vn 0.396414 -0.5144683 0.7603804
vn 0.09828446 -0.7396973 0.6657237
vn -0.153601 -0.4361842 0.8866511
vn -0.05358547 -0.3168869 0.9469485
vn -0.06873172 -0.3630583 0.929228
vn -0.05358547 -0.3168869 0.9469485
vn 0.05183439 -0.1071061 0.9928955
vn -0.06873172 -0.3630583 0.929228
vn -0.05358547 -0.3168869 0.9469485
vn 0.06071817 -0.1102049 0.9920526
vn 0.05183439 -0.1071061 0.9928955
vn 0.06071817 -0.1102049 0.9920526
vn 0.01986044 0.02396097 0.9995156
vn 0.05183439 -0.1071061 0.9928955
vn 0.01986044 0.02396097 0.9995156
vn -0.004090249 0.06181147 0.9980795
vn 0.05183439 -0.1071061 0.9928955
vn 0.6794181 0.07440583 0.729969
vn 0.4604353 0.3754831 0.8043705
vn 0.691013 0.1557416 0.7058652
vn 0.691013 0.1557416 0.7058652
vn 0.6648502 -0.2285369 0.7111576
vn 0.6794181 0.07440583 0.729969
vn 0.1980532 -0.0693554 0.9777345
vn 0.2830425 0.08267174 0.9555377
vn -0.0008534092 0.103003 0.9946807
vn 0.1980532 -0.0693554 0.9777345
vn -0.0008534092 0.103003 0.9946807
vn -0.001034142 -0.04736658 0.998877
vn -0.03383292 -0.02301714 0.9991624
vn 0.1980532 -0.0693554 0.9777345
vn -0.001034142 -0.04736658 0.998877
vn -0.0008534092 0.103003 0.9946807
vn -0.2238543 -0.05998352 0.972775
vn -0.001034142 -0.04736658 0.998877
vn -0.03383292 -0.02301714 0.9991624
vn -0.001034142 -0.04736658 0.998877
vn -0.2238543 -0.05998352 0.972775
vn -0.03383292 -0.02301714 0.9991624
vn -0.2238543 -0.05998352 0.972775
vn -0.07978063 -0.199334 0.9766786
vn -6.936157E-06 0.6951832 0.7188327
vn 2.153593E-07 0.6984047 0.715703
vn 0.2491731 0.6753381 0.6941406
vn -0.0008534092 0.103003 0.9946807
vn -0.2831394 0.08563069 0.9552484
vn -0.2238543 -0.05998352 0.972775
vn -6.936157E-06 0.6951832 0.7188327
vn -0.2491766 0.6753367 0.6941407
vn 2.153593E-07 0.6984047 0.715703
vn -0.69224 0.1593781 0.7038484
vn -0.6907881 0.1116866 0.7143794
vn -0.7089535 -0.1511333 0.6888714
vn -0.6907881 0.1116866 0.7143794
vn -0.69224 0.1593781 0.7038484
vn -0.4480136 0.36606 0.8156494
vn -0.6907881 0.1116866 0.7143794
vn -0.5633206 -0.4522405 0.6914827
vn -0.7089535 -0.1511333 0.6888714
vn -0.7089535 -0.1511333 0.6888714
vn -0.5633206 -0.4522405 0.6914827
vn -0.4526651 -0.5511015 0.7009861
vn -0.03383292 -0.02301714 0.9991624
vn -0.06287589 -0.1843166 0.9808537
vn 0.1980532 -0.0693554 0.9777345
vn 0.5639836 -0.4338824 0.7026156
vn 0.6648502 -0.2285369 0.7111576
vn 0.5587676 -0.4248841 0.7122166
vn 0.6648502 -0.2285369 0.7111576
vn 0.5639836 -0.4338824 0.7026156
vn 0.6794181 0.07440583 0.729969
vn 0.2028708 -0.8060884 0.5559361
vn 0.0244562 -0.7790982 0.6264248
vn 0.1547439 -0.7822322 0.6034626
vn 0.1326107 0.07357275 0.9884339
vn -0.06287589 -0.1843166 0.9808537
vn -0.03383292 -0.02301714 0.9991624
vn -6.936157E-06 0.6951832 0.7188327
vn 0.2491731 0.6753381 0.6941406
vn 0.2643607 0.6697356 0.6939508
vn 0.374203 0.05674223 0.9256092
vn 0.3671937 0.06769565 0.9276778
vn 0.378059 0.05066843 0.924394
vn 0.374203 0.05674223 0.9256092
vn 0.378059 0.05066843 0.924394
vn 0.3843861 0.04062711 0.922278
vn 0.9009649 0.222808 0.3723155
vn 0.8276228 0.4727203 0.3026152
vn 0.8975533 0.2297525 0.3763135
vn 0.9118638 0.02624947 0.4096528
vn 0.9009649 0.222808 0.3723155
vn 0.8975533 0.2297525 0.3763135
vn 0.4604353 0.3754831 0.8043705
vn 0.4270531 0.297451 0.853902
vn 0.691013 0.1557416 0.7058652
vn 0.908169 0.05532215 0.414932
vn 0.9118638 0.02624947 0.4096528
vn 0.8975533 0.2297525 0.3763135
vn 0.2807598 0.05222091 0.9583564
vn 0.4270531 0.297451 0.853902
vn 0.3285678 0.2378957 0.9140289
vn 0.3285678 0.2378957 0.9140289
vn 0.4270531 0.297451 0.853902
vn 0.4604353 0.3754831 0.8043705
vn 0.3802834 0.08102456 0.9213141
vn 0.3285678 0.2378957 0.9140289
vn 0.2385502 0.3715979 0.8972228
vn 0.3285678 0.2378957 0.9140289
vn 0.4604353 0.3754831 0.8043705
vn 0.2385502 0.3715979 0.8972228
vn 0.2807598 0.05222091 0.9583564
vn 0.3285678 0.2378957 0.9140289
vn 0.3358597 -0.06747489 0.9394921
vn 0.3285678 0.2378957 0.9140289
vn 0.3802834 0.08102456 0.9213141
vn 0.3358597 -0.06747489 0.9394921
vn 0.2807598 0.05222091 0.9583564
vn 0.3358597 -0.06747489 0.9394921
vn 0.195811 0.03630712 0.9799693
vn 0.3802834 0.08102456 0.9213141
vn 0.2385502 0.3715979 0.8972228
vn 0.3299693 0.1380052 0.9338495
vn 0.1732401 0.06148737 0.9829584
vn 0.2807598 0.05222091 0.9583564
vn 0.195811 0.03630712 0.9799693
vn 0.1732401 0.06148737 0.9829584
vn 0.2816834 -0.1356897 0.9498646
vn 0.2807598 0.05222091 0.9583564
vn 0.003522222 0.04278779 0.999078
vn 0.2816834 -0.1356897 0.9498646
vn 0.1732401 0.06148737 0.9829584
vn 0.003522222 0.04278779 0.999078
vn 0.3167993 -0.1930314 0.9286426
vn 0.2816834 -0.1356897 0.9498646
vn -0.2559741 -0.1129772 0.9600591
vn -0.3167982 -0.1930314 0.928643
vn 0.003522222 0.04278779 0.999078
vn -0.2559741 -0.1129772 0.9600591
vn 0.003522222 0.04278779 0.999078
vn -0.1656534 0.09949009 0.9811527
vn 0.3917376 -0.8404606 0.3743898
vn 0.3917406 -0.8404594 0.3743893
vn 0.2658601 -0.8401398 0.4727405
vn 0.3917406 -0.8404594 0.3743893
vn 3.952285E-09 -0.8885077 0.4588618
vn 0.2658601 -0.8401398 0.4727405
vn -0.2387321 0.06630714 0.9688191
vn -0.2559741 -0.1129772 0.9600591
vn -0.1656534 0.09949009 0.9811527
vn -0.2387321 0.06630714 0.9688191
vn -0.3217048 0.06031935 0.9449167
vn -0.2559741 -0.1129772 0.9600591
vn -6.936157E-06 0.6951832 0.7188327
vn -0.2643746 0.6697302 0.6939507
vn -0.2491766 0.6753367 0.6941407
vn -0.9118634 0.02625185 0.4096536
vn -0.8975521 0.2297536 0.3763157
vn -0.9009638 0.2228077 0.3723185
vn -0.3780592 0.05067246 0.9243936
vn -0.3671968 0.06769569 0.9276766
vn -0.3742041 0.05674504 0.9256086
vn -0.3843847 0.04063352 0.9222783
vn -0.3780592 0.05067246 0.9243936
vn -0.3742041 0.05674504 0.9256086
vn -0.4480136 0.36606 0.8156494
vn -0.69224 0.1593781 0.7038484
vn -0.4364676 0.2876572 0.852496
vn -0.9009638 0.2228077 0.3723185
vn -0.8975521 0.2297536 0.3763157
vn -0.8276218 0.4727188 0.3026206
vn -0.9081689 0.05532185 0.4149323
vn -0.8975521 0.2297536 0.3763157
vn -0.9118634 0.02625185 0.4096536
vn -0.4037791 -0.510786 0.7589862
vn -0.2801329 -0.6888239 0.6686158
vn -0.2470858 -0.6386931 0.728711
vn -0.2801329 -0.6888239 0.6686158
vn -0.1405319 -0.7268361 0.6722797
vn -0.1074098 -0.7197974 0.6858243
vn -0.2801329 -0.6888239 0.6686158
vn -0.1074098 -0.7197974 0.6858243
vn -0.2470858 -0.6386931 0.728711
vn -0.2801329 -0.6888239 0.6686158
vn -0.2754902 -0.7269642 0.6289898
vn -0.1405319 -0.7268361 0.6722797
vn -0.2801329 -0.6888239 0.6686158
vn -0.3503701 -0.7308286 0.5857733
vn -0.2754902 -0.7269642 0.6289898
vn -0.3474029 -0.7292132 0.5895416
vn -0.3503701 -0.7308286 0.5857733
vn -0.2801329 -0.6888239 0.6686158
vn 0.02573468 -0.970481 0.2398007
vn -0.03562074 -0.9744908 0.2215828
vn -0.00786611 -0.9737267 0.2275843
vn 0.4711258 0.8677689 0.1581698
vn -0.118469 0.9899718 0.07694759
vn 0.3608293 0.9248809 0.1199897
vn 0.3608293 0.9248809 0.1199897
vn -0.118469 0.9899718 0.07694759
vn 0.2007785 0.9772792 0.06792118
vn 0.2007785 0.9772792 0.06792118
vn -0.118469 0.9899718 0.07694759
vn 0.111638 0.9924951 0.04990577
vn 0.111638 0.9924951 0.04990577
vn -0.118469 0.9899718 0.07694759
vn -0.04647739 0.9982556 0.03640952
vn -0.04647739 0.9982556 0.03640952
vn -0.118469 0.9899718 0.07694759
vn -0.1972423 0.9798677 0.03090075
vn -0.1972423 0.9798677 0.03090075
vn -0.118469 0.9899718 0.07694759
vn -0.2681147 0.9626381 0.03797851
vn -0.2681147 0.9626381 0.03797851
vn -0.118469 0.9899718 0.07694759
vn -0.4246683 0.9021214 0.07637992
vn -0.4246683 0.9021214 0.07637992
vn -0.118469 0.9899718 0.07694759
vn -0.5398986 0.8347014 0.1085505
vn -0.4711258 -0.8677689 -0.1581698
vn -0.4711259 -0.8677689 -0.1581698
vn -0.4711258 -0.8677689 -0.1581698
vn -0.2392227 -0.9678281 -0.07798307
vn -0.2392227 -0.9678281 -0.07798304
vn -0.2392227 -0.9678281 -0.07798307
vn -0.1617188 -0.9851503 -0.05767224
vn -0.1617187 -0.9851503 -0.05767223
vn -0.1617188 -0.9851503 -0.05767225
vn -0.06299111 -0.9971181 -0.0422805
vn -0.06299111 -0.9971181 -0.04228048
vn -0.06299111 -0.9971181 -0.0422805
vn 0.166181 -0.9856554 -0.02944982
vn 0.166181 -0.9856554 -0.02944981
vn 0.166181 -0.9856554 -0.02944982
vn 0.2332591 -0.9718695 -0.03255571
vn 0.2332591 -0.9718695 -0.0325557
vn 0.2332591 -0.9718695 -0.03255571
vn 0.3049136 -0.9513765 -0.04370912
vn 0.3049136 -0.9513765 -0.04370911
vn 0.3049136 -0.9513765 -0.04370912
vn 0.5398986 -0.8347014 -0.1085505
vn 0.5398986 -0.8347014 -0.1085505
vn 0.5398985 -0.8347014 -0.1085505
vn -0.00786611 -0.9737267 0.2275843
vn -0.03562074 -0.9744908 0.2215828
vn -0.1630285 -0.9721085 0.168602
vn -0.00786611 -0.9737267 0.2275843
vn -0.1630285 -0.9721085 0.168602
vn -0.1399357 -0.9753843 0.1704217
vn -0.2842623 0.1480162 0.9472519
vn -0.09014402 0.09200931 0.9916695
vn -0.07221233 -0.04648358 0.9963055
vn -0.2464319 0.1679473 0.9544973
vn -0.09014402 0.09200931 0.9916695
vn -0.2842623 0.1480162 0.9472519
vn -0.4336765 0.3475548 0.8313425
vn -0.2464319 0.1679473 0.9544973
vn -0.2842623 0.1480162 0.9472519
vn -0.4336765 0.3475548 0.8313425
vn -0.2842623 0.1480162 0.9472519
vn -0.4002658 0.2627616 0.8779201
vn -0.4336765 0.3475548 0.8313425
vn -0.4002658 0.2627616 0.8779201
vn -0.63421 0.2814251 0.7201233
vn -0.4336765 0.3475548 0.8313425
vn -0.63421 0.2814251 0.7201233
vn -0.7601458 0.4139597 0.5008153
vn -0.7601458 0.4139597 0.5008153
vn -0.63421 0.2814251 0.7201233
vn -0.8852095 0.1522247 0.4395814
vn -0.7601458 0.4139597 0.5008153
vn -0.8852095 0.1522247 0.4395814
vn -0.9682915 0.09282178 0.231939
vn -0.8784874 -0.1723676 0.4455888
vn -0.9682915 0.09282178 0.231939
vn -0.8852095 0.1522247 0.4395814
vn -0.9682915 0.09282178 0.231939
vn -0.8784874 -0.1723676 0.4455888
vn -0.9506378 -0.02396511 0.3093759
vn 0.02592203 0.2105219 0.9772454
vn 0.1326107 0.07357275 0.9884339
vn -0.03383292 -0.02301714 0.9991624
vn 0.02592203 0.2105219 0.9772454
vn -0.03383292 -0.02301714 0.9991624
vn -0.09014402 0.09200931 0.9916695
vn 0.02592203 0.2105219 0.9772454
vn -0.09014402 0.09200931 0.9916695
vn -0.2464319 0.1679473 0.9544973
vn -0.03383292 -0.02301714 0.9991624
vn -0.07978063 -0.199334 0.9766786
vn -0.09014402 0.09200931 0.9916695
vn 0.02592203 0.2105219 0.9772454
vn 0.2194478 0.2569442 0.9411814
vn 0.1326107 0.07357275 0.9884339
vn 0.1326107 0.07357275 0.9884339
vn 0.2194478 0.2569442 0.9411814
vn 0.2591733 0.1827849 0.948377
vn 0.2591733 0.1827849 0.948377
vn 0.08155045 -0.01731373 0.9965189
vn 0.1326107 0.07357275 0.9884339
vn 0.2194478 0.2569442 0.9411814
vn 0.4104539 0.2512327 0.8765898
vn 0.2591733 0.1827849 0.948377
vn 0.2194478 0.2569442 0.9411814
vn 0.44741 0.3117968 0.8382166
vn 0.4104539 0.2512327 0.8765898
vn 0.44741 0.3117968 0.8382166
vn 0.6240142 0.2275773 0.7475393
vn 0.4104539 0.2512327 0.8765898
vn 0.44741 0.3117968 0.8382166
vn 0.8025742 0.2416638 0.545411
vn 0.6240142 0.2275773 0.7475393
vn 0.8025742 0.2416638 0.545411
vn 0.8657017 0.156044 0.4756163
vn 0.6240142 0.2275773 0.7475393
vn 0.8025742 0.2416638 0.545411
vn 0.947261 0.2007416 0.249799
vn 0.8657017 0.156044 0.4756163
vn 0.9299722 0.1728654 0.3244522
vn 0.8657017 0.156044 0.4756163
vn 0.947261 0.2007416 0.249799
vn 0.947261 0.2007416 0.249799
vn 0.9462082 0.2092764 0.2467662
vn 0.9299722 0.1728654 0.3244522
vn 0.6651532 -0.6556412 0.3573596
vn 0.6575349 -0.6591451 0.3649324
vn 0.645128 -0.61895 0.4480076
vn 0.9238598 0.0140375 0.3824737
vn 0.8493652 0.1014514 0.5179637
vn 0.8915819 -0.04839293 0.4502665
vn 0.8915819 -0.04839293 0.4502665
vn 0.8493652 0.1014514 0.5179637
vn 0.8547355 -0.0272499 0.5183481
vn 0.6575349 -0.6591451 0.3649324
vn 0.6157842 -0.5608007 0.5534551
vn 0.645128 -0.61895 0.4480076
vn 0.8915819 -0.04839293 0.4502665
vn 0.8547355 -0.0272499 0.5183481
vn 0.8416789 0.01751837 0.5396941
vn 0.8547355 -0.0272499 0.5183481
vn 0.6540793 0.215674 0.7250276
vn 0.8416789 0.01751837 0.5396941
vn 0.4641703 -0.6096498 0.642552
vn 0.645128 -0.61895 0.4480076
vn 0.6157842 -0.5608007 0.5534551
vn 0.4641703 -0.6096498 0.642552
vn 0.6157842 -0.5608007 0.5534551
vn 0.4099468 -0.6353133 0.6544622
vn 0.4099468 -0.6353133 0.6544622
vn 0.3086341 -0.7197623 0.6218419
vn 0.4641703 -0.6096498 0.642552
vn 0.4099468 -0.6353133 0.6544622
vn 0.2984419 -0.6977874 0.6511722
vn 0.3086341 -0.7197623 0.6218419
vn 0.6540793 0.215674 0.7250276
vn 0.6570021 0.2629202 0.706556
vn 0.8416789 0.01751837 0.5396941
vn 0.6540793 0.215674 0.7250276
vn 0.5175102 0.2421436 0.8207008
vn 0.6570021 0.2629202 0.706556
vn 0.6540793 0.215674 0.7250276
vn 0.5011012 0.2053422 0.8406736
vn 0.5175102 0.2421436 0.8207008
vn 0.2984419 -0.6977874 0.6511722
vn 0.1547439 -0.7822322 0.6034626
vn 0.3086341 -0.7197623 0.6218419
vn 0.2984419 -0.6977874 0.6511722
vn 0.2074013 -0.87278 0.4418596
vn 0.1547439 -0.7822322 0.6034626
vn 0.2074013 -0.87278 0.4418596
vn 0.2028708 -0.8060884 0.5559361
vn 0.1547439 -0.7822322 0.6034626
vn 0.2936874 -0.03425157 0.9552877
vn 0.5453348 0.02503167 0.8378445
vn 0.4142143 -0.06596503 0.9077858
vn 0.1527862 -0.08890549 0.9842521
vn 0.2936874 -0.03425157 0.9552877
vn 0.4142143 -0.06596503 0.9077858
vn 0.1527862 -0.08890549 0.9842521
vn 0.1494581 0.02375256 0.9884828
vn 0.2936874 -0.03425157 0.9552877
vn 0.0244562 -0.7790982 0.6264248
vn 0.1661516 -0.7495916 0.6407075
vn 0.1547439 -0.7822322 0.6034626
vn 0.1326107 0.07357275 0.9884339
vn 0.08155045 -0.01731373 0.9965189
vn -0.06287589 -0.1843166 0.9808537
vn -0.009096966 -0.03853922 0.9992157
vn -0.06287589 -0.1843166 0.9808537
vn 0.08155045 -0.01731373 0.9965189
vn 0.1661516 -0.7495916 0.6407075
vn 0.3086341 -0.7197623 0.6218419
vn 0.1547439 -0.7822322 0.6034626
vn 0.1661516 -0.7495916 0.6407075
vn 0.2721142 -0.7844304 0.5573353
vn 0.3086341 -0.7197623 0.6218419
vn 0.3850642 0.1550569 0.9097708
vn -0.009096966 -0.03853922 0.9992157
vn 0.08155045 -0.01731373 0.9965189
vn 0.2591733 0.1827849 0.948377
vn 0.3850642 0.1550569 0.9097708
vn 0.08155045 -0.01731373 0.9965189
vn 0.4498208 -0.6301842 0.6328738
vn 0.3086341 -0.7197623 0.6218419
vn 0.2721142 -0.7844304 0.5573353
vn 0.4498208 -0.6301842 0.6328738
vn 0.4641703 -0.6096498 0.642552
vn 0.3086341 -0.7197623 0.6218419
vn 0.4498208 -0.6301842 0.6328738
vn 0.645128 -0.61895 0.4480076
vn 0.4641703 -0.6096498 0.642552
vn 0.4104539 0.2512327 0.8765898
vn 0.3850642 0.1550569 0.9097708
vn 0.2591733 0.1827849 0.948377
vn 0.6240142 0.2275773 0.7475393
vn 0.3850642 0.1550569 0.9097708
vn 0.4104539 0.2512327 0.8765898
vn 0.6240142 0.2275773 0.7475393
vn 0.71946 0.1178537 0.6844617
vn 0.3850642 0.1550569 0.9097708
vn 0.8657017 0.156044 0.4756163
vn 0.71946 0.1178537 0.6844617
vn 0.6240142 0.2275773 0.7475393
vn 0.8657017 0.156044 0.4756163
vn 0.9299722 0.1728654 0.3244522
vn 0.71946 0.1178537 0.6844617
vn 0.8969217 0.01659644 0.4418779
vn 0.8609462 0.02012241 0.508298
vn 0.8417894 0.1409988 0.5210662
vn 0.8609462 0.02012241 0.508298
vn 0.609256 0.09286192 0.7875175
vn 0.8417894 0.1409988 0.5210662
vn 0.8609462 0.02012241 0.508298
vn 0.7241465 -0.0433091 0.6882849
vn 0.609256 0.09286192 0.7875175
vn 0.7241465 -0.0433091 0.6882849
vn 0.5371495 0.1634997 0.8274891
vn 0.609256 0.09286192 0.7875175
vn 0.7241465 -0.0433091 0.6882849
vn 0.6031836 -0.05776326 0.795508
vn 0.5371495 0.1634997 0.8274891
vn 0.09154205 0.9412914 0.3249472
vn 0.1319048 0.9314629 0.3390842
vn -0.03169195 0.9077254 0.4183661
vn 0.02025595 0.9519113 0.3057034
vn 0.09154205 0.9412914 0.3249472
vn -0.03169195 0.9077254 0.4183661
vn 0.02025595 0.9519113 0.3057034
vn -0.03169195 0.9077254 0.4183661
vn -0.02685001 0.9434026 0.3305611
vn -0.1277381 0.8072174 0.5762665
vn -0.02685001 0.9434026 0.3305611
vn -0.03169195 0.9077254 0.4183661
vn -0.1681872 0.6848048 0.7090526
vn -0.1277381 0.8072174 0.5762665
vn -0.03169195 0.9077254 0.4183661
vn 0.3408601 -0.7656603 0.5455077
vn 0.2702109 -0.7307362 0.6269057
vn 0.3442004 -0.7676492 0.540593
vn 0.2702109 -0.7307362 0.6269057
vn 0.2716402 -0.7649125 0.5840552
vn 0.3442004 -0.7676492 0.540593
vn 0.2702109 -0.7307362 0.6269057
vn 0.1020974 -0.7663575 0.6342494
vn 0.2716402 -0.7649125 0.5840552
vn 0.2702109 -0.7307362 0.6269057
vn 0.1337821 -0.7318025 0.6682571
vn 0.1020974 -0.7663575 0.6342494
vn 0.2702109 -0.7307362 0.6269057
vn 0.2898405 -0.6563241 0.6965854
vn 0.1337821 -0.7318025 0.6682571
vn 0.2898405 -0.6563241 0.6965854
vn 0.2702109 -0.7307362 0.6269057
vn 0.3621825 -0.601478 0.712073
vn 0.28201 0.7854137 0.5509952
vn 0.1353266 0.9319421 0.3364085
vn 0.2614843 0.8482097 0.4606152
vn 0.2614843 0.8482097 0.4606152
vn 0.1353266 0.9319421 0.3364085
vn 0.1856176 0.9393475 0.2883962
vn 0.1856176 0.9393475 0.2883962
vn 0.1353266 0.9319421 0.3364085
vn 0.07308805 0.9652494 0.2509021
vn 0.07308805 0.9652494 0.2509021
vn 0.1353266 0.9319421 0.3364085
vn -0.07503422 0.9589679 0.2734054
vn 0.1353266 0.9319421 0.3364085
vn -0.1330931 0.9468251 0.2929306
vn -0.07503422 0.9589679 0.2734054
vn -0.857626 -0.2584276 0.4446266
vn -0.8784874 -0.1723676 0.4455888
vn -0.7535083 -0.1236643 0.645703
vn -0.857626 -0.2584276 0.4446266
vn -0.7535083 -0.1236643 0.645703
vn -0.847036 -0.0720983 0.5266231
vn -0.857626 -0.2584276 0.4446266
vn -0.8681884 0.1088477 0.4841499
vn -0.9506378 -0.02396511 0.3093759
vn -0.857626 -0.2584276 0.4446266
vn -0.847036 -0.0720983 0.5266231
vn -0.8681884 0.1088477 0.4841499
vn -0.8784874 -0.1723676 0.4455888
vn -0.857626 -0.2584276 0.4446266
vn -0.9506378 -0.02396511 0.3093759
vn -0.847036 -0.0720983 0.5266231
vn -0.7535083 -0.1236643 0.645703
vn -0.6219139 0.1336372 0.7715985
vn -0.6219139 0.1336372 0.7715985
vn -0.7535083 -0.1236643 0.645703
vn -0.5885571 -0.03819723 0.8075529
vn -0.7535083 -0.1236643 0.645703
vn -0.5796757 -0.1715814 0.7965776
vn -0.5885571 -0.03819723 0.8075529
vn -0.7535083 -0.1236643 0.645703
vn -0.8784874 -0.1723676 0.4455888
vn -0.5796757 -0.1715814 0.7965776
vn -0.3406247 -0.4404677 0.8306401
vn -0.5885571 -0.03819723 0.8075529
vn -0.5796757 -0.1715814 0.7965776
vn -0.3406247 -0.4404677 0.8306401
vn -0.3103012 -0.5201747 0.7956957
vn -0.5885571 -0.03819723 0.8075529
vn -0.3103012 -0.5201747 0.7956957
vn -0.3406247 -0.4404677 0.8306401
vn -0.2685368 -0.6769607 0.6852825
vn -0.3103012 -0.5201747 0.7956957
vn -0.2685368 -0.6769607 0.6852825
vn -0.2591014 -0.7683502 0.5852389
vn -0.5633206 -0.4522405 0.6914827
vn -0.2685368 -0.6769607 0.6852825
vn -0.4526651 -0.5511015 0.7009861
vn -0.5633206 -0.4522405 0.6914827
vn -0.2591014 -0.7683502 0.5852389
vn -0.2685368 -0.6769607 0.6852825
vn -0.7274721 -0.06415605 0.6831314
vn -0.5262709 -0.1544238 0.8361772
vn -0.5078501 -0.1570161 0.847015
vn -0.5078501 -0.1570161 0.847015
vn -0.5262709 -0.1544238 0.8361772
vn -0.198141 -0.2287518 0.9531069
vn -0.5078501 -0.1570161 0.847015
vn -0.198141 -0.2287518 0.9531069
vn -0.202799 -0.2228163 0.9535331
vn -0.202799 -0.2228163 0.9535331
vn -0.198141 -0.2287518 0.9531069
vn 0.02096604 -0.2332685 0.9721863
vn -0.202799 -0.2228163 0.9535331
vn 0.02096604 -0.2332685 0.9721863
vn 0.0170109 -0.2281147 0.9734856
vn 0.0170109 -0.2281147 0.9734856
vn 0.02096604 -0.2332685 0.9721863
vn 0.1842368 -0.2029466 0.9617014
vn 0.0170109 -0.2281147 0.9734856
vn 0.1842368 -0.2029466 0.9617014
vn 0.1848184 -0.2027146 0.9616387
vn 0.1848184 -0.2027146 0.9616387
vn 0.1842368 -0.2029466 0.9617014
vn 0.489978 -0.1445835 0.8596612
vn 0.1848184 -0.2027146 0.9616387
vn 0.489978 -0.1445835 0.8596612
vn 0.4277266 -0.1640602 0.888895
vn 0.4277266 -0.1640602 0.888895
vn 0.489978 -0.1445835 0.8596612
vn 0.6586984 -0.09344492 0.7465819
vn 0.1527862 -0.08890549 0.9842521
vn 0.04263863 0.05224343 0.9977237
vn 0.1494581 0.02375256 0.9884828
vn -0.2344859 -0.0539605 0.9706208
vn 0.04263863 0.05224343 0.9977237
vn 0.1527862 -0.08890549 0.9842521
vn -0.2344859 -0.0539605 0.9706208
vn -0.2328285 0.06869189 0.9700888
vn 0.04263863 0.05224343 0.9977237
vn -0.635528 -0.05677951 0.7699872
vn -0.2328285 0.06869189 0.9700888
vn -0.2344859 -0.0539605 0.9706208
vn -0.635528 -0.05677951 0.7699872
vn -0.5768144 0.04338615 0.8157223
vn -0.2328285 0.06869189 0.9700888
vn -0.2681012 -0.1797899 0.9464657
vn -0.635528 -0.05677951 0.7699872
vn -0.2344859 -0.0539605 0.9706208
vn -0.2681012 -0.1797899 0.9464657
vn -0.2344859 -0.0539605 0.9706208
vn 0.1527862 -0.08890549 0.9842521
vn -0.2681012 -0.1797899 0.9464657
vn 0.1527862 -0.08890549 0.9842521
vn -0.01884343 -0.08110421 0.9965275
vn -0.6631732 -0.2010458 0.720959
vn -0.635528 -0.05677951 0.7699872
vn -0.2681012 -0.1797899 0.9464657
vn -0.01884343 -0.08110421 0.9965275
vn 0.1527862 -0.08890549 0.9842521
vn 0.4142143 -0.06596503 0.9077858
vn -0.01884343 -0.08110421 0.9965275
vn 0.4142143 -0.06596503 0.9077858
vn -0.05661866 0.04617798 0.9973274
vn -0.8416377 -0.130214 0.5241092
vn -0.635528 -0.05677951 0.7699872
vn -0.6631732 -0.2010458 0.720959
vn -0.8416377 -0.130214 0.5241092
vn -0.8559611 -0.04373837 0.5151869
vn -0.635528 -0.05677951 0.7699872
vn -0.8559611 -0.04373837 0.5151869
vn -0.5768144 0.04338615 0.8157223
vn -0.635528 -0.05677951 0.7699872
vn -0.8559611 -0.04373837 0.5151869
vn -0.7926868 -0.003292967 0.6096202
vn -0.5768144 0.04338615 0.8157223
vn -0.9215551 -0.02832754 0.3872128
vn -0.8559611 -0.04373837 0.5151869
vn -0.8416377 -0.130214 0.5241092
vn -0.9215551 -0.02832754 0.3872128
vn -0.7926868 -0.003292967 0.6096202
vn -0.8559611 -0.04373837 0.5151869
vn 0.4142143 -0.06596503 0.9077858
vn 0.54956 -0.03976934 0.8345072
vn 0.4516723 -0.3551417 0.8184537
vn 0.5453348 0.02503167 0.8378445
vn 0.54956 -0.03976934 0.8345072
vn 0.4142143 -0.06596503 0.9077858
vn 0.6031836 -0.05776326 0.795508
vn 0.4703499 0.2352543 0.8505448
vn 0.5371495 0.1634997 0.8274891
vn 0.003675607 -0.07008955 0.997534
vn -0.06036152 0.0916793 0.9939575
vn -0.01466805 0.0945728 0.9954099
vn 0.003675607 -0.07008955 0.997534
vn -0.06857466 -0.07901117 0.9945123
vn -0.06036152 0.0916793 0.9939575
vn -0.06857466 -0.07901117 0.9945123
vn -0.1347904 0.08139282 0.9875256
vn -0.06036152 0.0916793 0.9939575
vn 0.03986754 -0.2313194 0.9720607
vn -0.06857466 -0.07901117 0.9945123
vn 0.003675607 -0.07008955 0.997534
vn 0.5600228 -0.2328648 0.7950777
vn 0.6031836 -0.05776326 0.795508
vn 0.7241465 -0.0433091 0.6882849
vn 0.5600228 -0.2328648 0.7950777
vn 0.7241465 -0.0433091 0.6882849
vn 0.6374853 -0.1798334 0.7491812
vn 0.8421736 -0.1193625 0.525829
vn 0.6374853 -0.1798334 0.7491812
vn 0.7241465 -0.0433091 0.6882849
vn 0.8421736 -0.1193625 0.525829
vn 0.7241465 -0.0433091 0.6882849
vn 0.8609462 0.02012241 0.508298
vn 0.8969217 0.01659644 0.4418779
vn 0.8421736 -0.1193625 0.525829
vn 0.8609462 0.02012241 0.508298
vn 0.03986754 -0.2313194 0.9720607
vn 0.007769736 -0.1918954 0.9813846
vn -0.06857466 -0.07901117 0.9945123
vn -0.06857466 -0.07901117 0.9945123
vn -0.1246953 -0.06222194 0.9902422
vn -0.1347904 0.08139282 0.9875256
vn 0.007769736 -0.1918954 0.9813846
vn -0.1246953 -0.06222194 0.9902422
vn -0.06857466 -0.07901117 0.9945123
vn -0.6359833 0.07111713 0.768419
vn -0.618284 -0.0335327 0.7852392
vn -0.6215777 -0.1220821 0.7737811
vn 0.007769736 -0.1918954 0.9813846
vn 0.01142023 -0.107705 0.9941173
vn -0.1246953 -0.06222194 0.9902422
vn -0.618284 -0.0335327 0.7852392
vn -0.6162528 -0.2435993 0.7489272
vn -0.6215777 -0.1220821 0.7737811
vn 0.771004 -0.6106664 0.1806642
vn 0.8154399 -0.5786766 -0.01382386
vn 0.5095738 -0.8327873 -0.2163328
vn 0.5284135 -0.8425311 -0.1045016
vn 0.771004 -0.6106664 0.1806642
vn 0.5095738 -0.8327873 -0.2163328
vn 0.5284135 -0.8425311 -0.1045016
vn 0.5095738 -0.8327873 -0.2163328
vn -0.0001636452 -0.9751533 -0.2215309
vt 0.8354173 0.7674673
vt 0.8291283 0.7541991
vt 0.8282156 0.7653232
vt 0.8282156 0.7653232
vt 0.8086809 0.7660749
vt 0.8269148 0.7723082
vt 0.8269148 0.7723082
vt 0.8086809 0.7660749
vt 0.8127109 0.7761493
vt 0.7991603 0.7758241
vt 0.8127109 0.7761493
vt 0.8086809 0.7660749
vt 0.7991603 0.7758241
vt 0.8086809 0.7660749
vt 0.7997198 0.7660154
vt 0.7873523 0.7692845
vt 0.7991603 0.7758241
vt 0.7997198 0.7660154
vt 0.7873523 0.7692845
vt 0.7997198 0.7660154
vt 0.7874938 0.7603256
vt 0.8282156 0.7653232
vt 0.823402 0.759043
vt 0.8086809 0.7660749
vt 0.8282156 0.7653232
vt 0.8291283 0.7541991
vt 0.823402 0.759043
vt 0.8291283 0.7541991
vt 0.8203385 0.755582
vt 0.823402 0.759043
vt 0.8203385 0.755582
vt 0.8086809 0.7660749
vt 0.823402 0.759043
vt 0.8203385 0.755582
vt 0.8074539 0.7631196
vt 0.8086809 0.7660749
vt 0.9295052 0.5037427
vt 0.92195 0.542685
vt 0.9479799 0.5475582
vt 0.9295052 0.5037427
vt 0.9479799 0.5475582
vt 0.9222293 0.5431447
vt 0.8781954 0.5284591
vt 0.92195 0.542685
vt 0.9053038 0.5154008
vt 0.92195 0.542685
vt 0.9295052 0.5037427
vt 0.9053038 0.5154008
vt 0.8462407 0.5788697
vt 0.8248555 0.5945126
vt 0.8503771 0.6062378
vt 0.8497753 0.6616743
vt 0.8503771 0.6062378
vt 0.8281469 0.6029531
vt 0.8497753 0.6616743
vt 0.8281469 0.6029531
vt 0.8061404 0.595283
vt 0.8497753 0.6616743
vt 0.8061404 0.595283
vt 0.8148365 0.6787953
vt 0.7757362 0.6823884
vt 0.8148365 0.6787953
vt 0.8061404 0.595283
vt 0.7757362 0.6823884
vt 0.8061404 0.595283
vt 0.7772859 0.5934994
vt 0.7561241 0.5946838
vt 0.7459899 0.6744824
vt 0.7757362 0.6823884
vt 0.7561241 0.5946838
vt 0.7757362 0.6823884
vt 0.7772859 0.5934994
vt 0.8456677 0.5788196
vt 0.8503771 0.6062378
vt 0.8248555 0.5945126
vt 0.8190436 0.563163
vt 0.8456677 0.5788196
vt 0.8248555 0.5945126
vt 0.8190436 0.563163
vt 0.8248555 0.5945126
vt 0.8071832 0.5868612
vt 0.7801511 0.5560262
vt 0.8190436 0.563163
vt 0.8071832 0.5868612
vt 0.7801511 0.5560262
vt 0.8071832 0.5868612
vt 0.7815691 0.5830019
vt 0.7540933 0.5856289
vt 0.7801511 0.5560262
vt 0.7815691 0.5830019
vt 0.7540933 0.5856289
vt 0.7284253 0.5597429
vt 0.7801511 0.5560262
vt 0.7540933 0.5856289
vt 0.7309762 0.5905953
vt 0.7284253 0.5597429
vt 0.7801511 0.5560262
vt 0.7284253 0.5597429
vt 0.725691 0.5323753
vt 0.7801511 0.5560262
vt 0.725691 0.5323753
vt 0.8243118 0.5083484
vt 0.6958501 0.5719674
vt 0.725691 0.5323753
vt 0.7284253 0.5597429
vt 0.7309762 0.5905953
vt 0.6958501 0.5719674
vt 0.7284253 0.5597429
vt 0.7085445 0.6012415
vt 0.6958501 0.5719674
vt 0.7309762 0.5905953
vt 0.7085445 0.6012415
vt 0.6454134 0.6190414
vt 0.6958501 0.5719674
vt 0.6958501 0.5719674
vt 0.6522849 0.5370148
vt 0.725691 0.5323753
vt 0.6958501 0.5719674
vt 0.6454134 0.6190414
vt 0.6522849 0.5370148
vt 0.6522849 0.5370148
vt 0.7300156 0.4941779
vt 0.725691 0.5323753
vt 0.6619908 0.4507399
vt 0.7300156 0.4941779
vt 0.6522849 0.5370148
vt 0.8261595 0.4745977
vt 0.725691 0.5323753
vt 0.7300156 0.4941779
vt 0.8261595 0.4745977
vt 0.8243118 0.5083484
vt 0.725691 0.5323753
vt 0.6619908 0.4507399
vt 0.742613 0.4440866
vt 0.7300156 0.4941779
vt 0.8261595 0.4745977
vt 0.7300156 0.4941779
vt 0.8065528 0.4365226
vt 0.7300156 0.4941779
vt 0.742613 0.4440866
vt 0.8065528 0.4365226
vt 0.8402347 0.4320129
vt 0.8261595 0.4745977
vt 0.8065528 0.4365226
vt 0.7814709 0.4151191
vt 0.8065528 0.4365226
vt 0.742613 0.4440866
vt 0.7814709 0.4151191
vt 0.8402347 0.4320129
vt 0.8065528 0.4365226
vt 0.7545105 0.4197243
vt 0.7814709 0.4151191
vt 0.742613 0.4440866
vt 0.7814709 0.4151191
vt 0.8177618 0.404688
vt 0.8402347 0.4320129
vt 0.8506728 0.4970286
vt 0.8243118 0.5083484
vt 0.8261595 0.4745977
vt 0.8402347 0.4320129
vt 0.8506728 0.4970286
vt 0.8261595 0.4745977
vt 0.8177618 0.404688
vt 0.8721248 0.4161141
vt 0.8402347 0.4320129
vt 0.8177618 0.404688
vt 0.8511963 0.3868522
vt 0.8721248 0.4161141
vt 0.8626086 0.4725415
vt 0.8506728 0.4970286
vt 0.8402347 0.4320129
vt 0.8402347 0.4320129
vt 0.8913577 0.4591109
vt 0.8626086 0.4725415
vt 0.8402347 0.4320129
vt 0.8721248 0.4161141
vt 0.8913577 0.4591109
vt 0.8506728 0.4970286
vt 0.8626086 0.4725415
vt 0.865437 0.4818856
vt 0.8506728 0.4970286
vt 0.865437 0.4818856
vt 0.8678492 0.4898549
vt 0.865437 0.4818856
vt 0.8930491 0.4806291
vt 0.8678492 0.4898549
vt 0.8877735 0.4715077
vt 0.865437 0.4818856
vt 0.8626086 0.4725415
vt 0.865437 0.4818856
vt 0.8877735 0.4715077
vt 0.8930491 0.4806291
vt 0.8877735 0.4715077
vt 0.8626086 0.4725415
vt 0.8913577 0.4591109
vt 0.8877735 0.4715077
vt 0.9209347 0.47042
vt 0.8930491 0.4806291
vt 0.8877735 0.4715077
vt 0.9176448 0.457629
vt 0.9209347 0.47042
vt 0.9176448 0.457629
vt 0.8877735 0.4715077
vt 0.8913577 0.4591109
vt 0.9176448 0.457629
vt 0.8913577 0.4591109
vt 0.91517 0.4480059
vt 0.8721248 0.4161141
vt 0.91517 0.4480059
vt 0.8913577 0.4591109
vt 0.8721248 0.4161141
vt 0.9036109 0.403061
vt 0.91517 0.4480059
vt 0.8928628 0.4610695
vt 0.91517 0.4480059
vt 0.9036109 0.403061
vt 0.8511963 0.3868522
vt 0.9036109 0.403061
vt 0.8721248 0.4161141
vt 0.9176448 0.457629
vt 0.91517 0.4480059
vt 0.8928628 0.4610695
vt 0.9176448 0.457629
vt 0.8928628 0.4610695
vt 0.8943539 0.4694034
vt 0.8511963 0.3868522
vt 0.8803781 0.3752493
vt 0.9036109 0.403061
vt 0.873562 0.4166985
vt 0.9036109 0.403061
vt 0.8803781 0.3752493
vt 0.8928628 0.4610695
vt 0.9036109 0.403061
vt 0.873562 0.4166985
vt 0.838506 0.4336308
vt 0.8928628 0.4610695
vt 0.873562 0.4166985
vt 0.873562 0.4166985
vt 0.8803781 0.3752493
vt 0.8492393 0.387251
vt 0.8184853 0.4029732
vt 0.838506 0.4336308
vt 0.873562 0.4166985
vt 0.8184853 0.4029732
vt 0.873562 0.4166985
vt 0.8492393 0.387251
vt 0.7755244 0.4184723
vt 0.838506 0.4336308
vt 0.8184853 0.4029732
vt 0.7755244 0.4184723
vt 0.783326 0.4412978
vt 0.838506 0.4336308
vt 0.838506 0.4336308
vt 0.8626086 0.4725415
vt 0.8928628 0.4610695
vt 0.8928628 0.4610695
vt 0.8626086 0.4725415
vt 0.865437 0.4818856
vt 0.8928628 0.4610695
vt 0.865437 0.4818856
vt 0.8943539 0.4694034
vt 0.8626086 0.4725415
vt 0.838506 0.4336308
vt 0.8243118 0.5083484
vt 0.8626086 0.4725415
vt 0.8243118 0.5083484
vt 0.8506728 0.4970286
vt 0.865437 0.4818856
vt 0.8626086 0.4725415
vt 0.8506728 0.4970286
vt 0.8678492 0.4898549
vt 0.865437 0.4818856
vt 0.8506728 0.4970286
vt 0.865437 0.4818856
vt 0.8678492 0.4898549
vt 0.8974888 0.4795161
vt 0.865437 0.4818856
vt 0.8974888 0.4795161
vt 0.8943539 0.4694034
vt 0.8974888 0.4795161
vt 0.9176448 0.457629
vt 0.8943539 0.4694034
vt 0.8974888 0.4795161
vt 0.9209347 0.47042
vt 0.9176448 0.457629
vt 0.838506 0.4336308
vt 0.7710076 0.497682
vt 0.8243118 0.5083484
vt 0.838506 0.4336308
vt 0.783326 0.4412978
vt 0.7710076 0.497682
vt 0.7710076 0.497682
vt 0.783326 0.4412978
vt 0.7300156 0.4941779
vt 0.778602 0.5342905
vt 0.8243118 0.5083484
vt 0.7710076 0.497682
vt 0.7710076 0.497682
vt 0.725102 0.5326608
vt 0.778602 0.5342905
vt 0.7710076 0.497682
vt 0.7300156 0.4941779
vt 0.725102 0.5326608
vt 0.7801627 0.55619
vt 0.778602 0.5342905
vt 0.725102 0.5326608
vt 0.8213472 0.5439774
vt 0.8243118 0.5083484
vt 0.778602 0.5342905
vt 0.8213472 0.5439774
vt 0.8506728 0.4970286
vt 0.8243118 0.5083484
vt 0.8193359 0.56327
vt 0.8213472 0.5439774
vt 0.778602 0.5342905
vt 0.8193359 0.56327
vt 0.778602 0.5342905
vt 0.7801627 0.55619
vt 0.8781954 0.5284591
vt 0.8506728 0.4970286
vt 0.8213472 0.5439774
vt 0.8781954 0.5284591
vt 0.8678492 0.4898549
vt 0.8506728 0.4970286
vt 0.8213472 0.5439774
vt 0.8723649 0.5507576
vt 0.8781954 0.5284591
vt 0.8213472 0.5439774
vt 0.8462407 0.5788697
vt 0.8723649 0.5507576
vt 0.8462407 0.5788697
vt 0.8213472 0.5439774
vt 0.8193359 0.56327
vt 0.653012 0.536399
vt 0.725102 0.5326608
vt 0.7300156 0.4941779
vt 0.6621259 0.4498534
vt 0.653012 0.536399
vt 0.7300156 0.4941779
vt 0.6621259 0.4498534
vt 0.7300156 0.4941779
vt 0.7405418 0.4443737
vt 0.7300156 0.4941779
vt 0.783326 0.4412978
vt 0.7405418 0.4443737
vt 0.7405418 0.4443737
vt 0.783326 0.4412978
vt 0.7755244 0.4184723
vt 0.7405418 0.4443737
vt 0.6702315 0.4087731
vt 0.6621259 0.4498534
vt 0.7516569 0.4213171
vt 0.7405418 0.4443737
vt 0.7755244 0.4184723
vt 0.7516569 0.4213171
vt 0.6702315 0.4087731
vt 0.7405418 0.4443737
vt 0.7516569 0.4213171
vt 0.758908 0.3476235
vt 0.6702315 0.4087731
vt 0.653012 0.536399
vt 0.696497 0.5721984
vt 0.725102 0.5326608
vt 0.653012 0.536399
vt 0.6462049 0.6195305
vt 0.696497 0.5721984
vt 0.696497 0.5721984
vt 0.728397 0.558654
vt 0.725102 0.5326608
vt 0.7801627 0.55619
vt 0.725102 0.5326608
vt 0.728397 0.558654
vt 0.7085445 0.6012415
vt 0.696497 0.5721984
vt 0.6462049 0.6195305
vt 0.7085445 0.6012415
vt 0.7309762 0.5905953
vt 0.696497 0.5721984
vt 0.7309762 0.5905953
vt 0.728397 0.558654
vt 0.696497 0.5721984
vt 0.7540933 0.5856289
vt 0.728397 0.558654
vt 0.7309762 0.5905953
vt 0.7540933 0.5856289
vt 0.7801627 0.55619
vt 0.728397 0.558654
vt 0.7540933 0.5856289
vt 0.7815691 0.5830019
vt 0.7801627 0.55619
vt 0.758908 0.3476235
vt 0.7516569 0.4213171
vt 0.7755244 0.4184723
vt 0.758908 0.3476235
vt 0.7755244 0.4184723
vt 0.8184853 0.4029732
vt 0.758908 0.3476235
vt 0.8184853 0.4029732
vt 0.8492393 0.387251
vt 0.758908 0.3476235
vt 0.8492393 0.387251
vt 0.8803781 0.3752493
vt 0.758908 0.3476235
vt 0.8803781 0.3752493
vt 0.8511963 0.3868522
vt 0.758908 0.3476235
vt 0.8511963 0.3868522
vt 0.8177618 0.404688
vt 0.758908 0.3476235
vt 0.8177618 0.404688
vt 0.7814709 0.4151191
vt 0.758908 0.3476235
vt 0.7814709 0.4151191
vt 0.7545105 0.4197243
vt 0.7801627 0.55619
vt 0.7815691 0.5830019
vt 0.8071832 0.5868612
vt 0.7801627 0.55619
vt 0.8071832 0.5868612
vt 0.8193359 0.56327
vt 0.8071832 0.5868612
vt 0.8248555 0.5945126
vt 0.8462407 0.5788697
vt 0.8071832 0.5868612
vt 0.8462407 0.5788697
vt 0.8193359 0.56327
vt 0.8503771 0.6062378
vt 0.8497753 0.6616743
vt 0.8281469 0.6029531
vt 0.8497753 0.6616743
vt 0.8061404 0.595283
vt 0.8281469 0.6029531
vt 0.8497753 0.6616743
vt 0.8148365 0.6787953
vt 0.8061404 0.595283
vt 0.8148365 0.6787953
vt 0.7756223 0.6822663
vt 0.8061404 0.595283
vt 0.7756223 0.6822663
vt 0.7772859 0.5934994
vt 0.8061404 0.595283
vt 0.8503771 0.6062378
vt 0.8456677 0.5788196
vt 0.9108231 0.6132119
vt 0.9108231 0.6132119
vt 0.9056382 0.6335676
vt 0.8503771 0.6062378
vt 0.9056382 0.6335676
vt 0.9108231 0.6132119
vt 0.9242603 0.6172537
vt 0.9056382 0.6335676
vt 0.9242603 0.6172537
vt 0.9201003 0.6366158
vt 0.9010862 0.7426314
vt 0.9056382 0.6335676
vt 0.9201003 0.6366158
vt 0.9242603 0.6172537
vt 0.906433 0.6336751
vt 0.9201003 0.6366158
vt 0.9010862 0.7426314
vt 0.9201003 0.6366158
vt 0.906433 0.6336751
vt 0.9010862 0.7426314
vt 0.906433 0.6336751
vt 0.8735046 0.7035767
vt 0.9466725 0.5624431
vt 0.9242603 0.6172537
vt 0.9108231 0.6132119
vt 0.9242603 0.6172537
vt 0.9109608 0.6135446
vt 0.906433 0.6336751
vt 0.9466725 0.5624431
vt 0.9109608 0.6135446
vt 0.9242603 0.6172537
vt 0.9109608 0.6135446
vt 0.8503771 0.6062378
vt 0.906433 0.6336751
vt 0.8503771 0.6062378
vt 0.9109608 0.6135446
vt 0.8462407 0.5788697
vt 0.8503771 0.6062378
vt 0.8497753 0.6616743
vt 0.906433 0.6336751
vt 0.906433 0.6336751
vt 0.8497753 0.6616743
vt 0.8735046 0.7035767
vt 0.9010862 0.7426314
vt 0.8903625 0.6862232
vt 0.9056382 0.6335676
vt 0.8497753 0.6616743
vt 0.9056382 0.6335676
vt 0.8903625 0.6862232
vt 0.9056382 0.6335676
vt 0.8497753 0.6616743
vt 0.8503771 0.6062378
vt 0.8497753 0.6616743
vt 0.8903625 0.6862232
vt 0.8451406 0.6982638
vt 0.8736756 0.749669
vt 0.8903625 0.6862232
vt 0.9010862 0.7426314
vt 0.9466725 0.5624431
vt 0.9108231 0.6132119
vt 0.9208654 0.55919
vt 0.9479799 0.5475582
vt 0.9466725 0.5624431
vt 0.9208654 0.55919
vt 0.9479799 0.5475582
vt 0.9208654 0.55919
vt 0.9222293 0.5431447
vt 0.9208654 0.55919
vt 0.9108231 0.6132119
vt 0.8724599 0.5507002
vt 0.9222293 0.5431447
vt 0.9208654 0.55919
vt 0.8724599 0.5507002
vt 0.8456677 0.5788196
vt 0.8724599 0.5507002
vt 0.9108231 0.6132119
vt 0.8786637 0.5255823
vt 0.9222293 0.5431447
vt 0.8724599 0.5507002
vt 0.8786637 0.5255823
vt 0.8724599 0.5507002
vt 0.8438047 0.5250416
vt 0.8438047 0.5250416
vt 0.8724599 0.5507002
vt 0.8456677 0.5788196
vt 0.8243118 0.5083484
vt 0.8438047 0.5250416
vt 0.8190436 0.563163
vt 0.8438047 0.5250416
vt 0.8456677 0.5788196
vt 0.8190436 0.563163
vt 0.8786637 0.5255823
vt 0.8438047 0.5250416
vt 0.8506728 0.4970286
vt 0.8438047 0.5250416
vt 0.8243118 0.5083484
vt 0.8506728 0.4970286
vt 0.8786637 0.5255823
vt 0.8506728 0.4970286
vt 0.8678492 0.4898549
vt 0.8243118 0.5083484
vt 0.8190436 0.563163
vt 0.7801511 0.5560262
vt 0.8930491 0.4806291
vt 0.8786637 0.5255823
vt 0.8678492 0.4898549
vt 0.8930491 0.4806291
vt 0.9012941 0.5158612
vt 0.8786637 0.5255823
vt 0.9209347 0.47042
vt 0.9012941 0.5158612
vt 0.8930491 0.4806291
vt 0.9209347 0.47042
vt 0.9295052 0.5037427
vt 0.9012941 0.5158612
vt 0.9053038 0.5154008
vt 0.9295052 0.5037427
vt 0.9209347 0.47042
vt 0.9053038 0.5154008
vt 0.9209347 0.47042
vt 0.8974888 0.4795161
vt 0.8786637 0.5255823
vt 0.9012941 0.5158612
vt 0.9222293 0.5431447
vt 0.9012941 0.5158612
vt 0.9295052 0.5037427
vt 0.9222293 0.5431447
vt 0.8678492 0.4898549
vt 0.9053038 0.5154008
vt 0.8974888 0.4795161
vt 0.8678492 0.4898549
vt 0.8781954 0.5284591
vt 0.9053038 0.5154008
vt 0.9466725 0.5624431
vt 0.9209139 0.5589526
vt 0.9109608 0.6135446
vt 0.92195 0.542685
vt 0.8723649 0.5507576
vt 0.9209139 0.5589526
vt 0.9209139 0.5589526
vt 0.9466725 0.5624431
vt 0.9479799 0.5475582
vt 0.92195 0.542685
vt 0.9209139 0.5589526
vt 0.9479799 0.5475582
vt 0.8462407 0.5788697
vt 0.9109608 0.6135446
vt 0.8723649 0.5507576
vt 0.9209139 0.5589526
vt 0.8723649 0.5507576
vt 0.9109608 0.6135446
vt 0.8781954 0.5284591
vt 0.8723649 0.5507576
vt 0.92195 0.542685
vt 0.8503771 0.6062378
vt 0.7312031 0.5920709
vt 0.8281469 0.6029531
vt 0.7312031 0.5920709
vt 0.7772859 0.5934994
vt 0.8061404 0.595283
vt 0.7312031 0.5920709
vt 0.8061404 0.595283
vt 0.8281469 0.6029531
vt 0.7312031 0.5920709
vt 0.7561241 0.5946838
vt 0.7772859 0.5934994
vt 0.7312031 0.5920709
vt 0.732495 0.5980442
vt 0.7561241 0.5946838
vt 0.7085445 0.6012415
vt 0.732495 0.5980442
vt 0.7312031 0.5920709
vt 0.7874938 0.7603256
vt 0.7997198 0.7660154
vt 0.7992729 0.7632333
vt 0.9476619 0.3612885
vt 0.9257628 0.3393895
vt 0.9476619 0.3612885
vt 0.9476619 0.3612885
vt 0.9257628 0.3393895
vt 0.9476619 0.3612885
vt 0.9476619 0.3612885
vt 0.9257628 0.3393895
vt 0.9476619 0.3612885
vt 0.9476619 0.3612885
vt 0.9257628 0.3393895
vt 0.9476619 0.3612885
vt 0.9476619 0.3612885
vt 0.9257628 0.3393895
vt 0.9476619 0.3612885
vt 0.9476619 0.3612885
vt 0.9257628 0.3393895
vt 0.9476619 0.3612885
vt 0.9476619 0.3612885
vt 0.9257628 0.3393895
vt 0.9476619 0.3612885
vt 0.9476619 0.3612885
vt 0.9257628 0.3393895
vt 0.9476619 0.3612885
vt 0.9476619 0.3612885
vt 0.9257628 0.3393895
vt 0.9476619 0.3612885
vt 0.9476619 0.3612885
vt 0.9257628 0.3393895
vt 0.9476619 0.3612885
vt 0.9476619 0.3612885
vt 0.9257628 0.3393895
vt 0.9476619 0.3612885
vt 0.9476619 0.3612885
vt 0.9257628 0.3393895
vt 0.9476619 0.3612885
vt 0.9476619 0.3612885
vt 0.9257628 0.3393895
vt 0.9476619 0.3612885
vt 0.9476619 0.3612885
vt 0.9257628 0.3393895
vt 0.9476619 0.3612885
vt 0.9476619 0.3612885
vt 0.9257628 0.3393895
vt 0.9476619 0.3612885
vt 0.9476619 0.3612885
vt 0.9257628 0.3393895
vt 0.9476619 0.3612885
vt 0.7992729 0.7632333
vt 0.7997198 0.7660154
vt 0.8086809 0.7660749
vt 0.7992729 0.7632333
vt 0.8086809 0.7660749
vt 0.8074539 0.7631196
vt 0.841168 0.755187
vt 0.8660195 0.7544995
vt 0.8537418 0.7409958
vt 0.8465757 0.783071
vt 0.8660195 0.7544995
vt 0.841168 0.755187
vt 0.771566 0.7747985
vt 0.8465757 0.783071
vt 0.841168 0.755187
vt 0.771566 0.7747985
vt 0.841168 0.755187
vt 0.7682705 0.7495668
vt 0.771566 0.7747985
vt 0.7682705 0.7495668
vt 0.7379885 0.7385452
vt 0.771566 0.7747985
vt 0.7379885 0.7385452
vt 0.7080954 0.7578962
vt 0.7080954 0.7578962
vt 0.7379885 0.7385452
vt 0.6997596 0.7125914
vt 0.7080954 0.7578962
vt 0.6997596 0.7125914
vt 0.646315 0.6748838
vt 0.7001448 0.6757757
vt 0.646315 0.6748838
vt 0.6997596 0.7125914
vt 0.646315 0.6748838
vt 0.7001448 0.6757757
vt 0.6462049 0.6195305
vt 0.8943745 0.7888511
vt 0.8736756 0.749669
vt 0.9010862 0.7426314
vt 0.8943745 0.7888511
vt 0.9010862 0.7426314
vt 0.8660195 0.7544995
vt 0.8943745 0.7888511
vt 0.8660195 0.7544995
vt 0.8465757 0.783071
vt 0.9010862 0.7426314
vt 0.8735046 0.7035767
vt 0.8660195 0.7544995
vt 0.8943745 0.7888511
vt 0.8460628 0.7824357
vt 0.8736756 0.749669
vt 0.8736756 0.749669
vt 0.8460628 0.7824357
vt 0.8413078 0.7421775
vt 0.8413078 0.7421775
vt 0.8539964 0.7351415
vt 0.8736756 0.749669
vt 0.8460628 0.7824357
vt 0.7813095 0.7278321
vt 0.8413078 0.7421775
vt 0.8460628 0.7824357
vt 0.7710323 0.7747985
vt 0.7813095 0.7278321
vt 0.7710323 0.7747985
vt 0.7307452 0.7269073
vt 0.7813095 0.7278321
vt 0.7710323 0.7747985
vt 0.7001944 0.7557763
vt 0.7307452 0.7269073
vt 0.7001944 0.7557763
vt 0.699345 0.7149472
vt 0.7307452 0.7269073
vt 0.7001944 0.7557763
vt 0.6457813 0.6748838
vt 0.699345 0.7149472
vt 0.6987662 0.6621681
vt 0.699345 0.7149472
vt 0.6457813 0.6748838
vt 0.6457813 0.6748838
vt 0.6454134 0.6190414
vt 0.6987662 0.6621681
vt 0.6454134 0.6190414
vt 0.7057522 0.6448388
vt 0.6987662 0.6621681
vt 0.6454134 0.6190414
vt 0.7085445 0.6012415
vt 0.7057522 0.6448388
vt 0.7057522 0.6448388
vt 0.7085445 0.6012415
vt 0.732495 0.5980441
vt 0.7057522 0.6448388
vt 0.7251012 0.6639259
vt 0.6987662 0.6621681
vt 0.7057522 0.6448388
vt 0.732495 0.5980441
vt 0.7251012 0.6639259
vt 0.732495 0.5980441
vt 0.7561242 0.5946838
vt 0.7251012 0.6639259
vt 0.7408831 0.6910294
vt 0.6987662 0.6621681
vt 0.7251012 0.6639259
vt 0.7408831 0.6910294
vt 0.7251012 0.6639259
vt 0.7459899 0.6744824
vt 0.7459899 0.6744824
vt 0.7816949 0.7023633
vt 0.7408831 0.6910294
vt 0.7459899 0.6744824
vt 0.7756223 0.6822663
vt 0.7816949 0.7023633
vt 0.7561242 0.5946838
vt 0.7459899 0.6744824
vt 0.7251012 0.6639259
vt 0.7561242 0.5946838
vt 0.7756223 0.6822663
vt 0.7459899 0.6744824
vt 0.7561242 0.5946838
vt 0.7772859 0.5934994
vt 0.7756223 0.6822663
vt 0.7756223 0.6822663
vt 0.8451406 0.6982638
vt 0.7816949 0.7023633
vt 0.7756223 0.6822663
vt 0.8148365 0.6787953
vt 0.8451406 0.6982638
vt 0.8148365 0.6787953
vt 0.8497753 0.6616743
vt 0.8451406 0.6982638
vt 0.2759642 0.5632081
vt 0.2737058 0.5616505
vt 0.2734912 0.5630049
vt 0.2742452 0.5647792
vt 0.2759642 0.5632081
vt 0.2734912 0.5630049
vt 0.2742452 0.5647792
vt 0.276036 0.5633905
vt 0.2759642 0.5632081
vt 0.8305159 0.7563843
vt 0.8245865 0.7591117
vt 0.8228265 0.7549718
vt 0.8328758 0.7707766
vt 0.8282422 0.7665309
vt 0.8305159 0.7563843
vt 0.8245865 0.7591117
vt 0.8305159 0.7563843
vt 0.8282422 0.7665309
vt 0.8245865 0.7591117
vt 0.808194 0.7594822
vt 0.8228265 0.7549718
vt 0.8245865 0.7591117
vt 0.8123959 0.764222
vt 0.808194 0.7594822
vt 0.8123959 0.764222
vt 0.8245865 0.7591117
vt 0.8282422 0.7665309
vt 0.8275939 0.7719448
vt 0.8123959 0.764222
vt 0.8282422 0.7665309
vt 0.7980201 0.7646152
vt 0.808194 0.7594822
vt 0.8123959 0.764222
vt 0.7980201 0.7646152
vt 0.7965185 0.7616584
vt 0.808194 0.7594822
vt 0.7980201 0.7646152
vt 0.7865723 0.7607729
vt 0.7965185 0.7616584
vt 0.8144221 0.775264
vt 0.8123959 0.764222
vt 0.8275939 0.7719448
vt 0.8017216 0.7767083
vt 0.8123959 0.764222
vt 0.8144221 0.775264
vt 0.8017216 0.7767083
vt 0.7980201 0.7646152
vt 0.8123959 0.764222
vt 0.7892089 0.7753047
vt 0.7980201 0.7646152
vt 0.8017216 0.7767083
vt 0.7892089 0.7753047
vt 0.7865723 0.7607729
vt 0.7980201 0.7646152
vt 0.2735462 0.5605782
vt 0.2735861 0.5607651
vt 0.2750688 0.5607873
vt 0.2735861 0.5607651
vt 0.275801 0.563368
vt 0.2750688 0.5607873
vt 0.2735861 0.5607651
vt 0.2735619 0.5631816
vt 0.275801 0.563368
vt 0.2735619 0.5631816
vt 0.2758799 0.5635139
vt 0.275801 0.563368
vt 0.2735619 0.5631816
vt 0.2736998 0.5663666
vt 0.2758799 0.5635139
vt 0.8071832 0.5868612
vt 0.8248555 0.5945126
vt 0.7312376 0.592138
vt 0.7815691 0.5830019
vt 0.8071832 0.5868612
vt 0.7312376 0.592138
vt 0.7815691 0.5830019
vt 0.7312376 0.592138
vt 0.7540933 0.5856289
vt 0.7309762 0.5905953
vt 0.7540933 0.5856289
vt 0.7312376 0.592138
vt 0.7085445 0.6012415
vt 0.7309762 0.5905953
vt 0.7312376 0.592138
vt 0.7085445 0.6012415
vt 0.7312376 0.592138
vt 0.732495 0.5980441
vt 0.7312376 0.592138
vt 0.7561242 0.5946838
vt 0.732495 0.5980441
vt 0.7312376 0.592138
vt 0.7772859 0.5934994
vt 0.7561242 0.5946838
vt 0.7312376 0.592138
vt 0.8061404 0.595283
vt 0.7772859 0.5934994
vt 0.7312376 0.592138
vt 0.8281469 0.6029531
vt 0.8061404 0.595283
vt 0.8281469 0.6029531
vt 0.7312376 0.592138
vt 0.8503771 0.6062378
vt 0.7085445 0.6012415
vt 0.7312031 0.5920709
vt 0.7309762 0.5905953
vt 0.7309762 0.5905953
vt 0.7312031 0.5920709
vt 0.7540933 0.5856289
vt 0.7540933 0.5856289
vt 0.7312031 0.5920709
vt 0.7815691 0.5830019
vt 0.7815691 0.5830019
vt 0.7312031 0.5920709
vt 0.8071832 0.5868612
vt 0.7312031 0.5920709
vt 0.8248555 0.5945126
vt 0.8071832 0.5868612
vt 0.7051939 0.6373326
vt 0.7001448 0.6757757
vt 0.7251473 0.6642334
vt 0.7051939 0.6373326
vt 0.7251473 0.6642334
vt 0.732495 0.5980442
vt 0.7051939 0.6373326
vt 0.7085445 0.6012415
vt 0.6462049 0.6195305
vt 0.7051939 0.6373326
vt 0.732495 0.5980442
vt 0.7085445 0.6012415
vt 0.7001448 0.6757757
vt 0.7051939 0.6373326
vt 0.6462049 0.6195305
vt 0.732495 0.5980442
vt 0.7251473 0.6642334
vt 0.7561241 0.5946838
vt 0.7561241 0.5946838
vt 0.7251473 0.6642334
vt 0.7459899 0.6744824
vt 0.7251473 0.6642334
vt 0.7408831 0.6910295
vt 0.7459899 0.6744824
vt 0.7251473 0.6642334
vt 0.7001448 0.6757757
vt 0.7408831 0.6910295
vt 0.7816949 0.7023631
vt 0.7459899 0.6744824
vt 0.7408831 0.6910295
vt 0.7816949 0.7023631
vt 0.7757362 0.6823884
vt 0.7459899 0.6744824
vt 0.7757362 0.6823884
vt 0.7816949 0.7023631
vt 0.8451406 0.6982638
vt 0.7757362 0.6823884
vt 0.8451406 0.6982638
vt 0.8148365 0.6787953
vt 0.8497753 0.6616743
vt 0.8451406 0.6982638
vt 0.8735046 0.7035767
vt 0.8497753 0.6616743
vt 0.8148365 0.6787953
vt 0.8451406 0.6982638
vt 0.5351982 0.4566749
vt 0.535315 0.438068
vt 0.5462057 0.438068
vt 0.5462057 0.438068
vt 0.535315 0.438068
vt 0.535315 0.4249514
vt 0.5462057 0.438068
vt 0.535315 0.4249514
vt 0.555514 0.429365
vt 0.555514 0.429365
vt 0.535315 0.4249514
vt 0.535315 0.4060532
vt 0.555514 0.429365
vt 0.535315 0.4060532
vt 0.5557061 0.4067602
vt 0.5557061 0.4067602
vt 0.535315 0.4060532
vt 0.535315 0.4244492
vt 0.5557061 0.4067602
vt 0.535315 0.4244492
vt 0.5544255 0.4287836
vt 0.5544255 0.4287836
vt 0.535315 0.4244492
vt 0.535315 0.438068
vt 0.5544255 0.4287836
vt 0.535315 0.438068
vt 0.5462057 0.438068
vt 0.5462057 0.438068
vt 0.535315 0.438068
vt 0.5351982 0.4566749
vt 0.8603805 0.115224
vt 0.85262 0.1679121
vt 0.8749084 0.1642087
vt 0.8116266 0.1086226
vt 0.85262 0.1679121
vt 0.8603805 0.115224
vt 0.8116266 0.1086226
vt 0.8044122 0.1651466
vt 0.85262 0.1679121
vt 0.7698503 0.1039958
vt 0.8044122 0.1651466
vt 0.8116266 0.1086226
vt 0.7698503 0.1039958
vt 0.764472 0.1562552
vt 0.8044122 0.1651466
vt 0.8107209 0.05148119
vt 0.7698503 0.1039958
vt 0.8116266 0.1086226
vt 0.8107209 0.05148119
vt 0.8116266 0.1086226
vt 0.860568 0.1084077
vt 0.8107209 0.05148119
vt 0.860568 0.1084077
vt 0.8538358 0.05168366
vt 0.7657814 0.06067038
vt 0.7698503 0.1039958
vt 0.8107209 0.05148119
vt 0.8538358 0.05168366
vt 0.860568 0.1084077
vt 0.8847172 0.1081157
vt 0.8538358 0.05168366
vt 0.8847172 0.1081157
vt 0.8819483 0.05766022
vt 0.7131434 0.07382357
vt 0.7698503 0.1039958
vt 0.7657814 0.06067038
vt 0.7131434 0.07382357
vt 0.7162853 0.1008648
vt 0.7698503 0.1039958
vt 0.7162853 0.1008648
vt 0.764472 0.1562552
vt 0.7698503 0.1039958
vt 0.7162853 0.1008648
vt 0.7136431 0.134884
vt 0.764472 0.1562552
vt 0.7070643 0.09955275
vt 0.7162853 0.1008648
vt 0.7131434 0.07382357
vt 0.7070643 0.09955275
vt 0.7136431 0.134884
vt 0.7162853 0.1008648
vt 0.8847172 0.1081157
vt 0.923662 0.08711952
vt 0.8819483 0.05766022
vt 0.9120424 0.1103077
vt 0.923662 0.08711952
vt 0.8847172 0.1081157
vt 0.857393 0.1102832
vt 0.8397557 0.1609543
vt 0.8845336 0.1585975
vt 0.857393 0.1102832
vt 0.7976817 0.1583611
vt 0.8397557 0.1609543
vt 0.857393 0.1102832
vt 0.7996337 0.1031346
vt 0.7976817 0.1583611
vt 0.7996337 0.1031346
vt 0.7692494 0.143374
vt 0.7976817 0.1583611
vt 0.8479615 0.05582374
vt 0.7996337 0.1031346
vt 0.857393 0.1102832
vt 0.8479615 0.05582374
vt 0.857393 0.1102832
vt 0.8981748 0.1019963
vt 0.8479615 0.05582374
vt 0.8981748 0.1019963
vt 0.8917504 0.05739033
vt 0.9502549 0.0670864
vt 0.8917504 0.05739033
vt 0.8981748 0.1019963
vt 0.9502549 0.0670864
vt 0.8981748 0.1019963
vt 0.9478061 0.097471
vt 0.9615238 0.09565771
vt 0.9502549 0.0670864
vt 0.9478061 0.097471
vt 0.8479615 0.05582374
vt 0.8034658 0.05743665
vt 0.7996337 0.1031346
vt 0.7996337 0.1031346
vt 0.7693171 0.1016796
vt 0.7692494 0.143374
vt 0.8034658 0.05743665
vt 0.7693171 0.1016796
vt 0.7996337 0.1031346
vt 0.7692494 0.143374
vt 0.7693171 0.1016796
vt 0.7294686 0.09154141
vt 0.8034658 0.05743665
vt 0.7730895 0.0639708
vt 0.7693171 0.1016796
vt 0.7693171 0.1016796
vt 0.7730895 0.0639708
vt 0.7294686 0.09154141
vt 0.742613 0.4440866
vt 0.6619908 0.4507399
vt 0.6698664 0.407909
vt 0.7545105 0.4197243
vt 0.742613 0.4440866
vt 0.6698664 0.407909
vt 0.7545105 0.4197243
vt 0.6698664 0.407909
vt 0.758908 0.3476235
f 3855/3855/3855 3854/3854/3854 3853/3853/3853
f 3858/3858/3858 3857/3857/3857 3856/3856/3856
f 3861/3861/3861 3860/3860/3860 3859/3859/3859
f 3864/3864/3864 3863/3863/3863 3862/3862/3862
f 3867/3867/3867 3866/3866/3866 3865/3865/3865
f 3870/3870/3870 3869/3869/3869 3868/3868/3868
f 3873/3873/3873 3872/3872/3872 3871/3871/3871
f 3876/3876/3876 3875/3875/3875 3874/3874/3874
f 3879/3879/3879 3878/3878/3878 3877/3877/3877
f 3882/3882/3882 3881/3881/3881 3880/3880/3880
f 3885/3885/3885 3884/3884/3884 3883/3883/3883
f 3888/3888/3888 3887/3887/3887 3886/3886/3886
f 3891/3891/3891 3890/3890/3890 3889/3889/3889
f 3894/3894/3894 3893/3893/3893 3892/3892/3892
f 3897/3897/3897 3896/3896/3896 3895/3895/3895
f 3900/3900/3900 3899/3899/3899 3898/3898/3898
f 3903/3903/3903 3902/3902/3902 3901/3901/3901
f 3906/3906/3906 3905/3905/3905 3904/3904/3904
f 3909/3909/3909 3908/3908/3908 3907/3907/3907
f 3912/3912/3912 3911/3911/3911 3910/3910/3910
f 3915/3915/3915 3914/3914/3914 3913/3913/3913
f 3918/3918/3918 3917/3917/3917 3916/3916/3916
f 3921/3921/3921 3920/3920/3920 3919/3919/3919
f 3924/3924/3924 3923/3923/3923 3922/3922/3922
f 3927/3927/3927 3926/3926/3926 3925/3925/3925
f 3930/3930/3930 3929/3929/3929 3928/3928/3928
f 3933/3933/3933 3932/3932/3932 3931/3931/3931
f 3936/3936/3936 3935/3935/3935 3934/3934/3934
f 3939/3939/3939 3938/3938/3938 3937/3937/3937
f 3942/3942/3942 3941/3941/3941 3940/3940/3940
f 3945/3945/3945 3944/3944/3944 3943/3943/3943
f 3948/3948/3948 3947/3947/3947 3946/3946/3946
f 3951/3951/3951 3950/3950/3950 3949/3949/3949
f 3954/3954/3954 3953/3953/3953 3952/3952/3952
f 3957/3957/3957 3956/3956/3956 3955/3955/3955
f 3960/3960/3960 3959/3959/3959 3958/3958/3958
f 3963/3963/3963 3962/3962/3962 3961/3961/3961
f 3966/3966/3966 3965/3965/3965 3964/3964/3964
f 3969/3969/3969 3968/3968/3968 3967/3967/3967
f 3972/3972/3972 3971/3971/3971 3970/3970/3970
f 3975/3975/3975 3974/3974/3974 3973/3973/3973
f 3978/3978/3978 3977/3977/3977 3976/3976/3976
f 3981/3981/3981 3980/3980/3980 3979/3979/3979
f 3984/3984/3984 3983/3983/3983 3982/3982/3982
f 3987/3987/3987 3986/3986/3986 3985/3985/3985
f 3990/3990/3990 3989/3989/3989 3988/3988/3988
f 3993/3993/3993 3992/3992/3992 3991/3991/3991
f 3996/3996/3996 3995/3995/3995 3994/3994/3994
f 3999/3999/3999 3998/3998/3998 3997/3997/3997
f 4002/4002/4002 4001/4001/4001 4000/4000/4000
f 4005/4005/4005 4004/4004/4004 4003/4003/4003
f 4008/4008/4008 4007/4007/4007 4006/4006/4006
f 4011/4011/4011 4010/4010/4010 4009/4009/4009
f 4014/4014/4014 4013/4013/4013 4012/4012/4012
f 4017/4017/4017 4016/4016/4016 4015/4015/4015
f 4020/4020/4020 4019/4019/4019 4018/4018/4018
f 4023/4023/4023 4022/4022/4022 4021/4021/4021
f 4026/4026/4026 4025/4025/4025 4024/4024/4024
f 4029/4029/4029 4028/4028/4028 4027/4027/4027
f 4032/4032/4032 4031/4031/4031 4030/4030/4030
f 4035/4035/4035 4034/4034/4034 4033/4033/4033
f 4038/4038/4038 4037/4037/4037 4036/4036/4036
f 4041/4041/4041 4040/4040/4040 4039/4039/4039
f 4044/4044/4044 4043/4043/4043 4042/4042/4042
f 4047/4047/4047 4046/4046/4046 4045/4045/4045
f 4050/4050/4050 4049/4049/4049 4048/4048/4048
f 4053/4053/4053 4052/4052/4052 4051/4051/4051
f 4056/4056/4056 4055/4055/4055 4054/4054/4054
f 4059/4059/4059 4058/4058/4058 4057/4057/4057
f 4062/4062/4062 4061/4061/4061 4060/4060/4060
f 4065/4065/4065 4064/4064/4064 4063/4063/4063
f 4068/4068/4068 4067/4067/4067 4066/4066/4066
f 4071/4071/4071 4070/4070/4070 4069/4069/4069
f 4074/4074/4074 4073/4073/4073 4072/4072/4072
f 4077/4077/4077 4076/4076/4076 4075/4075/4075
f 4080/4080/4080 4079/4079/4079 4078/4078/4078
f 4083/4083/4083 4082/4082/4082 4081/4081/4081
f 4086/4086/4086 4085/4085/4085 4084/4084/4084
f 4089/4089/4089 4088/4088/4088 4087/4087/4087
f 4092/4092/4092 4091/4091/4091 4090/4090/4090
f 4095/4095/4095 4094/4094/4094 4093/4093/4093
f 4098/4098/4098 4097/4097/4097 4096/4096/4096
f 4101/4101/4101 4100/4100/4100 4099/4099/4099
f 4104/4104/4104 4103/4103/4103 4102/4102/4102
f 4107/4107/4107 4106/4106/4106 4105/4105/4105
f 4110/4110/4110 4109/4109/4109 4108/4108/4108
f 4113/4113/4113 4112/4112/4112 4111/4111/4111
f 4116/4116/4116 4115/4115/4115 4114/4114/4114
f 4119/4119/4119 4118/4118/4118 4117/4117/4117
f 4122/4122/4122 4121/4121/4121 4120/4120/4120
f 4125/4125/4125 4124/4124/4124 4123/4123/4123
f 4128/4128/4128 4127/4127/4127 4126/4126/4126
f 4131/4131/4131 4130/4130/4130 4129/4129/4129
f 4134/4134/4134 4133/4133/4133 4132/4132/4132
f 4137/4137/4137 4136/4136/4136 4135/4135/4135
f 4140/4140/4140 4139/4139/4139 4138/4138/4138
f 4143/4143/4143 4142/4142/4142 4141/4141/4141
f 4146/4146/4146 4145/4145/4145 4144/4144/4144
f 4149/4149/4149 4148/4148/4148 4147/4147/4147
f 4152/4152/4152 4151/4151/4151 4150/4150/4150
f 4155/4155/4155 4154/4154/4154 4153/4153/4153
f 4158/4158/4158 4157/4157/4157 4156/4156/4156
f 4161/4161/4161 4160/4160/4160 4159/4159/4159
f 4164/4164/4164 4163/4163/4163 4162/4162/4162
f 4167/4167/4167 4166/4166/4166 4165/4165/4165
f 4170/4170/4170 4169/4169/4169 4168/4168/4168
f 4173/4173/4173 4172/4172/4172 4171/4171/4171
f 4176/4176/4176 4175/4175/4175 4174/4174/4174
f 4179/4179/4179 4178/4178/4178 4177/4177/4177
f 4182/4182/4182 4181/4181/4181 4180/4180/4180
f 4185/4185/4185 4184/4184/4184 4183/4183/4183
f 4188/4188/4188 4187/4187/4187 4186/4186/4186
f 4191/4191/4191 4190/4190/4190 4189/4189/4189
f 4194/4194/4194 4193/4193/4193 4192/4192/4192
f 4197/4197/4197 4196/4196/4196 4195/4195/4195
f 4200/4200/4200 4199/4199/4199 4198/4198/4198
f 4203/4203/4203 4202/4202/4202 4201/4201/4201
f 4206/4206/4206 4205/4205/4205 4204/4204/4204
f 4209/4209/4209 4208/4208/4208 4207/4207/4207
f 4212/4212/4212 4211/4211/4211 4210/4210/4210
f 4215/4215/4215 4214/4214/4214 4213/4213/4213
f 4218/4218/4218 4217/4217/4217 4216/4216/4216
f 4221/4221/4221 4220/4220/4220 4219/4219/4219
f 4224/4224/4224 4223/4223/4223 4222/4222/4222
f 4227/4227/4227 4226/4226/4226 4225/4225/4225
f 4230/4230/4230 4229/4229/4229 4228/4228/4228
f 4233/4233/4233 4232/4232/4232 4231/4231/4231
f 4236/4236/4236 4235/4235/4235 4234/4234/4234
f 4239/4239/4239 4238/4238/4238 4237/4237/4237
f 4242/4242/4242 4241/4241/4241 4240/4240/4240
f 4245/4245/4245 4244/4244/4244 4243/4243/4243
f 4248/4248/4248 4247/4247/4247 4246/4246/4246
f 4251/4251/4251 4250/4250/4250 4249/4249/4249
f 4254/4254/4254 4253/4253/4253 4252/4252/4252
f 4257/4257/4257 4256/4256/4256 4255/4255/4255
f 4260/4260/4260 4259/4259/4259 4258/4258/4258
f 4263/4263/4263 4262/4262/4262 4261/4261/4261
f 4266/4266/4266 4265/4265/4265 4264/4264/4264
f 4269/4269/4269 4268/4268/4268 4267/4267/4267
f 4272/4272/4272 4271/4271/4271 4270/4270/4270
f 4275/4275/4275 4274/4274/4274 4273/4273/4273
f 4278/4278/4278 4277/4277/4277 4276/4276/4276
f 4281/4281/4281 4280/4280/4280 4279/4279/4279
f 4284/4284/4284 4283/4283/4283 4282/4282/4282
f 4287/4287/4287 4286/4286/4286 4285/4285/4285
f 4290/4290/4290 4289/4289/4289 4288/4288/4288
f 4293/4293/4293 4292/4292/4292 4291/4291/4291
f 4296/4296/4296 4295/4295/4295 4294/4294/4294
f 4299/4299/4299 4298/4298/4298 4297/4297/4297
f 4302/4302/4302 4301/4301/4301 4300/4300/4300
f 4305/4305/4305 4304/4304/4304 4303/4303/4303
f 4308/4308/4308 4307/4307/4307 4306/4306/4306
f 4311/4311/4311 4310/4310/4310 4309/4309/4309
f 4314/4314/4314 4313/4313/4313 4312/4312/4312
f 4317/4317/4317 4316/4316/4316 4315/4315/4315
f 4320/4320/4320 4319/4319/4319 4318/4318/4318
f 4323/4323/4323 4322/4322/4322 4321/4321/4321
f 4326/4326/4326 4325/4325/4325 4324/4324/4324
f 4329/4329/4329 4328/4328/4328 4327/4327/4327
f 4332/4332/4332 4331/4331/4331 4330/4330/4330
f 4335/4335/4335 4334/4334/4334 4333/4333/4333
f 4338/4338/4338 4337/4337/4337 4336/4336/4336
f 4341/4341/4341 4340/4340/4340 4339/4339/4339
f 4344/4344/4344 4343/4343/4343 4342/4342/4342
f 4347/4347/4347 4346/4346/4346 4345/4345/4345
f 4350/4350/4350 4349/4349/4349 4348/4348/4348
f 4353/4353/4353 4352/4352/4352 4351/4351/4351
f 4356/4356/4356 4355/4355/4355 4354/4354/4354
f 4359/4359/4359 4358/4358/4358 4357/4357/4357
f 4362/4362/4362 4361/4361/4361 4360/4360/4360
f 4365/4365/4365 4364/4364/4364 4363/4363/4363
f 4368/4368/4368 4367/4367/4367 4366/4366/4366
f 4371/4371/4371 4370/4370/4370 4369/4369/4369
f 4374/4374/4374 4373/4373/4373 4372/4372/4372
f 4377/4377/4377 4376/4376/4376 4375/4375/4375
f 4380/4380/4380 4379/4379/4379 4378/4378/4378
f 4383/4383/4383 4382/4382/4382 4381/4381/4381
f 4386/4386/4386 4385/4385/4385 4384/4384/4384
f 4389/4389/4389 4388/4388/4388 4387/4387/4387
f 4392/4392/4392 4391/4391/4391 4390/4390/4390
f 4395/4395/4395 4394/4394/4394 4393/4393/4393
f 4398/4398/4398 4397/4397/4397 4396/4396/4396
f 4401/4401/4401 4400/4400/4400 4399/4399/4399
f 4404/4404/4404 4403/4403/4403 4402/4402/4402
f 4407/4407/4407 4406/4406/4406 4405/4405/4405
f 4410/4410/4410 4409/4409/4409 4408/4408/4408
f 4413/4413/4413 4412/4412/4412 4411/4411/4411
f 4416/4416/4416 4415/4415/4415 4414/4414/4414
f 4419/4419/4419 4418/4418/4418 4417/4417/4417
f 4422/4422/4422 4421/4421/4421 4420/4420/4420
f 4425/4425/4425 4424/4424/4424 4423/4423/4423
f 4428/4428/4428 4427/4427/4427 4426/4426/4426
f 4431/4431/4431 4430/4430/4430 4429/4429/4429
f 4434/4434/4434 4433/4433/4433 4432/4432/4432
f 4437/4437/4437 4436/4436/4436 4435/4435/4435
f 4440/4440/4440 4439/4439/4439 4438/4438/4438
f 4443/4443/4443 4442/4442/4442 4441/4441/4441
f 4446/4446/4446 4445/4445/4445 4444/4444/4444
f 4449/4449/4449 4448/4448/4448 4447/4447/4447
f 4452/4452/4452 4451/4451/4451 4450/4450/4450
f 4455/4455/4455 4454/4454/4454 4453/4453/4453
f 4458/4458/4458 4457/4457/4457 4456/4456/4456
f 4461/4461/4461 4460/4460/4460 4459/4459/4459
f 4464/4464/4464 4463/4463/4463 4462/4462/4462
f 4467/4467/4467 4466/4466/4466 4465/4465/4465
f 4470/4470/4470 4469/4469/4469 4468/4468/4468
f 4473/4473/4473 4472/4472/4472 4471/4471/4471
f 4476/4476/4476 4475/4475/4475 4474/4474/4474
f 4479/4479/4479 4478/4478/4478 4477/4477/4477
f 4482/4482/4482 4481/4481/4481 4480/4480/4480
f 4485/4485/4485 4484/4484/4484 4483/4483/4483
f 4488/4488/4488 4487/4487/4487 4486/4486/4486
f 4491/4491/4491 4490/4490/4490 4489/4489/4489
f 4494/4494/4494 4493/4493/4493 4492/4492/4492
f 4497/4497/4497 4496/4496/4496 4495/4495/4495
f 4500/4500/4500 4499/4499/4499 4498/4498/4498
f 4503/4503/4503 4502/4502/4502 4501/4501/4501
f 4506/4506/4506 4505/4505/4505 4504/4504/4504
f 4509/4509/4509 4508/4508/4508 4507/4507/4507
f 4512/4512/4512 4511/4511/4511 4510/4510/4510
f 4515/4515/4515 4514/4514/4514 4513/4513/4513
f 4518/4518/4518 4517/4517/4517 4516/4516/4516
f 4521/4521/4521 4520/4520/4520 4519/4519/4519
f 4524/4524/4524 4523/4523/4523 4522/4522/4522
f 4527/4527/4527 4526/4526/4526 4525/4525/4525
f 4530/4530/4530 4529/4529/4529 4528/4528/4528
f 4533/4533/4533 4532/4532/4532 4531/4531/4531
f 4536/4536/4536 4535/4535/4535 4534/4534/4534
f 4539/4539/4539 4538/4538/4538 4537/4537/4537
f 4542/4542/4542 4541/4541/4541 4540/4540/4540
f 4545/4545/4545 4544/4544/4544 4543/4543/4543
f 4548/4548/4548 4547/4547/4547 4546/4546/4546
f 4551/4551/4551 4550/4550/4550 4549/4549/4549
f 4554/4554/4554 4553/4553/4553 4552/4552/4552
f 4557/4557/4557 4556/4556/4556 4555/4555/4555
f 4560/4560/4560 4559/4559/4559 4558/4558/4558
f 4563/4563/4563 4562/4562/4562 4561/4561/4561
f 4566/4566/4566 4565/4565/4565 4564/4564/4564
f 4569/4569/4569 4568/4568/4568 4567/4567/4567
f 4572/4572/4572 4571/4571/4571 4570/4570/4570
f 4575/4575/4575 4574/4574/4574 4573/4573/4573
f 4578/4578/4578 4577/4577/4577 4576/4576/4576
f 4581/4581/4581 4580/4580/4580 4579/4579/4579
f 4584/4584/4584 4583/4583/4583 4582/4582/4582
f 4587/4587/4587 4586/4586/4586 4585/4585/4585
f 4590/4590/4590 4589/4589/4589 4588/4588/4588
f 4593/4593/4593 4592/4592/4592 4591/4591/4591
f 4596/4596/4596 4595/4595/4595 4594/4594/4594
f 4599/4599/4599 4598/4598/4598 4597/4597/4597
f 4602/4602/4602 4601/4601/4601 4600/4600/4600
f 4605/4605/4605 4604/4604/4604 4603/4603/4603
f 4608/4608/4608 4607/4607/4607 4606/4606/4606
f 4611/4611/4611 4610/4610/4610 4609/4609/4609
f 4614/4614/4614 4613/4613/4613 4612/4612/4612
f 4617/4617/4617 4616/4616/4616 4615/4615/4615
f 4620/4620/4620 4619/4619/4619 4618/4618/4618
f 4623/4623/4623 4622/4622/4622 4621/4621/4621
f 4626/4626/4626 4625/4625/4625 4624/4624/4624
f 4629/4629/4629 4628/4628/4628 4627/4627/4627
f 4632/4632/4632 4631/4631/4631 4630/4630/4630
f 4635/4635/4635 4634/4634/4634 4633/4633/4633
f 4638/4638/4638 4637/4637/4637 4636/4636/4636
f 4641/4641/4641 4640/4640/4640 4639/4639/4639
f 4644/4644/4644 4643/4643/4643 4642/4642/4642
f 4647/4647/4647 4646/4646/4646 4645/4645/4645
f 4650/4650/4650 4649/4649/4649 4648/4648/4648
f 4653/4653/4653 4652/4652/4652 4651/4651/4651
f 4656/4656/4656 4655/4655/4655 4654/4654/4654
f 4659/4659/4659 4658/4658/4658 4657/4657/4657
f 4662/4662/4662 4661/4661/4661 4660/4660/4660
f 4665/4665/4665 4664/4664/4664 4663/4663/4663
f 4668/4668/4668 4667/4667/4667 4666/4666/4666
f 4671/4671/4671 4670/4670/4670 4669/4669/4669
f 4674/4674/4674 4673/4673/4673 4672/4672/4672
f 4677/4677/4677 4676/4676/4676 4675/4675/4675
f 4680/4680/4680 4679/4679/4679 4678/4678/4678
f 4683/4683/4683 4682/4682/4682 4681/4681/4681
f 4686/4686/4686 4685/4685/4685 4684/4684/4684
f 4689/4689/4689 4688/4688/4688 4687/4687/4687
f 4692/4692/4692 4691/4691/4691 4690/4690/4690
f 4695/4695/4695 4694/4694/4694 4693/4693/4693
f 4698/4698/4698 4697/4697/4697 4696/4696/4696
f 4701/4701/4701 4700/4700/4700 4699/4699/4699
f 4704/4704/4704 4703/4703/4703 4702/4702/4702
f 4707/4707/4707 4706/4706/4706 4705/4705/4705
f 4710/4710/4710 4709/4709/4709 4708/4708/4708
f 4713/4713/4713 4712/4712/4712 4711/4711/4711
f 4716/4716/4716 4715/4715/4715 4714/4714/4714
f 4719/4719/4719 4718/4718/4718 4717/4717/4717
f 4722/4722/4722 4721/4721/4721 4720/4720/4720
f 4725/4725/4725 4724/4724/4724 4723/4723/4723
f 4728/4728/4728 4727/4727/4727 4726/4726/4726
f 4731/4731/4731 4730/4730/4730 4729/4729/4729
f 4734/4734/4734 4733/4733/4733 4732/4732/4732
f 4737/4737/4737 4736/4736/4736 4735/4735/4735
f 4740/4740/4740 4739/4739/4739 4738/4738/4738
f 4743/4743/4743 4742/4742/4742 4741/4741/4741
f 4746/4746/4746 4745/4745/4745 4744/4744/4744
f 4749/4749/4749 4748/4748/4748 4747/4747/4747
f 4752/4752/4752 4751/4751/4751 4750/4750/4750
f 4755/4755/4755 4754/4754/4754 4753/4753/4753
f 4758/4758/4758 4757/4757/4757 4756/4756/4756
f 4761/4761/4761 4760/4760/4760 4759/4759/4759
f 4764/4764/4764 4763/4763/4763 4762/4762/4762
f 4767/4767/4767 4766/4766/4766 4765/4765/4765
f 4770/4770/4770 4769/4769/4769 4768/4768/4768
f 4773/4773/4773 4772/4772/4772 4771/4771/4771
f 4776/4776/4776 4775/4775/4775 4774/4774/4774
f 4779/4779/4779 4778/4778/4778 4777/4777/4777
f 4782/4782/4782 4781/4781/4781 4780/4780/4780
f 4785/4785/4785 4784/4784/4784 4783/4783/4783
f 4788/4788/4788 4787/4787/4787 4786/4786/4786
f 4791/4791/4791 4790/4790/4790 4789/4789/4789
f 4794/4794/4794 4793/4793/4793 4792/4792/4792
f 4797/4797/4797 4796/4796/4796 4795/4795/4795
f 4800/4800/4800 4799/4799/4799 4798/4798/4798
f 4803/4803/4803 4802/4802/4802 4801/4801/4801
f 4806/4806/4806 4805/4805/4805 4804/4804/4804
f 4809/4809/4809 4808/4808/4808 4807/4807/4807
f 4812/4812/4812 4811/4811/4811 4810/4810/4810
f 4815/4815/4815 4814/4814/4814 4813/4813/4813
f 4818/4818/4818 4817/4817/4817 4816/4816/4816
f 4821/4821/4821 4820/4820/4820 4819/4819/4819
f 4824/4824/4824 4823/4823/4823 4822/4822/4822
f 4827/4827/4827 4826/4826/4826 4825/4825/4825
f 4830/4830/4830 4829/4829/4829 4828/4828/4828
f 4833/4833/4833 4832/4832/4832 4831/4831/4831
f 4836/4836/4836 4835/4835/4835 4834/4834/4834
f 4839/4839/4839 4838/4838/4838 4837/4837/4837
f 4842/4842/4842 4841/4841/4841 4840/4840/4840
f 4845/4845/4845 4844/4844/4844 4843/4843/4843
f 4848/4848/4848 4847/4847/4847 4846/4846/4846
f 4851/4851/4851 4850/4850/4850 4849/4849/4849
f 4854/4854/4854 4853/4853/4853 4852/4852/4852
f 4857/4857/4857 4856/4856/4856 4855/4855/4855
f 4860/4860/4860 4859/4859/4859 4858/4858/4858
f 4863/4863/4863 4862/4862/4862 4861/4861/4861
f 4866/4866/4866 4865/4865/4865 4864/4864/4864
f 4869/4869/4869 4868/4868/4868 4867/4867/4867
f 4872/4872/4872 4871/4871/4871 4870/4870/4870
f 4875/4875/4875 4874/4874/4874 4873/4873/4873
f 4878/4878/4878 4877/4877/4877 4876/4876/4876
f 4881/4881/4881 4880/4880/4880 4879/4879/4879
f 4884/4884/4884 4883/4883/4883 4882/4882/4882
f 4887/4887/4887 4886/4886/4886 4885/4885/4885
f 4890/4890/4890 4889/4889/4889 4888/4888/4888
f 4893/4893/4893 4892/4892/4892 4891/4891/4891
f 4896/4896/4896 4895/4895/4895 4894/4894/4894
f 4899/4899/4899 4898/4898/4898 4897/4897/4897
f 4902/4902/4902 4901/4901/4901 4900/4900/4900
f 4905/4905/4905 4904/4904/4904 4903/4903/4903
f 4908/4908/4908 4907/4907/4907 4906/4906/4906
f 4911/4911/4911 4910/4910/4910 4909/4909/4909
f 4914/4914/4914 4913/4913/4913 4912/4912/4912
f 4917/4917/4917 4916/4916/4916 4915/4915/4915
f 4920/4920/4920 4919/4919/4919 4918/4918/4918
f 4923/4923/4923 4922/4922/4922 4921/4921/4921
f 4926/4926/4926 4925/4925/4925 4924/4924/4924
f 4929/4929/4929 4928/4928/4928 4927/4927/4927
f 4932/4932/4932 4931/4931/4931 4930/4930/4930
f 4935/4935/4935 4934/4934/4934 4933/4933/4933
f 4938/4938/4938 4937/4937/4937 4936/4936/4936
f 4941/4941/4941 4940/4940/4940 4939/4939/4939
f 4944/4944/4944 4943/4943/4943 4942/4942/4942
f 4947/4947/4947 4946/4946/4946 4945/4945/4945
f 4950/4950/4950 4949/4949/4949 4948/4948/4948
f 4953/4953/4953 4952/4952/4952 4951/4951/4951
